risk_factor_id,observation_date,evidence_type,observation_reference,qualifying_real_price,data_status,data_explanation
APPLE,2025-07-01,SYNTHETIC_ARM_LENGTH_TRANSACTION,RPO-APPLE-001,True,SYNTHETIC_RFET_EVIDENCE,Synthetic transaction or committed-quote event; not an observed public closing price
APPLE,2025-07-03,SYNTHETIC_ARM_LENGTH_TRANSACTION,RPO-APPLE-002,True,SYNTHETIC_RFET_EVIDENCE,Synthetic transaction or committed-quote event; not an observed public closing price
APPLE,2025-07-07,SYNTHETIC_ARM_LENGTH_TRANSACTION,RPO-APPLE-003,True,SYNTHETIC_RFET_EVIDENCE,Synthetic transaction or committed-quote event; not an observed public closing price
APPLE,2025-07-09,SYNTHETIC_ARM_LENGTH_TRANSACTION,RPO-APPLE-004,True,SYNTHETIC_RFET_EVIDENCE,Synthetic transaction or committed-quote event; not an observed public closing price
APPLE,2025-07-11,SYNTHETIC_ARM_LENGTH_TRANSACTION,RPO-APPLE-005,True,SYNTHETIC_RFET_EVIDENCE,Synthetic transaction or committed-quote event; not an observed public closing price
APPLE,2025-07-16,SYNTHETIC_ARM_LENGTH_TRANSACTION,RPO-APPLE-006,True,SYNTHETIC_RFET_EVIDENCE,Synthetic transaction or committed-quote event; not an observed public closing price
APPLE,2025-07-18,SYNTHETIC_ARM_LENGTH_TRANSACTION,RPO-APPLE-007,True,SYNTHETIC_RFET_EVIDENCE,Synthetic transaction or committed-quote event; not an observed public closing price
APPLE,2025-07-22,SYNTHETIC_ARM_LENGTH_TRANSACTION,RPO-APPLE-008,True,SYNTHETIC_RFET_EVIDENCE,Synthetic transaction or committed-quote event; not an observed public closing price
APPLE,2025-07-24,SYNTHETIC_ARM_LENGTH_TRANSACTION,RPO-APPLE-009,True,SYNTHETIC_RFET_EVIDENCE,Synthetic transaction or committed-quote event; not an observed public closing price
APPLE,2025-07-29,SYNTHETIC_ARM_LENGTH_TRANSACTION,RPO-APPLE-010,True,SYNTHETIC_RFET_EVIDENCE,Synthetic transaction or committed-quote event; not an observed public closing price
APPLE,2025-07-31,SYNTHETIC_ARM_LENGTH_TRANSACTION,RPO-APPLE-011,True,SYNTHETIC_RFET_EVIDENCE,Synthetic transaction or committed-quote event; not an observed public closing price
APPLE,2025-08-04,SYNTHETIC_ARM_LENGTH_TRANSACTION,RPO-APPLE-012,True,SYNTHETIC_RFET_EVIDENCE,Synthetic transaction or committed-quote event; not an observed public closing price
APPLE,2025-08-06,SYNTHETIC_ARM_LENGTH_TRANSACTION,RPO-APPLE-013,True,SYNTHETIC_RFET_EVIDENCE,Synthetic transaction or committed-quote event; not an observed public closing price
APPLE,2025-08-08,SYNTHETIC_ARM_LENGTH_TRANSACTION,RPO-APPLE-014,True,SYNTHETIC_RFET_EVIDENCE,Synthetic transaction or committed-quote event; not an observed public closing price
APPLE,2025-08-13,SYNTHETIC_ARM_LENGTH_TRANSACTION,RPO-APPLE-015,True,SYNTHETIC_RFET_EVIDENCE,Synthetic transaction or committed-quote event; not an observed public closing price
APPLE,2025-08-15,SYNTHETIC_ARM_LENGTH_TRANSACTION,RPO-APPLE-016,True,SYNTHETIC_RFET_EVIDENCE,Synthetic transaction or committed-quote event; not an observed public closing price
APPLE,2025-08-19,SYNTHETIC_ARM_LENGTH_TRANSACTION,RPO-APPLE-017,True,SYNTHETIC_RFET_EVIDENCE,Synthetic transaction or committed-quote event; not an observed public closing price
APPLE,2025-08-21,SYNTHETIC_ARM_LENGTH_TRANSACTION,RPO-APPLE-018,True,SYNTHETIC_RFET_EVIDENCE,Synthetic transaction or committed-quote event; not an observed public closing price
APPLE,2025-08-26,SYNTHETIC_ARM_LENGTH_TRANSACTION,RPO-APPLE-019,True,SYNTHETIC_RFET_EVIDENCE,Synthetic transaction or committed-quote event; not an observed public closing price
APPLE,2025-08-28,SYNTHETIC_ARM_LENGTH_TRANSACTION,RPO-APPLE-020,True,SYNTHETIC_RFET_EVIDENCE,Synthetic transaction or committed-quote event; not an observed public closing price
APPLE,2025-09-01,SYNTHETIC_ARM_LENGTH_TRANSACTION,RPO-APPLE-021,True,SYNTHETIC_RFET_EVIDENCE,Synthetic transaction or committed-quote event; not an observed public closing price
APPLE,2025-09-03,SYNTHETIC_ARM_LENGTH_TRANSACTION,RPO-APPLE-022,True,SYNTHETIC_RFET_EVIDENCE,Synthetic transaction or committed-quote event; not an observed public closing price
APPLE,2025-09-05,SYNTHETIC_ARM_LENGTH_TRANSACTION,RPO-APPLE-023,True,SYNTHETIC_RFET_EVIDENCE,Synthetic transaction or committed-quote event; not an observed public closing price
APPLE,2025-09-10,SYNTHETIC_ARM_LENGTH_TRANSACTION,RPO-APPLE-024,True,SYNTHETIC_RFET_EVIDENCE,Synthetic transaction or committed-quote event; not an observed public closing price
APPLE,2025-09-12,SYNTHETIC_ARM_LENGTH_TRANSACTION,RPO-APPLE-025,True,SYNTHETIC_RFET_EVIDENCE,Synthetic transaction or committed-quote event; not an observed public closing price
APPLE,2025-09-16,SYNTHETIC_ARM_LENGTH_TRANSACTION,RPO-APPLE-026,True,SYNTHETIC_RFET_EVIDENCE,Synthetic transaction or committed-quote event; not an observed public closing price
APPLE,2025-09-18,SYNTHETIC_ARM_LENGTH_TRANSACTION,RPO-APPLE-027,True,SYNTHETIC_RFET_EVIDENCE,Synthetic transaction or committed-quote event; not an observed public closing price
APPLE,2025-09-23,SYNTHETIC_ARM_LENGTH_TRANSACTION,RPO-APPLE-028,True,SYNTHETIC_RFET_EVIDENCE,Synthetic transaction or committed-quote event; not an observed public closing price
APPLE,2025-09-25,SYNTHETIC_ARM_LENGTH_TRANSACTION,RPO-APPLE-029,True,SYNTHETIC_RFET_EVIDENCE,Synthetic transaction or committed-quote event; not an observed public closing price
APPLE,2025-09-29,SYNTHETIC_ARM_LENGTH_TRANSACTION,RPO-APPLE-030,True,SYNTHETIC_RFET_EVIDENCE,Synthetic transaction or committed-quote event; not an observed public closing price
APPLE,2025-10-01,SYNTHETIC_ARM_LENGTH_TRANSACTION,RPO-APPLE-031,True,SYNTHETIC_RFET_EVIDENCE,Synthetic transaction or committed-quote event; not an observed public closing price
APPLE,2025-10-03,SYNTHETIC_ARM_LENGTH_TRANSACTION,RPO-APPLE-032,True,SYNTHETIC_RFET_EVIDENCE,Synthetic transaction or committed-quote event; not an observed public closing price
APPLE,2025-10-08,SYNTHETIC_ARM_LENGTH_TRANSACTION,RPO-APPLE-033,True,SYNTHETIC_RFET_EVIDENCE,Synthetic transaction or committed-quote event; not an observed public closing price
APPLE,2025-10-10,SYNTHETIC_ARM_LENGTH_TRANSACTION,RPO-APPLE-034,True,SYNTHETIC_RFET_EVIDENCE,Synthetic transaction or committed-quote event; not an observed public closing price
APPLE,2025-10-14,SYNTHETIC_ARM_LENGTH_TRANSACTION,RPO-APPLE-035,True,SYNTHETIC_RFET_EVIDENCE,Synthetic transaction or committed-quote event; not an observed public closing price
APPLE,2025-10-16,SYNTHETIC_ARM_LENGTH_TRANSACTION,RPO-APPLE-036,True,SYNTHETIC_RFET_EVIDENCE,Synthetic transaction or committed-quote event; not an observed public closing price
APPLE,2025-10-21,SYNTHETIC_ARM_LENGTH_TRANSACTION,RPO-APPLE-037,True,SYNTHETIC_RFET_EVIDENCE,Synthetic transaction or committed-quote event; not an observed public closing price
APPLE,2025-10-23,SYNTHETIC_ARM_LENGTH_TRANSACTION,RPO-APPLE-038,True,SYNTHETIC_RFET_EVIDENCE,Synthetic transaction or committed-quote event; not an observed public closing price
APPLE,2025-10-27,SYNTHETIC_ARM_LENGTH_TRANSACTION,RPO-APPLE-039,True,SYNTHETIC_RFET_EVIDENCE,Synthetic transaction or committed-quote event; not an observed public closing price
APPLE,2025-10-29,SYNTHETIC_ARM_LENGTH_TRANSACTION,RPO-APPLE-040,True,SYNTHETIC_RFET_EVIDENCE,Synthetic transaction or committed-quote event; not an observed public closing price
APPLE,2025-10-31,SYNTHETIC_ARM_LENGTH_TRANSACTION,RPO-APPLE-041,True,SYNTHETIC_RFET_EVIDENCE,Synthetic transaction or committed-quote event; not an observed public closing price
APPLE,2025-11-05,SYNTHETIC_ARM_LENGTH_TRANSACTION,RPO-APPLE-042,True,SYNTHETIC_RFET_EVIDENCE,Synthetic transaction or committed-quote event; not an observed public closing price
APPLE,2025-11-07,SYNTHETIC_ARM_LENGTH_TRANSACTION,RPO-APPLE-043,True,SYNTHETIC_RFET_EVIDENCE,Synthetic transaction or committed-quote event; not an observed public closing price
APPLE,2025-11-11,SYNTHETIC_ARM_LENGTH_TRANSACTION,RPO-APPLE-044,True,SYNTHETIC_RFET_EVIDENCE,Synthetic transaction or committed-quote event; not an observed public closing price
APPLE,2025-11-13,SYNTHETIC_ARM_LENGTH_TRANSACTION,RPO-APPLE-045,True,SYNTHETIC_RFET_EVIDENCE,Synthetic transaction or committed-quote event; not an observed public closing price
APPLE,2025-11-18,SYNTHETIC_ARM_LENGTH_TRANSACTION,RPO-APPLE-046,True,SYNTHETIC_RFET_EVIDENCE,Synthetic transaction or committed-quote event; not an observed public closing price
APPLE,2025-11-20,SYNTHETIC_ARM_LENGTH_TRANSACTION,RPO-APPLE-047,True,SYNTHETIC_RFET_EVIDENCE,Synthetic transaction or committed-quote event; not an observed public closing price
APPLE,2025-11-24,SYNTHETIC_ARM_LENGTH_TRANSACTION,RPO-APPLE-048,True,SYNTHETIC_RFET_EVIDENCE,Synthetic transaction or committed-quote event; not an observed public closing price
APPLE,2025-11-26,SYNTHETIC_ARM_LENGTH_TRANSACTION,RPO-APPLE-049,True,SYNTHETIC_RFET_EVIDENCE,Synthetic transaction or committed-quote event; not an observed public closing price
APPLE,2025-11-28,SYNTHETIC_ARM_LENGTH_TRANSACTION,RPO-APPLE-050,True,SYNTHETIC_RFET_EVIDENCE,Synthetic transaction or committed-quote event; not an observed public closing price
APPLE,2025-12-03,SYNTHETIC_ARM_LENGTH_TRANSACTION,RPO-APPLE-051,True,SYNTHETIC_RFET_EVIDENCE,Synthetic transaction or committed-quote event; not an observed public closing price
APPLE,2025-12-05,SYNTHETIC_ARM_LENGTH_TRANSACTION,RPO-APPLE-052,True,SYNTHETIC_RFET_EVIDENCE,Synthetic transaction or committed-quote event; not an observed public closing price
APPLE,2025-12-09,SYNTHETIC_ARM_LENGTH_TRANSACTION,RPO-APPLE-053,True,SYNTHETIC_RFET_EVIDENCE,Synthetic transaction or committed-quote event; not an observed public closing price
APPLE,2025-12-11,SYNTHETIC_ARM_LENGTH_TRANSACTION,RPO-APPLE-054,True,SYNTHETIC_RFET_EVIDENCE,Synthetic transaction or committed-quote event; not an observed public closing price
APPLE,2025-12-16,SYNTHETIC_ARM_LENGTH_TRANSACTION,RPO-APPLE-055,True,SYNTHETIC_RFET_EVIDENCE,Synthetic transaction or committed-quote event; not an observed public closing price
APPLE,2025-12-18,SYNTHETIC_ARM_LENGTH_TRANSACTION,RPO-APPLE-056,True,SYNTHETIC_RFET_EVIDENCE,Synthetic transaction or committed-quote event; not an observed public closing price
APPLE,2025-12-22,SYNTHETIC_ARM_LENGTH_TRANSACTION,RPO-APPLE-057,True,SYNTHETIC_RFET_EVIDENCE,Synthetic transaction or committed-quote event; not an observed public closing price
APPLE,2025-12-24,SYNTHETIC_ARM_LENGTH_TRANSACTION,RPO-APPLE-058,True,SYNTHETIC_RFET_EVIDENCE,Synthetic transaction or committed-quote event; not an observed public closing price
APPLE,2025-12-26,SYNTHETIC_ARM_LENGTH_TRANSACTION,RPO-APPLE-059,True,SYNTHETIC_RFET_EVIDENCE,Synthetic transaction or committed-quote event; not an observed public closing price
APPLE,2025-12-31,SYNTHETIC_ARM_LENGTH_TRANSACTION,RPO-APPLE-060,True,SYNTHETIC_RFET_EVIDENCE,Synthetic transaction or committed-quote event; not an observed public closing price
APPLE,2026-01-02,SYNTHETIC_ARM_LENGTH_TRANSACTION,RPO-APPLE-061,True,SYNTHETIC_RFET_EVIDENCE,Synthetic transaction or committed-quote event; not an observed public closing price
APPLE,2026-01-06,SYNTHETIC_ARM_LENGTH_TRANSACTION,RPO-APPLE-062,True,SYNTHETIC_RFET_EVIDENCE,Synthetic transaction or committed-quote event; not an observed public closing price
APPLE,2026-01-08,SYNTHETIC_ARM_LENGTH_TRANSACTION,RPO-APPLE-063,True,SYNTHETIC_RFET_EVIDENCE,Synthetic transaction or committed-quote event; not an observed public closing price
APPLE,2026-01-13,SYNTHETIC_ARM_LENGTH_TRANSACTION,RPO-APPLE-064,True,SYNTHETIC_RFET_EVIDENCE,Synthetic transaction or committed-quote event; not an observed public closing price
APPLE,2026-01-15,SYNTHETIC_ARM_LENGTH_TRANSACTION,RPO-APPLE-065,True,SYNTHETIC_RFET_EVIDENCE,Synthetic transaction or committed-quote event; not an observed public closing price
APPLE,2026-01-19,SYNTHETIC_ARM_LENGTH_TRANSACTION,RPO-APPLE-066,True,SYNTHETIC_RFET_EVIDENCE,Synthetic transaction or committed-quote event; not an observed public closing price
APPLE,2026-01-21,SYNTHETIC_ARM_LENGTH_TRANSACTION,RPO-APPLE-067,True,SYNTHETIC_RFET_EVIDENCE,Synthetic transaction or committed-quote event; not an observed public closing price
APPLE,2026-01-23,SYNTHETIC_ARM_LENGTH_TRANSACTION,RPO-APPLE-068,True,SYNTHETIC_RFET_EVIDENCE,Synthetic transaction or committed-quote event; not an observed public closing price
APPLE,2026-01-28,SYNTHETIC_ARM_LENGTH_TRANSACTION,RPO-APPLE-069,True,SYNTHETIC_RFET_EVIDENCE,Synthetic transaction or committed-quote event; not an observed public closing price
APPLE,2026-01-30,SYNTHETIC_ARM_LENGTH_TRANSACTION,RPO-APPLE-070,True,SYNTHETIC_RFET_EVIDENCE,Synthetic transaction or committed-quote event; not an observed public closing price
APPLE,2026-02-03,SYNTHETIC_ARM_LENGTH_TRANSACTION,RPO-APPLE-071,True,SYNTHETIC_RFET_EVIDENCE,Synthetic transaction or committed-quote event; not an observed public closing price
APPLE,2026-02-05,SYNTHETIC_ARM_LENGTH_TRANSACTION,RPO-APPLE-072,True,SYNTHETIC_RFET_EVIDENCE,Synthetic transaction or committed-quote event; not an observed public closing price
APPLE,2026-02-10,SYNTHETIC_ARM_LENGTH_TRANSACTION,RPO-APPLE-073,True,SYNTHETIC_RFET_EVIDENCE,Synthetic transaction or committed-quote event; not an observed public closing price
APPLE,2026-02-12,SYNTHETIC_ARM_LENGTH_TRANSACTION,RPO-APPLE-074,True,SYNTHETIC_RFET_EVIDENCE,Synthetic transaction or committed-quote event; not an observed public closing price
APPLE,2026-02-16,SYNTHETIC_ARM_LENGTH_TRANSACTION,RPO-APPLE-075,True,SYNTHETIC_RFET_EVIDENCE,Synthetic transaction or committed-quote event; not an observed public closing price
APPLE,2026-02-18,SYNTHETIC_ARM_LENGTH_TRANSACTION,RPO-APPLE-076,True,SYNTHETIC_RFET_EVIDENCE,Synthetic transaction or committed-quote event; not an observed public closing price
APPLE,2026-02-20,SYNTHETIC_ARM_LENGTH_TRANSACTION,RPO-APPLE-077,True,SYNTHETIC_RFET_EVIDENCE,Synthetic transaction or committed-quote event; not an observed public closing price
APPLE,2026-02-25,SYNTHETIC_ARM_LENGTH_TRANSACTION,RPO-APPLE-078,True,SYNTHETIC_RFET_EVIDENCE,Synthetic transaction or committed-quote event; not an observed public closing price
APPLE,2026-02-27,SYNTHETIC_ARM_LENGTH_TRANSACTION,RPO-APPLE-079,True,SYNTHETIC_RFET_EVIDENCE,Synthetic transaction or committed-quote event; not an observed public closing price
APPLE,2026-03-03,SYNTHETIC_ARM_LENGTH_TRANSACTION,RPO-APPLE-080,True,SYNTHETIC_RFET_EVIDENCE,Synthetic transaction or committed-quote event; not an observed public closing price
APPLE,2026-03-05,SYNTHETIC_ARM_LENGTH_TRANSACTION,RPO-APPLE-081,True,SYNTHETIC_RFET_EVIDENCE,Synthetic transaction or committed-quote event; not an observed public closing price
APPLE,2026-03-10,SYNTHETIC_ARM_LENGTH_TRANSACTION,RPO-APPLE-082,True,SYNTHETIC_RFET_EVIDENCE,Synthetic transaction or committed-quote event; not an observed public closing price
APPLE,2026-03-12,SYNTHETIC_ARM_LENGTH_TRANSACTION,RPO-APPLE-083,True,SYNTHETIC_RFET_EVIDENCE,Synthetic transaction or committed-quote event; not an observed public closing price
APPLE,2026-03-16,SYNTHETIC_ARM_LENGTH_TRANSACTION,RPO-APPLE-084,True,SYNTHETIC_RFET_EVIDENCE,Synthetic transaction or committed-quote event; not an observed public closing price
APPLE,2026-03-18,SYNTHETIC_ARM_LENGTH_TRANSACTION,RPO-APPLE-085,True,SYNTHETIC_RFET_EVIDENCE,Synthetic transaction or committed-quote event; not an observed public closing price
APPLE,2026-03-20,SYNTHETIC_ARM_LENGTH_TRANSACTION,RPO-APPLE-086,True,SYNTHETIC_RFET_EVIDENCE,Synthetic transaction or committed-quote event; not an observed public closing price
APPLE,2026-03-25,SYNTHETIC_ARM_LENGTH_TRANSACTION,RPO-APPLE-087,True,SYNTHETIC_RFET_EVIDENCE,Synthetic transaction or committed-quote event; not an observed public closing price
APPLE,2026-03-27,SYNTHETIC_ARM_LENGTH_TRANSACTION,RPO-APPLE-088,True,SYNTHETIC_RFET_EVIDENCE,Synthetic transaction or committed-quote event; not an observed public closing price
APPLE,2026-03-31,SYNTHETIC_ARM_LENGTH_TRANSACTION,RPO-APPLE-089,True,SYNTHETIC_RFET_EVIDENCE,Synthetic transaction or committed-quote event; not an observed public closing price
APPLE,2026-04-02,SYNTHETIC_ARM_LENGTH_TRANSACTION,RPO-APPLE-090,True,SYNTHETIC_RFET_EVIDENCE,Synthetic transaction or committed-quote event; not an observed public closing price
APPLE,2026-04-07,SYNTHETIC_ARM_LENGTH_TRANSACTION,RPO-APPLE-091,True,SYNTHETIC_RFET_EVIDENCE,Synthetic transaction or committed-quote event; not an observed public closing price
APPLE,2026-04-09,SYNTHETIC_ARM_LENGTH_TRANSACTION,RPO-APPLE-092,True,SYNTHETIC_RFET_EVIDENCE,Synthetic transaction or committed-quote event; not an observed public closing price
APPLE,2026-04-13,SYNTHETIC_ARM_LENGTH_TRANSACTION,RPO-APPLE-093,True,SYNTHETIC_RFET_EVIDENCE,Synthetic transaction or committed-quote event; not an observed public closing price
APPLE,2026-04-15,SYNTHETIC_ARM_LENGTH_TRANSACTION,RPO-APPLE-094,True,SYNTHETIC_RFET_EVIDENCE,Synthetic transaction or committed-quote event; not an observed public closing price
APPLE,2026-04-17,SYNTHETIC_ARM_LENGTH_TRANSACTION,RPO-APPLE-095,True,SYNTHETIC_RFET_EVIDENCE,Synthetic transaction or committed-quote event; not an observed public closing price
APPLE,2026-04-22,SYNTHETIC_ARM_LENGTH_TRANSACTION,RPO-APPLE-096,True,SYNTHETIC_RFET_EVIDENCE,Synthetic transaction or committed-quote event; not an observed public closing price
APPLE,2026-04-24,SYNTHETIC_ARM_LENGTH_TRANSACTION,RPO-APPLE-097,True,SYNTHETIC_RFET_EVIDENCE,Synthetic transaction or committed-quote event; not an observed public closing price
APPLE,2026-04-28,SYNTHETIC_ARM_LENGTH_TRANSACTION,RPO-APPLE-098,True,SYNTHETIC_RFET_EVIDENCE,Synthetic transaction or committed-quote event; not an observed public closing price
APPLE,2026-04-30,SYNTHETIC_ARM_LENGTH_TRANSACTION,RPO-APPLE-099,True,SYNTHETIC_RFET_EVIDENCE,Synthetic transaction or committed-quote event; not an observed public closing price
APPLE,2026-05-05,SYNTHETIC_ARM_LENGTH_TRANSACTION,RPO-APPLE-100,True,SYNTHETIC_RFET_EVIDENCE,Synthetic transaction or committed-quote event; not an observed public closing price
APPLE,2026-05-07,SYNTHETIC_ARM_LENGTH_TRANSACTION,RPO-APPLE-101,True,SYNTHETIC_RFET_EVIDENCE,Synthetic transaction or committed-quote event; not an observed public closing price
APPLE,2026-05-11,SYNTHETIC_ARM_LENGTH_TRANSACTION,RPO-APPLE-102,True,SYNTHETIC_RFET_EVIDENCE,Synthetic transaction or committed-quote event; not an observed public closing price
APPLE,2026-05-13,SYNTHETIC_ARM_LENGTH_TRANSACTION,RPO-APPLE-103,True,SYNTHETIC_RFET_EVIDENCE,Synthetic transaction or committed-quote event; not an observed public closing price
APPLE,2026-05-15,SYNTHETIC_ARM_LENGTH_TRANSACTION,RPO-APPLE-104,True,SYNTHETIC_RFET_EVIDENCE,Synthetic transaction or committed-quote event; not an observed public closing price
APPLE,2026-05-20,SYNTHETIC_ARM_LENGTH_TRANSACTION,RPO-APPLE-105,True,SYNTHETIC_RFET_EVIDENCE,Synthetic transaction or committed-quote event; not an observed public closing price
APPLE,2026-05-22,SYNTHETIC_ARM_LENGTH_TRANSACTION,RPO-APPLE-106,True,SYNTHETIC_RFET_EVIDENCE,Synthetic transaction or committed-quote event; not an observed public closing price
APPLE,2026-05-26,SYNTHETIC_ARM_LENGTH_TRANSACTION,RPO-APPLE-107,True,SYNTHETIC_RFET_EVIDENCE,Synthetic transaction or committed-quote event; not an observed public closing price
APPLE,2026-05-28,SYNTHETIC_ARM_LENGTH_TRANSACTION,RPO-APPLE-108,True,SYNTHETIC_RFET_EVIDENCE,Synthetic transaction or committed-quote event; not an observed public closing price
APPLE,2026-06-02,SYNTHETIC_ARM_LENGTH_TRANSACTION,RPO-APPLE-109,True,SYNTHETIC_RFET_EVIDENCE,Synthetic transaction or committed-quote event; not an observed public closing price
APPLE,2026-06-04,SYNTHETIC_ARM_LENGTH_TRANSACTION,RPO-APPLE-110,True,SYNTHETIC_RFET_EVIDENCE,Synthetic transaction or committed-quote event; not an observed public closing price
APPLE,2026-06-08,SYNTHETIC_ARM_LENGTH_TRANSACTION,RPO-APPLE-111,True,SYNTHETIC_RFET_EVIDENCE,Synthetic transaction or committed-quote event; not an observed public closing price
APPLE,2026-06-10,SYNTHETIC_ARM_LENGTH_TRANSACTION,RPO-APPLE-112,True,SYNTHETIC_RFET_EVIDENCE,Synthetic transaction or committed-quote event; not an observed public closing price
APPLE,2026-06-12,SYNTHETIC_ARM_LENGTH_TRANSACTION,RPO-APPLE-113,True,SYNTHETIC_RFET_EVIDENCE,Synthetic transaction or committed-quote event; not an observed public closing price
APPLE,2026-06-17,SYNTHETIC_ARM_LENGTH_TRANSACTION,RPO-APPLE-114,True,SYNTHETIC_RFET_EVIDENCE,Synthetic transaction or committed-quote event; not an observed public closing price
APPLE,2026-06-19,SYNTHETIC_ARM_LENGTH_TRANSACTION,RPO-APPLE-115,True,SYNTHETIC_RFET_EVIDENCE,Synthetic transaction or committed-quote event; not an observed public closing price
APPLE,2026-06-23,SYNTHETIC_ARM_LENGTH_TRANSACTION,RPO-APPLE-116,True,SYNTHETIC_RFET_EVIDENCE,Synthetic transaction or committed-quote event; not an observed public closing price
APPLE,2026-06-25,SYNTHETIC_ARM_LENGTH_TRANSACTION,RPO-APPLE-117,True,SYNTHETIC_RFET_EVIDENCE,Synthetic transaction or committed-quote event; not an observed public closing price
APPLE,2026-06-30,SYNTHETIC_ARM_LENGTH_TRANSACTION,RPO-APPLE-118,True,SYNTHETIC_RFET_EVIDENCE,Synthetic transaction or committed-quote event; not an observed public closing price
AXIS_BANK_5.0Y,2025-07-01,SYNTHETIC_COMMITTED_QUOTE,RPO-AXIS_BANK_5.0Y-001,True,SYNTHETIC_RFET_EVIDENCE,Synthetic transaction or committed-quote event; not an observed public closing price
AXIS_BANK_5.0Y,2025-07-11,SYNTHETIC_COMMITTED_QUOTE,RPO-AXIS_BANK_5.0Y-002,True,SYNTHETIC_RFET_EVIDENCE,Synthetic transaction or committed-quote event; not an observed public closing price
AXIS_BANK_5.0Y,2025-07-23,SYNTHETIC_COMMITTED_QUOTE,RPO-AXIS_BANK_5.0Y-003,True,SYNTHETIC_RFET_EVIDENCE,Synthetic transaction or committed-quote event; not an observed public closing price
AXIS_BANK_5.0Y,2025-08-05,SYNTHETIC_COMMITTED_QUOTE,RPO-AXIS_BANK_5.0Y-004,True,SYNTHETIC_RFET_EVIDENCE,Synthetic transaction or committed-quote event; not an observed public closing price
AXIS_BANK_5.0Y,2025-08-15,SYNTHETIC_COMMITTED_QUOTE,RPO-AXIS_BANK_5.0Y-005,True,SYNTHETIC_RFET_EVIDENCE,Synthetic transaction or committed-quote event; not an observed public closing price
AXIS_BANK_5.0Y,2025-08-27,SYNTHETIC_COMMITTED_QUOTE,RPO-AXIS_BANK_5.0Y-006,True,SYNTHETIC_RFET_EVIDENCE,Synthetic transaction or committed-quote event; not an observed public closing price
AXIS_BANK_5.0Y,2025-09-09,SYNTHETIC_COMMITTED_QUOTE,RPO-AXIS_BANK_5.0Y-007,True,SYNTHETIC_RFET_EVIDENCE,Synthetic transaction or committed-quote event; not an observed public closing price
AXIS_BANK_5.0Y,2025-09-19,SYNTHETIC_COMMITTED_QUOTE,RPO-AXIS_BANK_5.0Y-008,True,SYNTHETIC_RFET_EVIDENCE,Synthetic transaction or committed-quote event; not an observed public closing price
AXIS_BANK_5.0Y,2025-10-02,SYNTHETIC_COMMITTED_QUOTE,RPO-AXIS_BANK_5.0Y-009,True,SYNTHETIC_RFET_EVIDENCE,Synthetic transaction or committed-quote event; not an observed public closing price
AXIS_BANK_5.0Y,2025-10-14,SYNTHETIC_COMMITTED_QUOTE,RPO-AXIS_BANK_5.0Y-010,True,SYNTHETIC_RFET_EVIDENCE,Synthetic transaction or committed-quote event; not an observed public closing price
AXIS_BANK_5.0Y,2025-10-24,SYNTHETIC_COMMITTED_QUOTE,RPO-AXIS_BANK_5.0Y-011,True,SYNTHETIC_RFET_EVIDENCE,Synthetic transaction or committed-quote event; not an observed public closing price
AXIS_BANK_5.0Y,2025-11-06,SYNTHETIC_COMMITTED_QUOTE,RPO-AXIS_BANK_5.0Y-012,True,SYNTHETIC_RFET_EVIDENCE,Synthetic transaction or committed-quote event; not an observed public closing price
AXIS_BANK_5.0Y,2025-11-18,SYNTHETIC_COMMITTED_QUOTE,RPO-AXIS_BANK_5.0Y-013,True,SYNTHETIC_RFET_EVIDENCE,Synthetic transaction or committed-quote event; not an observed public closing price
AXIS_BANK_5.0Y,2025-12-01,SYNTHETIC_COMMITTED_QUOTE,RPO-AXIS_BANK_5.0Y-014,True,SYNTHETIC_RFET_EVIDENCE,Synthetic transaction or committed-quote event; not an observed public closing price
AXIS_BANK_5.0Y,2025-12-11,SYNTHETIC_COMMITTED_QUOTE,RPO-AXIS_BANK_5.0Y-015,True,SYNTHETIC_RFET_EVIDENCE,Synthetic transaction or committed-quote event; not an observed public closing price
AXIS_BANK_5.0Y,2025-12-23,SYNTHETIC_COMMITTED_QUOTE,RPO-AXIS_BANK_5.0Y-016,True,SYNTHETIC_RFET_EVIDENCE,Synthetic transaction or committed-quote event; not an observed public closing price
AXIS_BANK_5.0Y,2026-01-05,SYNTHETIC_COMMITTED_QUOTE,RPO-AXIS_BANK_5.0Y-017,True,SYNTHETIC_RFET_EVIDENCE,Synthetic transaction or committed-quote event; not an observed public closing price
AXIS_BANK_5.0Y,2026-01-15,SYNTHETIC_COMMITTED_QUOTE,RPO-AXIS_BANK_5.0Y-018,True,SYNTHETIC_RFET_EVIDENCE,Synthetic transaction or committed-quote event; not an observed public closing price
AXIS_BANK_5.0Y,2026-01-27,SYNTHETIC_COMMITTED_QUOTE,RPO-AXIS_BANK_5.0Y-019,True,SYNTHETIC_RFET_EVIDENCE,Synthetic transaction or committed-quote event; not an observed public closing price
AXIS_BANK_5.0Y,2026-02-09,SYNTHETIC_COMMITTED_QUOTE,RPO-AXIS_BANK_5.0Y-020,True,SYNTHETIC_RFET_EVIDENCE,Synthetic transaction or committed-quote event; not an observed public closing price
AXIS_BANK_5.0Y,2026-02-19,SYNTHETIC_COMMITTED_QUOTE,RPO-AXIS_BANK_5.0Y-021,True,SYNTHETIC_RFET_EVIDENCE,Synthetic transaction or committed-quote event; not an observed public closing price
AXIS_BANK_5.0Y,2026-03-04,SYNTHETIC_COMMITTED_QUOTE,RPO-AXIS_BANK_5.0Y-022,True,SYNTHETIC_RFET_EVIDENCE,Synthetic transaction or committed-quote event; not an observed public closing price
AXIS_BANK_5.0Y,2026-03-16,SYNTHETIC_COMMITTED_QUOTE,RPO-AXIS_BANK_5.0Y-023,True,SYNTHETIC_RFET_EVIDENCE,Synthetic transaction or committed-quote event; not an observed public closing price
AXIS_BANK_5.0Y,2026-03-26,SYNTHETIC_COMMITTED_QUOTE,RPO-AXIS_BANK_5.0Y-024,True,SYNTHETIC_RFET_EVIDENCE,Synthetic transaction or committed-quote event; not an observed public closing price
AXIS_BANK_5.0Y,2026-04-08,SYNTHETIC_COMMITTED_QUOTE,RPO-AXIS_BANK_5.0Y-025,True,SYNTHETIC_RFET_EVIDENCE,Synthetic transaction or committed-quote event; not an observed public closing price
AXIS_BANK_5.0Y,2026-04-20,SYNTHETIC_COMMITTED_QUOTE,RPO-AXIS_BANK_5.0Y-026,True,SYNTHETIC_RFET_EVIDENCE,Synthetic transaction or committed-quote event; not an observed public closing price
AXIS_BANK_5.0Y,2026-05-01,SYNTHETIC_COMMITTED_QUOTE,RPO-AXIS_BANK_5.0Y-027,True,SYNTHETIC_RFET_EVIDENCE,Synthetic transaction or committed-quote event; not an observed public closing price
AXIS_BANK_5.0Y,2026-05-13,SYNTHETIC_COMMITTED_QUOTE,RPO-AXIS_BANK_5.0Y-028,True,SYNTHETIC_RFET_EVIDENCE,Synthetic transaction or committed-quote event; not an observed public closing price
AXIS_BANK_5.0Y,2026-05-25,SYNTHETIC_COMMITTED_QUOTE,RPO-AXIS_BANK_5.0Y-029,True,SYNTHETIC_RFET_EVIDENCE,Synthetic transaction or committed-quote event; not an observed public closing price
AXIS_BANK_5.0Y,2026-06-05,SYNTHETIC_COMMITTED_QUOTE,RPO-AXIS_BANK_5.0Y-030,True,SYNTHETIC_RFET_EVIDENCE,Synthetic transaction or committed-quote event; not an observed public closing price
AXIS_BANK_5.0Y,2026-06-17,SYNTHETIC_COMMITTED_QUOTE,RPO-AXIS_BANK_5.0Y-031,True,SYNTHETIC_RFET_EVIDENCE,Synthetic transaction or committed-quote event; not an observed public closing price
AXIS_BANK_5.0Y,2026-06-30,SYNTHETIC_COMMITTED_QUOTE,RPO-AXIS_BANK_5.0Y-032,True,SYNTHETIC_RFET_EVIDENCE,Synthetic transaction or committed-quote event; not an observed public closing price
BRENT_0.25Y_GLOBAL,2025-07-01,SYNTHETIC_ARM_LENGTH_TRANSACTION,RPO-BRENT_0.25Y_GLOBAL-001,True,SYNTHETIC_RFET_EVIDENCE,Synthetic transaction or committed-quote event; not an observed public closing price
BRENT_0.25Y_GLOBAL,2025-07-03,SYNTHETIC_ARM_LENGTH_TRANSACTION,RPO-BRENT_0.25Y_GLOBAL-002,True,SYNTHETIC_RFET_EVIDENCE,Synthetic transaction or committed-quote event; not an observed public closing price
BRENT_0.25Y_GLOBAL,2025-07-07,SYNTHETIC_ARM_LENGTH_TRANSACTION,RPO-BRENT_0.25Y_GLOBAL-003,True,SYNTHETIC_RFET_EVIDENCE,Synthetic transaction or committed-quote event; not an observed public closing price
BRENT_0.25Y_GLOBAL,2025-07-09,SYNTHETIC_ARM_LENGTH_TRANSACTION,RPO-BRENT_0.25Y_GLOBAL-004,True,SYNTHETIC_RFET_EVIDENCE,Synthetic transaction or committed-quote event; not an observed public closing price
BRENT_0.25Y_GLOBAL,2025-07-11,SYNTHETIC_ARM_LENGTH_TRANSACTION,RPO-BRENT_0.25Y_GLOBAL-005,True,SYNTHETIC_RFET_EVIDENCE,Synthetic transaction or committed-quote event; not an observed public closing price
BRENT_0.25Y_GLOBAL,2025-07-16,SYNTHETIC_ARM_LENGTH_TRANSACTION,RPO-BRENT_0.25Y_GLOBAL-006,True,SYNTHETIC_RFET_EVIDENCE,Synthetic transaction or committed-quote event; not an observed public closing price
BRENT_0.25Y_GLOBAL,2025-07-18,SYNTHETIC_ARM_LENGTH_TRANSACTION,RPO-BRENT_0.25Y_GLOBAL-007,True,SYNTHETIC_RFET_EVIDENCE,Synthetic transaction or committed-quote event; not an observed public closing price
BRENT_0.25Y_GLOBAL,2025-07-22,SYNTHETIC_ARM_LENGTH_TRANSACTION,RPO-BRENT_0.25Y_GLOBAL-008,True,SYNTHETIC_RFET_EVIDENCE,Synthetic transaction or committed-quote event; not an observed public closing price
BRENT_0.25Y_GLOBAL,2025-07-24,SYNTHETIC_ARM_LENGTH_TRANSACTION,RPO-BRENT_0.25Y_GLOBAL-009,True,SYNTHETIC_RFET_EVIDENCE,Synthetic transaction or committed-quote event; not an observed public closing price
BRENT_0.25Y_GLOBAL,2025-07-29,SYNTHETIC_ARM_LENGTH_TRANSACTION,RPO-BRENT_0.25Y_GLOBAL-010,True,SYNTHETIC_RFET_EVIDENCE,Synthetic transaction or committed-quote event; not an observed public closing price
BRENT_0.25Y_GLOBAL,2025-07-31,SYNTHETIC_ARM_LENGTH_TRANSACTION,RPO-BRENT_0.25Y_GLOBAL-011,True,SYNTHETIC_RFET_EVIDENCE,Synthetic transaction or committed-quote event; not an observed public closing price
BRENT_0.25Y_GLOBAL,2025-08-04,SYNTHETIC_ARM_LENGTH_TRANSACTION,RPO-BRENT_0.25Y_GLOBAL-012,True,SYNTHETIC_RFET_EVIDENCE,Synthetic transaction or committed-quote event; not an observed public closing price
BRENT_0.25Y_GLOBAL,2025-08-06,SYNTHETIC_ARM_LENGTH_TRANSACTION,RPO-BRENT_0.25Y_GLOBAL-013,True,SYNTHETIC_RFET_EVIDENCE,Synthetic transaction or committed-quote event; not an observed public closing price
BRENT_0.25Y_GLOBAL,2025-08-08,SYNTHETIC_ARM_LENGTH_TRANSACTION,RPO-BRENT_0.25Y_GLOBAL-014,True,SYNTHETIC_RFET_EVIDENCE,Synthetic transaction or committed-quote event; not an observed public closing price
BRENT_0.25Y_GLOBAL,2025-08-13,SYNTHETIC_ARM_LENGTH_TRANSACTION,RPO-BRENT_0.25Y_GLOBAL-015,True,SYNTHETIC_RFET_EVIDENCE,Synthetic transaction or committed-quote event; not an observed public closing price
BRENT_0.25Y_GLOBAL,2025-08-15,SYNTHETIC_ARM_LENGTH_TRANSACTION,RPO-BRENT_0.25Y_GLOBAL-016,True,SYNTHETIC_RFET_EVIDENCE,Synthetic transaction or committed-quote event; not an observed public closing price
BRENT_0.25Y_GLOBAL,2025-08-19,SYNTHETIC_ARM_LENGTH_TRANSACTION,RPO-BRENT_0.25Y_GLOBAL-017,True,SYNTHETIC_RFET_EVIDENCE,Synthetic transaction or committed-quote event; not an observed public closing price
BRENT_0.25Y_GLOBAL,2025-08-21,SYNTHETIC_ARM_LENGTH_TRANSACTION,RPO-BRENT_0.25Y_GLOBAL-018,True,SYNTHETIC_RFET_EVIDENCE,Synthetic transaction or committed-quote event; not an observed public closing price
BRENT_0.25Y_GLOBAL,2025-08-26,SYNTHETIC_ARM_LENGTH_TRANSACTION,RPO-BRENT_0.25Y_GLOBAL-019,True,SYNTHETIC_RFET_EVIDENCE,Synthetic transaction or committed-quote event; not an observed public closing price
BRENT_0.25Y_GLOBAL,2025-08-28,SYNTHETIC_ARM_LENGTH_TRANSACTION,RPO-BRENT_0.25Y_GLOBAL-020,True,SYNTHETIC_RFET_EVIDENCE,Synthetic transaction or committed-quote event; not an observed public closing price
BRENT_0.25Y_GLOBAL,2025-09-01,SYNTHETIC_ARM_LENGTH_TRANSACTION,RPO-BRENT_0.25Y_GLOBAL-021,True,SYNTHETIC_RFET_EVIDENCE,Synthetic transaction or committed-quote event; not an observed public closing price
BRENT_0.25Y_GLOBAL,2025-09-03,SYNTHETIC_ARM_LENGTH_TRANSACTION,RPO-BRENT_0.25Y_GLOBAL-022,True,SYNTHETIC_RFET_EVIDENCE,Synthetic transaction or committed-quote event; not an observed public closing price
BRENT_0.25Y_GLOBAL,2025-09-05,SYNTHETIC_ARM_LENGTH_TRANSACTION,RPO-BRENT_0.25Y_GLOBAL-023,True,SYNTHETIC_RFET_EVIDENCE,Synthetic transaction or committed-quote event; not an observed public closing price
BRENT_0.25Y_GLOBAL,2025-09-10,SYNTHETIC_ARM_LENGTH_TRANSACTION,RPO-BRENT_0.25Y_GLOBAL-024,True,SYNTHETIC_RFET_EVIDENCE,Synthetic transaction or committed-quote event; not an observed public closing price
BRENT_0.25Y_GLOBAL,2025-09-12,SYNTHETIC_ARM_LENGTH_TRANSACTION,RPO-BRENT_0.25Y_GLOBAL-025,True,SYNTHETIC_RFET_EVIDENCE,Synthetic transaction or committed-quote event; not an observed public closing price
BRENT_0.25Y_GLOBAL,2025-09-16,SYNTHETIC_ARM_LENGTH_TRANSACTION,RPO-BRENT_0.25Y_GLOBAL-026,True,SYNTHETIC_RFET_EVIDENCE,Synthetic transaction or committed-quote event; not an observed public closing price
BRENT_0.25Y_GLOBAL,2025-09-18,SYNTHETIC_ARM_LENGTH_TRANSACTION,RPO-BRENT_0.25Y_GLOBAL-027,True,SYNTHETIC_RFET_EVIDENCE,Synthetic transaction or committed-quote event; not an observed public closing price
BRENT_0.25Y_GLOBAL,2025-09-23,SYNTHETIC_ARM_LENGTH_TRANSACTION,RPO-BRENT_0.25Y_GLOBAL-028,True,SYNTHETIC_RFET_EVIDENCE,Synthetic transaction or committed-quote event; not an observed public closing price
BRENT_0.25Y_GLOBAL,2025-09-25,SYNTHETIC_ARM_LENGTH_TRANSACTION,RPO-BRENT_0.25Y_GLOBAL-029,True,SYNTHETIC_RFET_EVIDENCE,Synthetic transaction or committed-quote event; not an observed public closing price
BRENT_0.25Y_GLOBAL,2025-09-29,SYNTHETIC_ARM_LENGTH_TRANSACTION,RPO-BRENT_0.25Y_GLOBAL-030,True,SYNTHETIC_RFET_EVIDENCE,Synthetic transaction or committed-quote event; not an observed public closing price
BRENT_0.25Y_GLOBAL,2025-10-01,SYNTHETIC_ARM_LENGTH_TRANSACTION,RPO-BRENT_0.25Y_GLOBAL-031,True,SYNTHETIC_RFET_EVIDENCE,Synthetic transaction or committed-quote event; not an observed public closing price
BRENT_0.25Y_GLOBAL,2025-10-03,SYNTHETIC_ARM_LENGTH_TRANSACTION,RPO-BRENT_0.25Y_GLOBAL-032,True,SYNTHETIC_RFET_EVIDENCE,Synthetic transaction or committed-quote event; not an observed public closing price
BRENT_0.25Y_GLOBAL,2025-10-08,SYNTHETIC_ARM_LENGTH_TRANSACTION,RPO-BRENT_0.25Y_GLOBAL-033,True,SYNTHETIC_RFET_EVIDENCE,Synthetic transaction or committed-quote event; not an observed public closing price
BRENT_0.25Y_GLOBAL,2025-10-10,SYNTHETIC_ARM_LENGTH_TRANSACTION,RPO-BRENT_0.25Y_GLOBAL-034,True,SYNTHETIC_RFET_EVIDENCE,Synthetic transaction or committed-quote event; not an observed public closing price
BRENT_0.25Y_GLOBAL,2025-10-14,SYNTHETIC_ARM_LENGTH_TRANSACTION,RPO-BRENT_0.25Y_GLOBAL-035,True,SYNTHETIC_RFET_EVIDENCE,Synthetic transaction or committed-quote event; not an observed public closing price
BRENT_0.25Y_GLOBAL,2025-10-16,SYNTHETIC_ARM_LENGTH_TRANSACTION,RPO-BRENT_0.25Y_GLOBAL-036,True,SYNTHETIC_RFET_EVIDENCE,Synthetic transaction or committed-quote event; not an observed public closing price
BRENT_0.25Y_GLOBAL,2025-10-21,SYNTHETIC_ARM_LENGTH_TRANSACTION,RPO-BRENT_0.25Y_GLOBAL-037,True,SYNTHETIC_RFET_EVIDENCE,Synthetic transaction or committed-quote event; not an observed public closing price
BRENT_0.25Y_GLOBAL,2025-10-23,SYNTHETIC_ARM_LENGTH_TRANSACTION,RPO-BRENT_0.25Y_GLOBAL-038,True,SYNTHETIC_RFET_EVIDENCE,Synthetic transaction or committed-quote event; not an observed public closing price
BRENT_0.25Y_GLOBAL,2025-10-27,SYNTHETIC_ARM_LENGTH_TRANSACTION,RPO-BRENT_0.25Y_GLOBAL-039,True,SYNTHETIC_RFET_EVIDENCE,Synthetic transaction or committed-quote event; not an observed public closing price
BRENT_0.25Y_GLOBAL,2025-10-29,SYNTHETIC_ARM_LENGTH_TRANSACTION,RPO-BRENT_0.25Y_GLOBAL-040,True,SYNTHETIC_RFET_EVIDENCE,Synthetic transaction or committed-quote event; not an observed public closing price
BRENT_0.25Y_GLOBAL,2025-10-31,SYNTHETIC_ARM_LENGTH_TRANSACTION,RPO-BRENT_0.25Y_GLOBAL-041,True,SYNTHETIC_RFET_EVIDENCE,Synthetic transaction or committed-quote event; not an observed public closing price
BRENT_0.25Y_GLOBAL,2025-11-05,SYNTHETIC_ARM_LENGTH_TRANSACTION,RPO-BRENT_0.25Y_GLOBAL-042,True,SYNTHETIC_RFET_EVIDENCE,Synthetic transaction or committed-quote event; not an observed public closing price
BRENT_0.25Y_GLOBAL,2025-11-07,SYNTHETIC_ARM_LENGTH_TRANSACTION,RPO-BRENT_0.25Y_GLOBAL-043,True,SYNTHETIC_RFET_EVIDENCE,Synthetic transaction or committed-quote event; not an observed public closing price
BRENT_0.25Y_GLOBAL,2025-11-11,SYNTHETIC_ARM_LENGTH_TRANSACTION,RPO-BRENT_0.25Y_GLOBAL-044,True,SYNTHETIC_RFET_EVIDENCE,Synthetic transaction or committed-quote event; not an observed public closing price
BRENT_0.25Y_GLOBAL,2025-11-13,SYNTHETIC_ARM_LENGTH_TRANSACTION,RPO-BRENT_0.25Y_GLOBAL-045,True,SYNTHETIC_RFET_EVIDENCE,Synthetic transaction or committed-quote event; not an observed public closing price
BRENT_0.25Y_GLOBAL,2025-11-18,SYNTHETIC_ARM_LENGTH_TRANSACTION,RPO-BRENT_0.25Y_GLOBAL-046,True,SYNTHETIC_RFET_EVIDENCE,Synthetic transaction or committed-quote event; not an observed public closing price
BRENT_0.25Y_GLOBAL,2025-11-20,SYNTHETIC_ARM_LENGTH_TRANSACTION,RPO-BRENT_0.25Y_GLOBAL-047,True,SYNTHETIC_RFET_EVIDENCE,Synthetic transaction or committed-quote event; not an observed public closing price
BRENT_0.25Y_GLOBAL,2025-11-24,SYNTHETIC_ARM_LENGTH_TRANSACTION,RPO-BRENT_0.25Y_GLOBAL-048,True,SYNTHETIC_RFET_EVIDENCE,Synthetic transaction or committed-quote event; not an observed public closing price
BRENT_0.25Y_GLOBAL,2025-11-26,SYNTHETIC_ARM_LENGTH_TRANSACTION,RPO-BRENT_0.25Y_GLOBAL-049,True,SYNTHETIC_RFET_EVIDENCE,Synthetic transaction or committed-quote event; not an observed public closing price
BRENT_0.25Y_GLOBAL,2025-11-28,SYNTHETIC_ARM_LENGTH_TRANSACTION,RPO-BRENT_0.25Y_GLOBAL-050,True,SYNTHETIC_RFET_EVIDENCE,Synthetic transaction or committed-quote event; not an observed public closing price
BRENT_0.25Y_GLOBAL,2025-12-03,SYNTHETIC_ARM_LENGTH_TRANSACTION,RPO-BRENT_0.25Y_GLOBAL-051,True,SYNTHETIC_RFET_EVIDENCE,Synthetic transaction or committed-quote event; not an observed public closing price
BRENT_0.25Y_GLOBAL,2025-12-05,SYNTHETIC_ARM_LENGTH_TRANSACTION,RPO-BRENT_0.25Y_GLOBAL-052,True,SYNTHETIC_RFET_EVIDENCE,Synthetic transaction or committed-quote event; not an observed public closing price
BRENT_0.25Y_GLOBAL,2025-12-09,SYNTHETIC_ARM_LENGTH_TRANSACTION,RPO-BRENT_0.25Y_GLOBAL-053,True,SYNTHETIC_RFET_EVIDENCE,Synthetic transaction or committed-quote event; not an observed public closing price
BRENT_0.25Y_GLOBAL,2025-12-11,SYNTHETIC_ARM_LENGTH_TRANSACTION,RPO-BRENT_0.25Y_GLOBAL-054,True,SYNTHETIC_RFET_EVIDENCE,Synthetic transaction or committed-quote event; not an observed public closing price
BRENT_0.25Y_GLOBAL,2025-12-16,SYNTHETIC_ARM_LENGTH_TRANSACTION,RPO-BRENT_0.25Y_GLOBAL-055,True,SYNTHETIC_RFET_EVIDENCE,Synthetic transaction or committed-quote event; not an observed public closing price
BRENT_0.25Y_GLOBAL,2025-12-18,SYNTHETIC_ARM_LENGTH_TRANSACTION,RPO-BRENT_0.25Y_GLOBAL-056,True,SYNTHETIC_RFET_EVIDENCE,Synthetic transaction or committed-quote event; not an observed public closing price
BRENT_0.25Y_GLOBAL,2025-12-22,SYNTHETIC_ARM_LENGTH_TRANSACTION,RPO-BRENT_0.25Y_GLOBAL-057,True,SYNTHETIC_RFET_EVIDENCE,Synthetic transaction or committed-quote event; not an observed public closing price
BRENT_0.25Y_GLOBAL,2025-12-24,SYNTHETIC_ARM_LENGTH_TRANSACTION,RPO-BRENT_0.25Y_GLOBAL-058,True,SYNTHETIC_RFET_EVIDENCE,Synthetic transaction or committed-quote event; not an observed public closing price
BRENT_0.25Y_GLOBAL,2025-12-26,SYNTHETIC_ARM_LENGTH_TRANSACTION,RPO-BRENT_0.25Y_GLOBAL-059,True,SYNTHETIC_RFET_EVIDENCE,Synthetic transaction or committed-quote event; not an observed public closing price
BRENT_0.25Y_GLOBAL,2025-12-31,SYNTHETIC_ARM_LENGTH_TRANSACTION,RPO-BRENT_0.25Y_GLOBAL-060,True,SYNTHETIC_RFET_EVIDENCE,Synthetic transaction or committed-quote event; not an observed public closing price
BRENT_0.25Y_GLOBAL,2026-01-02,SYNTHETIC_ARM_LENGTH_TRANSACTION,RPO-BRENT_0.25Y_GLOBAL-061,True,SYNTHETIC_RFET_EVIDENCE,Synthetic transaction or committed-quote event; not an observed public closing price
BRENT_0.25Y_GLOBAL,2026-01-06,SYNTHETIC_ARM_LENGTH_TRANSACTION,RPO-BRENT_0.25Y_GLOBAL-062,True,SYNTHETIC_RFET_EVIDENCE,Synthetic transaction or committed-quote event; not an observed public closing price
BRENT_0.25Y_GLOBAL,2026-01-08,SYNTHETIC_ARM_LENGTH_TRANSACTION,RPO-BRENT_0.25Y_GLOBAL-063,True,SYNTHETIC_RFET_EVIDENCE,Synthetic transaction or committed-quote event; not an observed public closing price
BRENT_0.25Y_GLOBAL,2026-01-13,SYNTHETIC_ARM_LENGTH_TRANSACTION,RPO-BRENT_0.25Y_GLOBAL-064,True,SYNTHETIC_RFET_EVIDENCE,Synthetic transaction or committed-quote event; not an observed public closing price
BRENT_0.25Y_GLOBAL,2026-01-15,SYNTHETIC_ARM_LENGTH_TRANSACTION,RPO-BRENT_0.25Y_GLOBAL-065,True,SYNTHETIC_RFET_EVIDENCE,Synthetic transaction or committed-quote event; not an observed public closing price
BRENT_0.25Y_GLOBAL,2026-01-19,SYNTHETIC_ARM_LENGTH_TRANSACTION,RPO-BRENT_0.25Y_GLOBAL-066,True,SYNTHETIC_RFET_EVIDENCE,Synthetic transaction or committed-quote event; not an observed public closing price
BRENT_0.25Y_GLOBAL,2026-01-21,SYNTHETIC_ARM_LENGTH_TRANSACTION,RPO-BRENT_0.25Y_GLOBAL-067,True,SYNTHETIC_RFET_EVIDENCE,Synthetic transaction or committed-quote event; not an observed public closing price
BRENT_0.25Y_GLOBAL,2026-01-23,SYNTHETIC_ARM_LENGTH_TRANSACTION,RPO-BRENT_0.25Y_GLOBAL-068,True,SYNTHETIC_RFET_EVIDENCE,Synthetic transaction or committed-quote event; not an observed public closing price
BRENT_0.25Y_GLOBAL,2026-01-28,SYNTHETIC_ARM_LENGTH_TRANSACTION,RPO-BRENT_0.25Y_GLOBAL-069,True,SYNTHETIC_RFET_EVIDENCE,Synthetic transaction or committed-quote event; not an observed public closing price
BRENT_0.25Y_GLOBAL,2026-01-30,SYNTHETIC_ARM_LENGTH_TRANSACTION,RPO-BRENT_0.25Y_GLOBAL-070,True,SYNTHETIC_RFET_EVIDENCE,Synthetic transaction or committed-quote event; not an observed public closing price
BRENT_0.25Y_GLOBAL,2026-02-03,SYNTHETIC_ARM_LENGTH_TRANSACTION,RPO-BRENT_0.25Y_GLOBAL-071,True,SYNTHETIC_RFET_EVIDENCE,Synthetic transaction or committed-quote event; not an observed public closing price
BRENT_0.25Y_GLOBAL,2026-02-05,SYNTHETIC_ARM_LENGTH_TRANSACTION,RPO-BRENT_0.25Y_GLOBAL-072,True,SYNTHETIC_RFET_EVIDENCE,Synthetic transaction or committed-quote event; not an observed public closing price
BRENT_0.25Y_GLOBAL,2026-02-10,SYNTHETIC_ARM_LENGTH_TRANSACTION,RPO-BRENT_0.25Y_GLOBAL-073,True,SYNTHETIC_RFET_EVIDENCE,Synthetic transaction or committed-quote event; not an observed public closing price
BRENT_0.25Y_GLOBAL,2026-02-12,SYNTHETIC_ARM_LENGTH_TRANSACTION,RPO-BRENT_0.25Y_GLOBAL-074,True,SYNTHETIC_RFET_EVIDENCE,Synthetic transaction or committed-quote event; not an observed public closing price
BRENT_0.25Y_GLOBAL,2026-02-16,SYNTHETIC_ARM_LENGTH_TRANSACTION,RPO-BRENT_0.25Y_GLOBAL-075,True,SYNTHETIC_RFET_EVIDENCE,Synthetic transaction or committed-quote event; not an observed public closing price
BRENT_0.25Y_GLOBAL,2026-02-18,SYNTHETIC_ARM_LENGTH_TRANSACTION,RPO-BRENT_0.25Y_GLOBAL-076,True,SYNTHETIC_RFET_EVIDENCE,Synthetic transaction or committed-quote event; not an observed public closing price
BRENT_0.25Y_GLOBAL,2026-02-20,SYNTHETIC_ARM_LENGTH_TRANSACTION,RPO-BRENT_0.25Y_GLOBAL-077,True,SYNTHETIC_RFET_EVIDENCE,Synthetic transaction or committed-quote event; not an observed public closing price
BRENT_0.25Y_GLOBAL,2026-02-25,SYNTHETIC_ARM_LENGTH_TRANSACTION,RPO-BRENT_0.25Y_GLOBAL-078,True,SYNTHETIC_RFET_EVIDENCE,Synthetic transaction or committed-quote event; not an observed public closing price
BRENT_0.25Y_GLOBAL,2026-02-27,SYNTHETIC_ARM_LENGTH_TRANSACTION,RPO-BRENT_0.25Y_GLOBAL-079,True,SYNTHETIC_RFET_EVIDENCE,Synthetic transaction or committed-quote event; not an observed public closing price
BRENT_0.25Y_GLOBAL,2026-03-03,SYNTHETIC_ARM_LENGTH_TRANSACTION,RPO-BRENT_0.25Y_GLOBAL-080,True,SYNTHETIC_RFET_EVIDENCE,Synthetic transaction or committed-quote event; not an observed public closing price
BRENT_0.25Y_GLOBAL,2026-03-05,SYNTHETIC_ARM_LENGTH_TRANSACTION,RPO-BRENT_0.25Y_GLOBAL-081,True,SYNTHETIC_RFET_EVIDENCE,Synthetic transaction or committed-quote event; not an observed public closing price
BRENT_0.25Y_GLOBAL,2026-03-10,SYNTHETIC_ARM_LENGTH_TRANSACTION,RPO-BRENT_0.25Y_GLOBAL-082,True,SYNTHETIC_RFET_EVIDENCE,Synthetic transaction or committed-quote event; not an observed public closing price
BRENT_0.25Y_GLOBAL,2026-03-12,SYNTHETIC_ARM_LENGTH_TRANSACTION,RPO-BRENT_0.25Y_GLOBAL-083,True,SYNTHETIC_RFET_EVIDENCE,Synthetic transaction or committed-quote event; not an observed public closing price
BRENT_0.25Y_GLOBAL,2026-03-16,SYNTHETIC_ARM_LENGTH_TRANSACTION,RPO-BRENT_0.25Y_GLOBAL-084,True,SYNTHETIC_RFET_EVIDENCE,Synthetic transaction or committed-quote event; not an observed public closing price
BRENT_0.25Y_GLOBAL,2026-03-18,SYNTHETIC_ARM_LENGTH_TRANSACTION,RPO-BRENT_0.25Y_GLOBAL-085,True,SYNTHETIC_RFET_EVIDENCE,Synthetic transaction or committed-quote event; not an observed public closing price
BRENT_0.25Y_GLOBAL,2026-03-20,SYNTHETIC_ARM_LENGTH_TRANSACTION,RPO-BRENT_0.25Y_GLOBAL-086,True,SYNTHETIC_RFET_EVIDENCE,Synthetic transaction or committed-quote event; not an observed public closing price
BRENT_0.25Y_GLOBAL,2026-03-25,SYNTHETIC_ARM_LENGTH_TRANSACTION,RPO-BRENT_0.25Y_GLOBAL-087,True,SYNTHETIC_RFET_EVIDENCE,Synthetic transaction or committed-quote event; not an observed public closing price
BRENT_0.25Y_GLOBAL,2026-03-27,SYNTHETIC_ARM_LENGTH_TRANSACTION,RPO-BRENT_0.25Y_GLOBAL-088,True,SYNTHETIC_RFET_EVIDENCE,Synthetic transaction or committed-quote event; not an observed public closing price
BRENT_0.25Y_GLOBAL,2026-03-31,SYNTHETIC_ARM_LENGTH_TRANSACTION,RPO-BRENT_0.25Y_GLOBAL-089,True,SYNTHETIC_RFET_EVIDENCE,Synthetic transaction or committed-quote event; not an observed public closing price
BRENT_0.25Y_GLOBAL,2026-04-02,SYNTHETIC_ARM_LENGTH_TRANSACTION,RPO-BRENT_0.25Y_GLOBAL-090,True,SYNTHETIC_RFET_EVIDENCE,Synthetic transaction or committed-quote event; not an observed public closing price
BRENT_0.25Y_GLOBAL,2026-04-07,SYNTHETIC_ARM_LENGTH_TRANSACTION,RPO-BRENT_0.25Y_GLOBAL-091,True,SYNTHETIC_RFET_EVIDENCE,Synthetic transaction or committed-quote event; not an observed public closing price
BRENT_0.25Y_GLOBAL,2026-04-09,SYNTHETIC_ARM_LENGTH_TRANSACTION,RPO-BRENT_0.25Y_GLOBAL-092,True,SYNTHETIC_RFET_EVIDENCE,Synthetic transaction or committed-quote event; not an observed public closing price
BRENT_0.25Y_GLOBAL,2026-04-13,SYNTHETIC_ARM_LENGTH_TRANSACTION,RPO-BRENT_0.25Y_GLOBAL-093,True,SYNTHETIC_RFET_EVIDENCE,Synthetic transaction or committed-quote event; not an observed public closing price
BRENT_0.25Y_GLOBAL,2026-04-15,SYNTHETIC_ARM_LENGTH_TRANSACTION,RPO-BRENT_0.25Y_GLOBAL-094,True,SYNTHETIC_RFET_EVIDENCE,Synthetic transaction or committed-quote event; not an observed public closing price
BRENT_0.25Y_GLOBAL,2026-04-17,SYNTHETIC_ARM_LENGTH_TRANSACTION,RPO-BRENT_0.25Y_GLOBAL-095,True,SYNTHETIC_RFET_EVIDENCE,Synthetic transaction or committed-quote event; not an observed public closing price
BRENT_0.25Y_GLOBAL,2026-04-22,SYNTHETIC_ARM_LENGTH_TRANSACTION,RPO-BRENT_0.25Y_GLOBAL-096,True,SYNTHETIC_RFET_EVIDENCE,Synthetic transaction or committed-quote event; not an observed public closing price
BRENT_0.25Y_GLOBAL,2026-04-24,SYNTHETIC_ARM_LENGTH_TRANSACTION,RPO-BRENT_0.25Y_GLOBAL-097,True,SYNTHETIC_RFET_EVIDENCE,Synthetic transaction or committed-quote event; not an observed public closing price
BRENT_0.25Y_GLOBAL,2026-04-28,SYNTHETIC_ARM_LENGTH_TRANSACTION,RPO-BRENT_0.25Y_GLOBAL-098,True,SYNTHETIC_RFET_EVIDENCE,Synthetic transaction or committed-quote event; not an observed public closing price
BRENT_0.25Y_GLOBAL,2026-04-30,SYNTHETIC_ARM_LENGTH_TRANSACTION,RPO-BRENT_0.25Y_GLOBAL-099,True,SYNTHETIC_RFET_EVIDENCE,Synthetic transaction or committed-quote event; not an observed public closing price
BRENT_0.25Y_GLOBAL,2026-05-05,SYNTHETIC_ARM_LENGTH_TRANSACTION,RPO-BRENT_0.25Y_GLOBAL-100,True,SYNTHETIC_RFET_EVIDENCE,Synthetic transaction or committed-quote event; not an observed public closing price
BRENT_0.25Y_GLOBAL,2026-05-07,SYNTHETIC_ARM_LENGTH_TRANSACTION,RPO-BRENT_0.25Y_GLOBAL-101,True,SYNTHETIC_RFET_EVIDENCE,Synthetic transaction or committed-quote event; not an observed public closing price
BRENT_0.25Y_GLOBAL,2026-05-11,SYNTHETIC_ARM_LENGTH_TRANSACTION,RPO-BRENT_0.25Y_GLOBAL-102,True,SYNTHETIC_RFET_EVIDENCE,Synthetic transaction or committed-quote event; not an observed public closing price
BRENT_0.25Y_GLOBAL,2026-05-13,SYNTHETIC_ARM_LENGTH_TRANSACTION,RPO-BRENT_0.25Y_GLOBAL-103,True,SYNTHETIC_RFET_EVIDENCE,Synthetic transaction or committed-quote event; not an observed public closing price
BRENT_0.25Y_GLOBAL,2026-05-15,SYNTHETIC_ARM_LENGTH_TRANSACTION,RPO-BRENT_0.25Y_GLOBAL-104,True,SYNTHETIC_RFET_EVIDENCE,Synthetic transaction or committed-quote event; not an observed public closing price
BRENT_0.25Y_GLOBAL,2026-05-20,SYNTHETIC_ARM_LENGTH_TRANSACTION,RPO-BRENT_0.25Y_GLOBAL-105,True,SYNTHETIC_RFET_EVIDENCE,Synthetic transaction or committed-quote event; not an observed public closing price
BRENT_0.25Y_GLOBAL,2026-05-22,SYNTHETIC_ARM_LENGTH_TRANSACTION,RPO-BRENT_0.25Y_GLOBAL-106,True,SYNTHETIC_RFET_EVIDENCE,Synthetic transaction or committed-quote event; not an observed public closing price
BRENT_0.25Y_GLOBAL,2026-05-26,SYNTHETIC_ARM_LENGTH_TRANSACTION,RPO-BRENT_0.25Y_GLOBAL-107,True,SYNTHETIC_RFET_EVIDENCE,Synthetic transaction or committed-quote event; not an observed public closing price
BRENT_0.25Y_GLOBAL,2026-05-28,SYNTHETIC_ARM_LENGTH_TRANSACTION,RPO-BRENT_0.25Y_GLOBAL-108,True,SYNTHETIC_RFET_EVIDENCE,Synthetic transaction or committed-quote event; not an observed public closing price
BRENT_0.25Y_GLOBAL,2026-06-02,SYNTHETIC_ARM_LENGTH_TRANSACTION,RPO-BRENT_0.25Y_GLOBAL-109,True,SYNTHETIC_RFET_EVIDENCE,Synthetic transaction or committed-quote event; not an observed public closing price
BRENT_0.25Y_GLOBAL,2026-06-04,SYNTHETIC_ARM_LENGTH_TRANSACTION,RPO-BRENT_0.25Y_GLOBAL-110,True,SYNTHETIC_RFET_EVIDENCE,Synthetic transaction or committed-quote event; not an observed public closing price
BRENT_0.25Y_GLOBAL,2026-06-08,SYNTHETIC_ARM_LENGTH_TRANSACTION,RPO-BRENT_0.25Y_GLOBAL-111,True,SYNTHETIC_RFET_EVIDENCE,Synthetic transaction or committed-quote event; not an observed public closing price
BRENT_0.25Y_GLOBAL,2026-06-10,SYNTHETIC_ARM_LENGTH_TRANSACTION,RPO-BRENT_0.25Y_GLOBAL-112,True,SYNTHETIC_RFET_EVIDENCE,Synthetic transaction or committed-quote event; not an observed public closing price
BRENT_0.25Y_GLOBAL,2026-06-12,SYNTHETIC_ARM_LENGTH_TRANSACTION,RPO-BRENT_0.25Y_GLOBAL-113,True,SYNTHETIC_RFET_EVIDENCE,Synthetic transaction or committed-quote event; not an observed public closing price
BRENT_0.25Y_GLOBAL,2026-06-17,SYNTHETIC_ARM_LENGTH_TRANSACTION,RPO-BRENT_0.25Y_GLOBAL-114,True,SYNTHETIC_RFET_EVIDENCE,Synthetic transaction or committed-quote event; not an observed public closing price
BRENT_0.25Y_GLOBAL,2026-06-19,SYNTHETIC_ARM_LENGTH_TRANSACTION,RPO-BRENT_0.25Y_GLOBAL-115,True,SYNTHETIC_RFET_EVIDENCE,Synthetic transaction or committed-quote event; not an observed public closing price
BRENT_0.25Y_GLOBAL,2026-06-23,SYNTHETIC_ARM_LENGTH_TRANSACTION,RPO-BRENT_0.25Y_GLOBAL-116,True,SYNTHETIC_RFET_EVIDENCE,Synthetic transaction or committed-quote event; not an observed public closing price
BRENT_0.25Y_GLOBAL,2026-06-25,SYNTHETIC_ARM_LENGTH_TRANSACTION,RPO-BRENT_0.25Y_GLOBAL-117,True,SYNTHETIC_RFET_EVIDENCE,Synthetic transaction or committed-quote event; not an observed public closing price
BRENT_0.25Y_GLOBAL,2026-06-30,SYNTHETIC_ARM_LENGTH_TRANSACTION,RPO-BRENT_0.25Y_GLOBAL-118,True,SYNTHETIC_RFET_EVIDENCE,Synthetic transaction or committed-quote event; not an observed public closing price
BRENT_0.5Y_GLOBAL,2025-07-01,SYNTHETIC_ARM_LENGTH_TRANSACTION,RPO-BRENT_0.5Y_GLOBAL-001,True,SYNTHETIC_RFET_EVIDENCE,Synthetic transaction or committed-quote event; not an observed public closing price
BRENT_0.5Y_GLOBAL,2025-07-03,SYNTHETIC_ARM_LENGTH_TRANSACTION,RPO-BRENT_0.5Y_GLOBAL-002,True,SYNTHETIC_RFET_EVIDENCE,Synthetic transaction or committed-quote event; not an observed public closing price
BRENT_0.5Y_GLOBAL,2025-07-07,SYNTHETIC_ARM_LENGTH_TRANSACTION,RPO-BRENT_0.5Y_GLOBAL-003,True,SYNTHETIC_RFET_EVIDENCE,Synthetic transaction or committed-quote event; not an observed public closing price
BRENT_0.5Y_GLOBAL,2025-07-09,SYNTHETIC_ARM_LENGTH_TRANSACTION,RPO-BRENT_0.5Y_GLOBAL-004,True,SYNTHETIC_RFET_EVIDENCE,Synthetic transaction or committed-quote event; not an observed public closing price
BRENT_0.5Y_GLOBAL,2025-07-11,SYNTHETIC_ARM_LENGTH_TRANSACTION,RPO-BRENT_0.5Y_GLOBAL-005,True,SYNTHETIC_RFET_EVIDENCE,Synthetic transaction or committed-quote event; not an observed public closing price
BRENT_0.5Y_GLOBAL,2025-07-16,SYNTHETIC_ARM_LENGTH_TRANSACTION,RPO-BRENT_0.5Y_GLOBAL-006,True,SYNTHETIC_RFET_EVIDENCE,Synthetic transaction or committed-quote event; not an observed public closing price
BRENT_0.5Y_GLOBAL,2025-07-18,SYNTHETIC_ARM_LENGTH_TRANSACTION,RPO-BRENT_0.5Y_GLOBAL-007,True,SYNTHETIC_RFET_EVIDENCE,Synthetic transaction or committed-quote event; not an observed public closing price
BRENT_0.5Y_GLOBAL,2025-07-22,SYNTHETIC_ARM_LENGTH_TRANSACTION,RPO-BRENT_0.5Y_GLOBAL-008,True,SYNTHETIC_RFET_EVIDENCE,Synthetic transaction or committed-quote event; not an observed public closing price
BRENT_0.5Y_GLOBAL,2025-07-24,SYNTHETIC_ARM_LENGTH_TRANSACTION,RPO-BRENT_0.5Y_GLOBAL-009,True,SYNTHETIC_RFET_EVIDENCE,Synthetic transaction or committed-quote event; not an observed public closing price
BRENT_0.5Y_GLOBAL,2025-07-29,SYNTHETIC_ARM_LENGTH_TRANSACTION,RPO-BRENT_0.5Y_GLOBAL-010,True,SYNTHETIC_RFET_EVIDENCE,Synthetic transaction or committed-quote event; not an observed public closing price
BRENT_0.5Y_GLOBAL,2025-07-31,SYNTHETIC_ARM_LENGTH_TRANSACTION,RPO-BRENT_0.5Y_GLOBAL-011,True,SYNTHETIC_RFET_EVIDENCE,Synthetic transaction or committed-quote event; not an observed public closing price
BRENT_0.5Y_GLOBAL,2025-08-04,SYNTHETIC_ARM_LENGTH_TRANSACTION,RPO-BRENT_0.5Y_GLOBAL-012,True,SYNTHETIC_RFET_EVIDENCE,Synthetic transaction or committed-quote event; not an observed public closing price
BRENT_0.5Y_GLOBAL,2025-08-06,SYNTHETIC_ARM_LENGTH_TRANSACTION,RPO-BRENT_0.5Y_GLOBAL-013,True,SYNTHETIC_RFET_EVIDENCE,Synthetic transaction or committed-quote event; not an observed public closing price
BRENT_0.5Y_GLOBAL,2025-08-08,SYNTHETIC_ARM_LENGTH_TRANSACTION,RPO-BRENT_0.5Y_GLOBAL-014,True,SYNTHETIC_RFET_EVIDENCE,Synthetic transaction or committed-quote event; not an observed public closing price
BRENT_0.5Y_GLOBAL,2025-08-13,SYNTHETIC_ARM_LENGTH_TRANSACTION,RPO-BRENT_0.5Y_GLOBAL-015,True,SYNTHETIC_RFET_EVIDENCE,Synthetic transaction or committed-quote event; not an observed public closing price
BRENT_0.5Y_GLOBAL,2025-08-15,SYNTHETIC_ARM_LENGTH_TRANSACTION,RPO-BRENT_0.5Y_GLOBAL-016,True,SYNTHETIC_RFET_EVIDENCE,Synthetic transaction or committed-quote event; not an observed public closing price
BRENT_0.5Y_GLOBAL,2025-08-19,SYNTHETIC_ARM_LENGTH_TRANSACTION,RPO-BRENT_0.5Y_GLOBAL-017,True,SYNTHETIC_RFET_EVIDENCE,Synthetic transaction or committed-quote event; not an observed public closing price
BRENT_0.5Y_GLOBAL,2025-08-21,SYNTHETIC_ARM_LENGTH_TRANSACTION,RPO-BRENT_0.5Y_GLOBAL-018,True,SYNTHETIC_RFET_EVIDENCE,Synthetic transaction or committed-quote event; not an observed public closing price
BRENT_0.5Y_GLOBAL,2025-08-26,SYNTHETIC_ARM_LENGTH_TRANSACTION,RPO-BRENT_0.5Y_GLOBAL-019,True,SYNTHETIC_RFET_EVIDENCE,Synthetic transaction or committed-quote event; not an observed public closing price
BRENT_0.5Y_GLOBAL,2025-08-28,SYNTHETIC_ARM_LENGTH_TRANSACTION,RPO-BRENT_0.5Y_GLOBAL-020,True,SYNTHETIC_RFET_EVIDENCE,Synthetic transaction or committed-quote event; not an observed public closing price
BRENT_0.5Y_GLOBAL,2025-09-01,SYNTHETIC_ARM_LENGTH_TRANSACTION,RPO-BRENT_0.5Y_GLOBAL-021,True,SYNTHETIC_RFET_EVIDENCE,Synthetic transaction or committed-quote event; not an observed public closing price
BRENT_0.5Y_GLOBAL,2025-09-03,SYNTHETIC_ARM_LENGTH_TRANSACTION,RPO-BRENT_0.5Y_GLOBAL-022,True,SYNTHETIC_RFET_EVIDENCE,Synthetic transaction or committed-quote event; not an observed public closing price
BRENT_0.5Y_GLOBAL,2025-09-05,SYNTHETIC_ARM_LENGTH_TRANSACTION,RPO-BRENT_0.5Y_GLOBAL-023,True,SYNTHETIC_RFET_EVIDENCE,Synthetic transaction or committed-quote event; not an observed public closing price
BRENT_0.5Y_GLOBAL,2025-09-10,SYNTHETIC_ARM_LENGTH_TRANSACTION,RPO-BRENT_0.5Y_GLOBAL-024,True,SYNTHETIC_RFET_EVIDENCE,Synthetic transaction or committed-quote event; not an observed public closing price
BRENT_0.5Y_GLOBAL,2025-09-12,SYNTHETIC_ARM_LENGTH_TRANSACTION,RPO-BRENT_0.5Y_GLOBAL-025,True,SYNTHETIC_RFET_EVIDENCE,Synthetic transaction or committed-quote event; not an observed public closing price
BRENT_0.5Y_GLOBAL,2025-09-16,SYNTHETIC_ARM_LENGTH_TRANSACTION,RPO-BRENT_0.5Y_GLOBAL-026,True,SYNTHETIC_RFET_EVIDENCE,Synthetic transaction or committed-quote event; not an observed public closing price
BRENT_0.5Y_GLOBAL,2025-09-18,SYNTHETIC_ARM_LENGTH_TRANSACTION,RPO-BRENT_0.5Y_GLOBAL-027,True,SYNTHETIC_RFET_EVIDENCE,Synthetic transaction or committed-quote event; not an observed public closing price
BRENT_0.5Y_GLOBAL,2025-09-23,SYNTHETIC_ARM_LENGTH_TRANSACTION,RPO-BRENT_0.5Y_GLOBAL-028,True,SYNTHETIC_RFET_EVIDENCE,Synthetic transaction or committed-quote event; not an observed public closing price
BRENT_0.5Y_GLOBAL,2025-09-25,SYNTHETIC_ARM_LENGTH_TRANSACTION,RPO-BRENT_0.5Y_GLOBAL-029,True,SYNTHETIC_RFET_EVIDENCE,Synthetic transaction or committed-quote event; not an observed public closing price
BRENT_0.5Y_GLOBAL,2025-09-29,SYNTHETIC_ARM_LENGTH_TRANSACTION,RPO-BRENT_0.5Y_GLOBAL-030,True,SYNTHETIC_RFET_EVIDENCE,Synthetic transaction or committed-quote event; not an observed public closing price
BRENT_0.5Y_GLOBAL,2025-10-01,SYNTHETIC_ARM_LENGTH_TRANSACTION,RPO-BRENT_0.5Y_GLOBAL-031,True,SYNTHETIC_RFET_EVIDENCE,Synthetic transaction or committed-quote event; not an observed public closing price
BRENT_0.5Y_GLOBAL,2025-10-03,SYNTHETIC_ARM_LENGTH_TRANSACTION,RPO-BRENT_0.5Y_GLOBAL-032,True,SYNTHETIC_RFET_EVIDENCE,Synthetic transaction or committed-quote event; not an observed public closing price
BRENT_0.5Y_GLOBAL,2025-10-08,SYNTHETIC_ARM_LENGTH_TRANSACTION,RPO-BRENT_0.5Y_GLOBAL-033,True,SYNTHETIC_RFET_EVIDENCE,Synthetic transaction or committed-quote event; not an observed public closing price
BRENT_0.5Y_GLOBAL,2025-10-10,SYNTHETIC_ARM_LENGTH_TRANSACTION,RPO-BRENT_0.5Y_GLOBAL-034,True,SYNTHETIC_RFET_EVIDENCE,Synthetic transaction or committed-quote event; not an observed public closing price
BRENT_0.5Y_GLOBAL,2025-10-14,SYNTHETIC_ARM_LENGTH_TRANSACTION,RPO-BRENT_0.5Y_GLOBAL-035,True,SYNTHETIC_RFET_EVIDENCE,Synthetic transaction or committed-quote event; not an observed public closing price
BRENT_0.5Y_GLOBAL,2025-10-16,SYNTHETIC_ARM_LENGTH_TRANSACTION,RPO-BRENT_0.5Y_GLOBAL-036,True,SYNTHETIC_RFET_EVIDENCE,Synthetic transaction or committed-quote event; not an observed public closing price
BRENT_0.5Y_GLOBAL,2025-10-21,SYNTHETIC_ARM_LENGTH_TRANSACTION,RPO-BRENT_0.5Y_GLOBAL-037,True,SYNTHETIC_RFET_EVIDENCE,Synthetic transaction or committed-quote event; not an observed public closing price
BRENT_0.5Y_GLOBAL,2025-10-23,SYNTHETIC_ARM_LENGTH_TRANSACTION,RPO-BRENT_0.5Y_GLOBAL-038,True,SYNTHETIC_RFET_EVIDENCE,Synthetic transaction or committed-quote event; not an observed public closing price
BRENT_0.5Y_GLOBAL,2025-10-27,SYNTHETIC_ARM_LENGTH_TRANSACTION,RPO-BRENT_0.5Y_GLOBAL-039,True,SYNTHETIC_RFET_EVIDENCE,Synthetic transaction or committed-quote event; not an observed public closing price
BRENT_0.5Y_GLOBAL,2025-10-29,SYNTHETIC_ARM_LENGTH_TRANSACTION,RPO-BRENT_0.5Y_GLOBAL-040,True,SYNTHETIC_RFET_EVIDENCE,Synthetic transaction or committed-quote event; not an observed public closing price
BRENT_0.5Y_GLOBAL,2025-10-31,SYNTHETIC_ARM_LENGTH_TRANSACTION,RPO-BRENT_0.5Y_GLOBAL-041,True,SYNTHETIC_RFET_EVIDENCE,Synthetic transaction or committed-quote event; not an observed public closing price
BRENT_0.5Y_GLOBAL,2025-11-05,SYNTHETIC_ARM_LENGTH_TRANSACTION,RPO-BRENT_0.5Y_GLOBAL-042,True,SYNTHETIC_RFET_EVIDENCE,Synthetic transaction or committed-quote event; not an observed public closing price
BRENT_0.5Y_GLOBAL,2025-11-07,SYNTHETIC_ARM_LENGTH_TRANSACTION,RPO-BRENT_0.5Y_GLOBAL-043,True,SYNTHETIC_RFET_EVIDENCE,Synthetic transaction or committed-quote event; not an observed public closing price
BRENT_0.5Y_GLOBAL,2025-11-11,SYNTHETIC_ARM_LENGTH_TRANSACTION,RPO-BRENT_0.5Y_GLOBAL-044,True,SYNTHETIC_RFET_EVIDENCE,Synthetic transaction or committed-quote event; not an observed public closing price
BRENT_0.5Y_GLOBAL,2025-11-13,SYNTHETIC_ARM_LENGTH_TRANSACTION,RPO-BRENT_0.5Y_GLOBAL-045,True,SYNTHETIC_RFET_EVIDENCE,Synthetic transaction or committed-quote event; not an observed public closing price
BRENT_0.5Y_GLOBAL,2025-11-18,SYNTHETIC_ARM_LENGTH_TRANSACTION,RPO-BRENT_0.5Y_GLOBAL-046,True,SYNTHETIC_RFET_EVIDENCE,Synthetic transaction or committed-quote event; not an observed public closing price
BRENT_0.5Y_GLOBAL,2025-11-20,SYNTHETIC_ARM_LENGTH_TRANSACTION,RPO-BRENT_0.5Y_GLOBAL-047,True,SYNTHETIC_RFET_EVIDENCE,Synthetic transaction or committed-quote event; not an observed public closing price
BRENT_0.5Y_GLOBAL,2025-11-24,SYNTHETIC_ARM_LENGTH_TRANSACTION,RPO-BRENT_0.5Y_GLOBAL-048,True,SYNTHETIC_RFET_EVIDENCE,Synthetic transaction or committed-quote event; not an observed public closing price
BRENT_0.5Y_GLOBAL,2025-11-26,SYNTHETIC_ARM_LENGTH_TRANSACTION,RPO-BRENT_0.5Y_GLOBAL-049,True,SYNTHETIC_RFET_EVIDENCE,Synthetic transaction or committed-quote event; not an observed public closing price
BRENT_0.5Y_GLOBAL,2025-11-28,SYNTHETIC_ARM_LENGTH_TRANSACTION,RPO-BRENT_0.5Y_GLOBAL-050,True,SYNTHETIC_RFET_EVIDENCE,Synthetic transaction or committed-quote event; not an observed public closing price
BRENT_0.5Y_GLOBAL,2025-12-03,SYNTHETIC_ARM_LENGTH_TRANSACTION,RPO-BRENT_0.5Y_GLOBAL-051,True,SYNTHETIC_RFET_EVIDENCE,Synthetic transaction or committed-quote event; not an observed public closing price
BRENT_0.5Y_GLOBAL,2025-12-05,SYNTHETIC_ARM_LENGTH_TRANSACTION,RPO-BRENT_0.5Y_GLOBAL-052,True,SYNTHETIC_RFET_EVIDENCE,Synthetic transaction or committed-quote event; not an observed public closing price
BRENT_0.5Y_GLOBAL,2025-12-09,SYNTHETIC_ARM_LENGTH_TRANSACTION,RPO-BRENT_0.5Y_GLOBAL-053,True,SYNTHETIC_RFET_EVIDENCE,Synthetic transaction or committed-quote event; not an observed public closing price
BRENT_0.5Y_GLOBAL,2025-12-11,SYNTHETIC_ARM_LENGTH_TRANSACTION,RPO-BRENT_0.5Y_GLOBAL-054,True,SYNTHETIC_RFET_EVIDENCE,Synthetic transaction or committed-quote event; not an observed public closing price
BRENT_0.5Y_GLOBAL,2025-12-16,SYNTHETIC_ARM_LENGTH_TRANSACTION,RPO-BRENT_0.5Y_GLOBAL-055,True,SYNTHETIC_RFET_EVIDENCE,Synthetic transaction or committed-quote event; not an observed public closing price
BRENT_0.5Y_GLOBAL,2025-12-18,SYNTHETIC_ARM_LENGTH_TRANSACTION,RPO-BRENT_0.5Y_GLOBAL-056,True,SYNTHETIC_RFET_EVIDENCE,Synthetic transaction or committed-quote event; not an observed public closing price
BRENT_0.5Y_GLOBAL,2025-12-22,SYNTHETIC_ARM_LENGTH_TRANSACTION,RPO-BRENT_0.5Y_GLOBAL-057,True,SYNTHETIC_RFET_EVIDENCE,Synthetic transaction or committed-quote event; not an observed public closing price
BRENT_0.5Y_GLOBAL,2025-12-24,SYNTHETIC_ARM_LENGTH_TRANSACTION,RPO-BRENT_0.5Y_GLOBAL-058,True,SYNTHETIC_RFET_EVIDENCE,Synthetic transaction or committed-quote event; not an observed public closing price
BRENT_0.5Y_GLOBAL,2025-12-26,SYNTHETIC_ARM_LENGTH_TRANSACTION,RPO-BRENT_0.5Y_GLOBAL-059,True,SYNTHETIC_RFET_EVIDENCE,Synthetic transaction or committed-quote event; not an observed public closing price
BRENT_0.5Y_GLOBAL,2025-12-31,SYNTHETIC_ARM_LENGTH_TRANSACTION,RPO-BRENT_0.5Y_GLOBAL-060,True,SYNTHETIC_RFET_EVIDENCE,Synthetic transaction or committed-quote event; not an observed public closing price
BRENT_0.5Y_GLOBAL,2026-01-02,SYNTHETIC_ARM_LENGTH_TRANSACTION,RPO-BRENT_0.5Y_GLOBAL-061,True,SYNTHETIC_RFET_EVIDENCE,Synthetic transaction or committed-quote event; not an observed public closing price
BRENT_0.5Y_GLOBAL,2026-01-06,SYNTHETIC_ARM_LENGTH_TRANSACTION,RPO-BRENT_0.5Y_GLOBAL-062,True,SYNTHETIC_RFET_EVIDENCE,Synthetic transaction or committed-quote event; not an observed public closing price
BRENT_0.5Y_GLOBAL,2026-01-08,SYNTHETIC_ARM_LENGTH_TRANSACTION,RPO-BRENT_0.5Y_GLOBAL-063,True,SYNTHETIC_RFET_EVIDENCE,Synthetic transaction or committed-quote event; not an observed public closing price
BRENT_0.5Y_GLOBAL,2026-01-13,SYNTHETIC_ARM_LENGTH_TRANSACTION,RPO-BRENT_0.5Y_GLOBAL-064,True,SYNTHETIC_RFET_EVIDENCE,Synthetic transaction or committed-quote event; not an observed public closing price
BRENT_0.5Y_GLOBAL,2026-01-15,SYNTHETIC_ARM_LENGTH_TRANSACTION,RPO-BRENT_0.5Y_GLOBAL-065,True,SYNTHETIC_RFET_EVIDENCE,Synthetic transaction or committed-quote event; not an observed public closing price
BRENT_0.5Y_GLOBAL,2026-01-19,SYNTHETIC_ARM_LENGTH_TRANSACTION,RPO-BRENT_0.5Y_GLOBAL-066,True,SYNTHETIC_RFET_EVIDENCE,Synthetic transaction or committed-quote event; not an observed public closing price
BRENT_0.5Y_GLOBAL,2026-01-21,SYNTHETIC_ARM_LENGTH_TRANSACTION,RPO-BRENT_0.5Y_GLOBAL-067,True,SYNTHETIC_RFET_EVIDENCE,Synthetic transaction or committed-quote event; not an observed public closing price
BRENT_0.5Y_GLOBAL,2026-01-23,SYNTHETIC_ARM_LENGTH_TRANSACTION,RPO-BRENT_0.5Y_GLOBAL-068,True,SYNTHETIC_RFET_EVIDENCE,Synthetic transaction or committed-quote event; not an observed public closing price
BRENT_0.5Y_GLOBAL,2026-01-28,SYNTHETIC_ARM_LENGTH_TRANSACTION,RPO-BRENT_0.5Y_GLOBAL-069,True,SYNTHETIC_RFET_EVIDENCE,Synthetic transaction or committed-quote event; not an observed public closing price
BRENT_0.5Y_GLOBAL,2026-01-30,SYNTHETIC_ARM_LENGTH_TRANSACTION,RPO-BRENT_0.5Y_GLOBAL-070,True,SYNTHETIC_RFET_EVIDENCE,Synthetic transaction or committed-quote event; not an observed public closing price
BRENT_0.5Y_GLOBAL,2026-02-03,SYNTHETIC_ARM_LENGTH_TRANSACTION,RPO-BRENT_0.5Y_GLOBAL-071,True,SYNTHETIC_RFET_EVIDENCE,Synthetic transaction or committed-quote event; not an observed public closing price
BRENT_0.5Y_GLOBAL,2026-02-05,SYNTHETIC_ARM_LENGTH_TRANSACTION,RPO-BRENT_0.5Y_GLOBAL-072,True,SYNTHETIC_RFET_EVIDENCE,Synthetic transaction or committed-quote event; not an observed public closing price
BRENT_0.5Y_GLOBAL,2026-02-10,SYNTHETIC_ARM_LENGTH_TRANSACTION,RPO-BRENT_0.5Y_GLOBAL-073,True,SYNTHETIC_RFET_EVIDENCE,Synthetic transaction or committed-quote event; not an observed public closing price
BRENT_0.5Y_GLOBAL,2026-02-12,SYNTHETIC_ARM_LENGTH_TRANSACTION,RPO-BRENT_0.5Y_GLOBAL-074,True,SYNTHETIC_RFET_EVIDENCE,Synthetic transaction or committed-quote event; not an observed public closing price
BRENT_0.5Y_GLOBAL,2026-02-16,SYNTHETIC_ARM_LENGTH_TRANSACTION,RPO-BRENT_0.5Y_GLOBAL-075,True,SYNTHETIC_RFET_EVIDENCE,Synthetic transaction or committed-quote event; not an observed public closing price
BRENT_0.5Y_GLOBAL,2026-02-18,SYNTHETIC_ARM_LENGTH_TRANSACTION,RPO-BRENT_0.5Y_GLOBAL-076,True,SYNTHETIC_RFET_EVIDENCE,Synthetic transaction or committed-quote event; not an observed public closing price
BRENT_0.5Y_GLOBAL,2026-02-20,SYNTHETIC_ARM_LENGTH_TRANSACTION,RPO-BRENT_0.5Y_GLOBAL-077,True,SYNTHETIC_RFET_EVIDENCE,Synthetic transaction or committed-quote event; not an observed public closing price
BRENT_0.5Y_GLOBAL,2026-02-25,SYNTHETIC_ARM_LENGTH_TRANSACTION,RPO-BRENT_0.5Y_GLOBAL-078,True,SYNTHETIC_RFET_EVIDENCE,Synthetic transaction or committed-quote event; not an observed public closing price
BRENT_0.5Y_GLOBAL,2026-02-27,SYNTHETIC_ARM_LENGTH_TRANSACTION,RPO-BRENT_0.5Y_GLOBAL-079,True,SYNTHETIC_RFET_EVIDENCE,Synthetic transaction or committed-quote event; not an observed public closing price
BRENT_0.5Y_GLOBAL,2026-03-03,SYNTHETIC_ARM_LENGTH_TRANSACTION,RPO-BRENT_0.5Y_GLOBAL-080,True,SYNTHETIC_RFET_EVIDENCE,Synthetic transaction or committed-quote event; not an observed public closing price
BRENT_0.5Y_GLOBAL,2026-03-05,SYNTHETIC_ARM_LENGTH_TRANSACTION,RPO-BRENT_0.5Y_GLOBAL-081,True,SYNTHETIC_RFET_EVIDENCE,Synthetic transaction or committed-quote event; not an observed public closing price
BRENT_0.5Y_GLOBAL,2026-03-10,SYNTHETIC_ARM_LENGTH_TRANSACTION,RPO-BRENT_0.5Y_GLOBAL-082,True,SYNTHETIC_RFET_EVIDENCE,Synthetic transaction or committed-quote event; not an observed public closing price
BRENT_0.5Y_GLOBAL,2026-03-12,SYNTHETIC_ARM_LENGTH_TRANSACTION,RPO-BRENT_0.5Y_GLOBAL-083,True,SYNTHETIC_RFET_EVIDENCE,Synthetic transaction or committed-quote event; not an observed public closing price
BRENT_0.5Y_GLOBAL,2026-03-16,SYNTHETIC_ARM_LENGTH_TRANSACTION,RPO-BRENT_0.5Y_GLOBAL-084,True,SYNTHETIC_RFET_EVIDENCE,Synthetic transaction or committed-quote event; not an observed public closing price
BRENT_0.5Y_GLOBAL,2026-03-18,SYNTHETIC_ARM_LENGTH_TRANSACTION,RPO-BRENT_0.5Y_GLOBAL-085,True,SYNTHETIC_RFET_EVIDENCE,Synthetic transaction or committed-quote event; not an observed public closing price
BRENT_0.5Y_GLOBAL,2026-03-20,SYNTHETIC_ARM_LENGTH_TRANSACTION,RPO-BRENT_0.5Y_GLOBAL-086,True,SYNTHETIC_RFET_EVIDENCE,Synthetic transaction or committed-quote event; not an observed public closing price
BRENT_0.5Y_GLOBAL,2026-03-25,SYNTHETIC_ARM_LENGTH_TRANSACTION,RPO-BRENT_0.5Y_GLOBAL-087,True,SYNTHETIC_RFET_EVIDENCE,Synthetic transaction or committed-quote event; not an observed public closing price
BRENT_0.5Y_GLOBAL,2026-03-27,SYNTHETIC_ARM_LENGTH_TRANSACTION,RPO-BRENT_0.5Y_GLOBAL-088,True,SYNTHETIC_RFET_EVIDENCE,Synthetic transaction or committed-quote event; not an observed public closing price
BRENT_0.5Y_GLOBAL,2026-03-31,SYNTHETIC_ARM_LENGTH_TRANSACTION,RPO-BRENT_0.5Y_GLOBAL-089,True,SYNTHETIC_RFET_EVIDENCE,Synthetic transaction or committed-quote event; not an observed public closing price
BRENT_0.5Y_GLOBAL,2026-04-02,SYNTHETIC_ARM_LENGTH_TRANSACTION,RPO-BRENT_0.5Y_GLOBAL-090,True,SYNTHETIC_RFET_EVIDENCE,Synthetic transaction or committed-quote event; not an observed public closing price
BRENT_0.5Y_GLOBAL,2026-04-07,SYNTHETIC_ARM_LENGTH_TRANSACTION,RPO-BRENT_0.5Y_GLOBAL-091,True,SYNTHETIC_RFET_EVIDENCE,Synthetic transaction or committed-quote event; not an observed public closing price
BRENT_0.5Y_GLOBAL,2026-04-09,SYNTHETIC_ARM_LENGTH_TRANSACTION,RPO-BRENT_0.5Y_GLOBAL-092,True,SYNTHETIC_RFET_EVIDENCE,Synthetic transaction or committed-quote event; not an observed public closing price
BRENT_0.5Y_GLOBAL,2026-04-13,SYNTHETIC_ARM_LENGTH_TRANSACTION,RPO-BRENT_0.5Y_GLOBAL-093,True,SYNTHETIC_RFET_EVIDENCE,Synthetic transaction or committed-quote event; not an observed public closing price
BRENT_0.5Y_GLOBAL,2026-04-15,SYNTHETIC_ARM_LENGTH_TRANSACTION,RPO-BRENT_0.5Y_GLOBAL-094,True,SYNTHETIC_RFET_EVIDENCE,Synthetic transaction or committed-quote event; not an observed public closing price
BRENT_0.5Y_GLOBAL,2026-04-17,SYNTHETIC_ARM_LENGTH_TRANSACTION,RPO-BRENT_0.5Y_GLOBAL-095,True,SYNTHETIC_RFET_EVIDENCE,Synthetic transaction or committed-quote event; not an observed public closing price
BRENT_0.5Y_GLOBAL,2026-04-22,SYNTHETIC_ARM_LENGTH_TRANSACTION,RPO-BRENT_0.5Y_GLOBAL-096,True,SYNTHETIC_RFET_EVIDENCE,Synthetic transaction or committed-quote event; not an observed public closing price
BRENT_0.5Y_GLOBAL,2026-04-24,SYNTHETIC_ARM_LENGTH_TRANSACTION,RPO-BRENT_0.5Y_GLOBAL-097,True,SYNTHETIC_RFET_EVIDENCE,Synthetic transaction or committed-quote event; not an observed public closing price
BRENT_0.5Y_GLOBAL,2026-04-28,SYNTHETIC_ARM_LENGTH_TRANSACTION,RPO-BRENT_0.5Y_GLOBAL-098,True,SYNTHETIC_RFET_EVIDENCE,Synthetic transaction or committed-quote event; not an observed public closing price
BRENT_0.5Y_GLOBAL,2026-04-30,SYNTHETIC_ARM_LENGTH_TRANSACTION,RPO-BRENT_0.5Y_GLOBAL-099,True,SYNTHETIC_RFET_EVIDENCE,Synthetic transaction or committed-quote event; not an observed public closing price
BRENT_0.5Y_GLOBAL,2026-05-05,SYNTHETIC_ARM_LENGTH_TRANSACTION,RPO-BRENT_0.5Y_GLOBAL-100,True,SYNTHETIC_RFET_EVIDENCE,Synthetic transaction or committed-quote event; not an observed public closing price
BRENT_0.5Y_GLOBAL,2026-05-07,SYNTHETIC_ARM_LENGTH_TRANSACTION,RPO-BRENT_0.5Y_GLOBAL-101,True,SYNTHETIC_RFET_EVIDENCE,Synthetic transaction or committed-quote event; not an observed public closing price
BRENT_0.5Y_GLOBAL,2026-05-11,SYNTHETIC_ARM_LENGTH_TRANSACTION,RPO-BRENT_0.5Y_GLOBAL-102,True,SYNTHETIC_RFET_EVIDENCE,Synthetic transaction or committed-quote event; not an observed public closing price
BRENT_0.5Y_GLOBAL,2026-05-13,SYNTHETIC_ARM_LENGTH_TRANSACTION,RPO-BRENT_0.5Y_GLOBAL-103,True,SYNTHETIC_RFET_EVIDENCE,Synthetic transaction or committed-quote event; not an observed public closing price
BRENT_0.5Y_GLOBAL,2026-05-15,SYNTHETIC_ARM_LENGTH_TRANSACTION,RPO-BRENT_0.5Y_GLOBAL-104,True,SYNTHETIC_RFET_EVIDENCE,Synthetic transaction or committed-quote event; not an observed public closing price
BRENT_0.5Y_GLOBAL,2026-05-20,SYNTHETIC_ARM_LENGTH_TRANSACTION,RPO-BRENT_0.5Y_GLOBAL-105,True,SYNTHETIC_RFET_EVIDENCE,Synthetic transaction or committed-quote event; not an observed public closing price
BRENT_0.5Y_GLOBAL,2026-05-22,SYNTHETIC_ARM_LENGTH_TRANSACTION,RPO-BRENT_0.5Y_GLOBAL-106,True,SYNTHETIC_RFET_EVIDENCE,Synthetic transaction or committed-quote event; not an observed public closing price
BRENT_0.5Y_GLOBAL,2026-05-26,SYNTHETIC_ARM_LENGTH_TRANSACTION,RPO-BRENT_0.5Y_GLOBAL-107,True,SYNTHETIC_RFET_EVIDENCE,Synthetic transaction or committed-quote event; not an observed public closing price
BRENT_0.5Y_GLOBAL,2026-05-28,SYNTHETIC_ARM_LENGTH_TRANSACTION,RPO-BRENT_0.5Y_GLOBAL-108,True,SYNTHETIC_RFET_EVIDENCE,Synthetic transaction or committed-quote event; not an observed public closing price
BRENT_0.5Y_GLOBAL,2026-06-02,SYNTHETIC_ARM_LENGTH_TRANSACTION,RPO-BRENT_0.5Y_GLOBAL-109,True,SYNTHETIC_RFET_EVIDENCE,Synthetic transaction or committed-quote event; not an observed public closing price
BRENT_0.5Y_GLOBAL,2026-06-04,SYNTHETIC_ARM_LENGTH_TRANSACTION,RPO-BRENT_0.5Y_GLOBAL-110,True,SYNTHETIC_RFET_EVIDENCE,Synthetic transaction or committed-quote event; not an observed public closing price
BRENT_0.5Y_GLOBAL,2026-06-08,SYNTHETIC_ARM_LENGTH_TRANSACTION,RPO-BRENT_0.5Y_GLOBAL-111,True,SYNTHETIC_RFET_EVIDENCE,Synthetic transaction or committed-quote event; not an observed public closing price
BRENT_0.5Y_GLOBAL,2026-06-10,SYNTHETIC_ARM_LENGTH_TRANSACTION,RPO-BRENT_0.5Y_GLOBAL-112,True,SYNTHETIC_RFET_EVIDENCE,Synthetic transaction or committed-quote event; not an observed public closing price
BRENT_0.5Y_GLOBAL,2026-06-12,SYNTHETIC_ARM_LENGTH_TRANSACTION,RPO-BRENT_0.5Y_GLOBAL-113,True,SYNTHETIC_RFET_EVIDENCE,Synthetic transaction or committed-quote event; not an observed public closing price
BRENT_0.5Y_GLOBAL,2026-06-17,SYNTHETIC_ARM_LENGTH_TRANSACTION,RPO-BRENT_0.5Y_GLOBAL-114,True,SYNTHETIC_RFET_EVIDENCE,Synthetic transaction or committed-quote event; not an observed public closing price
BRENT_0.5Y_GLOBAL,2026-06-19,SYNTHETIC_ARM_LENGTH_TRANSACTION,RPO-BRENT_0.5Y_GLOBAL-115,True,SYNTHETIC_RFET_EVIDENCE,Synthetic transaction or committed-quote event; not an observed public closing price
BRENT_0.5Y_GLOBAL,2026-06-23,SYNTHETIC_ARM_LENGTH_TRANSACTION,RPO-BRENT_0.5Y_GLOBAL-116,True,SYNTHETIC_RFET_EVIDENCE,Synthetic transaction or committed-quote event; not an observed public closing price
BRENT_0.5Y_GLOBAL,2026-06-25,SYNTHETIC_ARM_LENGTH_TRANSACTION,RPO-BRENT_0.5Y_GLOBAL-117,True,SYNTHETIC_RFET_EVIDENCE,Synthetic transaction or committed-quote event; not an observed public closing price
BRENT_0.5Y_GLOBAL,2026-06-30,SYNTHETIC_ARM_LENGTH_TRANSACTION,RPO-BRENT_0.5Y_GLOBAL-118,True,SYNTHETIC_RFET_EVIDENCE,Synthetic transaction or committed-quote event; not an observed public closing price
BRENT_1.0Y_GLOBAL,2025-07-01,SYNTHETIC_ARM_LENGTH_TRANSACTION,RPO-BRENT_1.0Y_GLOBAL-001,True,SYNTHETIC_RFET_EVIDENCE,Synthetic transaction or committed-quote event; not an observed public closing price
BRENT_1.0Y_GLOBAL,2025-07-03,SYNTHETIC_ARM_LENGTH_TRANSACTION,RPO-BRENT_1.0Y_GLOBAL-002,True,SYNTHETIC_RFET_EVIDENCE,Synthetic transaction or committed-quote event; not an observed public closing price
BRENT_1.0Y_GLOBAL,2025-07-07,SYNTHETIC_ARM_LENGTH_TRANSACTION,RPO-BRENT_1.0Y_GLOBAL-003,True,SYNTHETIC_RFET_EVIDENCE,Synthetic transaction or committed-quote event; not an observed public closing price
BRENT_1.0Y_GLOBAL,2025-07-09,SYNTHETIC_ARM_LENGTH_TRANSACTION,RPO-BRENT_1.0Y_GLOBAL-004,True,SYNTHETIC_RFET_EVIDENCE,Synthetic transaction or committed-quote event; not an observed public closing price
BRENT_1.0Y_GLOBAL,2025-07-11,SYNTHETIC_ARM_LENGTH_TRANSACTION,RPO-BRENT_1.0Y_GLOBAL-005,True,SYNTHETIC_RFET_EVIDENCE,Synthetic transaction or committed-quote event; not an observed public closing price
BRENT_1.0Y_GLOBAL,2025-07-16,SYNTHETIC_ARM_LENGTH_TRANSACTION,RPO-BRENT_1.0Y_GLOBAL-006,True,SYNTHETIC_RFET_EVIDENCE,Synthetic transaction or committed-quote event; not an observed public closing price
BRENT_1.0Y_GLOBAL,2025-07-18,SYNTHETIC_ARM_LENGTH_TRANSACTION,RPO-BRENT_1.0Y_GLOBAL-007,True,SYNTHETIC_RFET_EVIDENCE,Synthetic transaction or committed-quote event; not an observed public closing price
BRENT_1.0Y_GLOBAL,2025-07-22,SYNTHETIC_ARM_LENGTH_TRANSACTION,RPO-BRENT_1.0Y_GLOBAL-008,True,SYNTHETIC_RFET_EVIDENCE,Synthetic transaction or committed-quote event; not an observed public closing price
BRENT_1.0Y_GLOBAL,2025-07-24,SYNTHETIC_ARM_LENGTH_TRANSACTION,RPO-BRENT_1.0Y_GLOBAL-009,True,SYNTHETIC_RFET_EVIDENCE,Synthetic transaction or committed-quote event; not an observed public closing price
BRENT_1.0Y_GLOBAL,2025-07-29,SYNTHETIC_ARM_LENGTH_TRANSACTION,RPO-BRENT_1.0Y_GLOBAL-010,True,SYNTHETIC_RFET_EVIDENCE,Synthetic transaction or committed-quote event; not an observed public closing price
BRENT_1.0Y_GLOBAL,2025-07-31,SYNTHETIC_ARM_LENGTH_TRANSACTION,RPO-BRENT_1.0Y_GLOBAL-011,True,SYNTHETIC_RFET_EVIDENCE,Synthetic transaction or committed-quote event; not an observed public closing price
BRENT_1.0Y_GLOBAL,2025-08-04,SYNTHETIC_ARM_LENGTH_TRANSACTION,RPO-BRENT_1.0Y_GLOBAL-012,True,SYNTHETIC_RFET_EVIDENCE,Synthetic transaction or committed-quote event; not an observed public closing price
BRENT_1.0Y_GLOBAL,2025-08-06,SYNTHETIC_ARM_LENGTH_TRANSACTION,RPO-BRENT_1.0Y_GLOBAL-013,True,SYNTHETIC_RFET_EVIDENCE,Synthetic transaction or committed-quote event; not an observed public closing price
BRENT_1.0Y_GLOBAL,2025-08-08,SYNTHETIC_ARM_LENGTH_TRANSACTION,RPO-BRENT_1.0Y_GLOBAL-014,True,SYNTHETIC_RFET_EVIDENCE,Synthetic transaction or committed-quote event; not an observed public closing price
BRENT_1.0Y_GLOBAL,2025-08-13,SYNTHETIC_ARM_LENGTH_TRANSACTION,RPO-BRENT_1.0Y_GLOBAL-015,True,SYNTHETIC_RFET_EVIDENCE,Synthetic transaction or committed-quote event; not an observed public closing price
BRENT_1.0Y_GLOBAL,2025-08-15,SYNTHETIC_ARM_LENGTH_TRANSACTION,RPO-BRENT_1.0Y_GLOBAL-016,True,SYNTHETIC_RFET_EVIDENCE,Synthetic transaction or committed-quote event; not an observed public closing price
BRENT_1.0Y_GLOBAL,2025-08-19,SYNTHETIC_ARM_LENGTH_TRANSACTION,RPO-BRENT_1.0Y_GLOBAL-017,True,SYNTHETIC_RFET_EVIDENCE,Synthetic transaction or committed-quote event; not an observed public closing price
BRENT_1.0Y_GLOBAL,2025-08-21,SYNTHETIC_ARM_LENGTH_TRANSACTION,RPO-BRENT_1.0Y_GLOBAL-018,True,SYNTHETIC_RFET_EVIDENCE,Synthetic transaction or committed-quote event; not an observed public closing price
BRENT_1.0Y_GLOBAL,2025-08-26,SYNTHETIC_ARM_LENGTH_TRANSACTION,RPO-BRENT_1.0Y_GLOBAL-019,True,SYNTHETIC_RFET_EVIDENCE,Synthetic transaction or committed-quote event; not an observed public closing price
BRENT_1.0Y_GLOBAL,2025-08-28,SYNTHETIC_ARM_LENGTH_TRANSACTION,RPO-BRENT_1.0Y_GLOBAL-020,True,SYNTHETIC_RFET_EVIDENCE,Synthetic transaction or committed-quote event; not an observed public closing price
BRENT_1.0Y_GLOBAL,2025-09-01,SYNTHETIC_ARM_LENGTH_TRANSACTION,RPO-BRENT_1.0Y_GLOBAL-021,True,SYNTHETIC_RFET_EVIDENCE,Synthetic transaction or committed-quote event; not an observed public closing price
BRENT_1.0Y_GLOBAL,2025-09-03,SYNTHETIC_ARM_LENGTH_TRANSACTION,RPO-BRENT_1.0Y_GLOBAL-022,True,SYNTHETIC_RFET_EVIDENCE,Synthetic transaction or committed-quote event; not an observed public closing price
BRENT_1.0Y_GLOBAL,2025-09-05,SYNTHETIC_ARM_LENGTH_TRANSACTION,RPO-BRENT_1.0Y_GLOBAL-023,True,SYNTHETIC_RFET_EVIDENCE,Synthetic transaction or committed-quote event; not an observed public closing price
BRENT_1.0Y_GLOBAL,2025-09-10,SYNTHETIC_ARM_LENGTH_TRANSACTION,RPO-BRENT_1.0Y_GLOBAL-024,True,SYNTHETIC_RFET_EVIDENCE,Synthetic transaction or committed-quote event; not an observed public closing price
BRENT_1.0Y_GLOBAL,2025-09-12,SYNTHETIC_ARM_LENGTH_TRANSACTION,RPO-BRENT_1.0Y_GLOBAL-025,True,SYNTHETIC_RFET_EVIDENCE,Synthetic transaction or committed-quote event; not an observed public closing price
BRENT_1.0Y_GLOBAL,2025-09-16,SYNTHETIC_ARM_LENGTH_TRANSACTION,RPO-BRENT_1.0Y_GLOBAL-026,True,SYNTHETIC_RFET_EVIDENCE,Synthetic transaction or committed-quote event; not an observed public closing price
BRENT_1.0Y_GLOBAL,2025-09-18,SYNTHETIC_ARM_LENGTH_TRANSACTION,RPO-BRENT_1.0Y_GLOBAL-027,True,SYNTHETIC_RFET_EVIDENCE,Synthetic transaction or committed-quote event; not an observed public closing price
BRENT_1.0Y_GLOBAL,2025-09-23,SYNTHETIC_ARM_LENGTH_TRANSACTION,RPO-BRENT_1.0Y_GLOBAL-028,True,SYNTHETIC_RFET_EVIDENCE,Synthetic transaction or committed-quote event; not an observed public closing price
BRENT_1.0Y_GLOBAL,2025-09-25,SYNTHETIC_ARM_LENGTH_TRANSACTION,RPO-BRENT_1.0Y_GLOBAL-029,True,SYNTHETIC_RFET_EVIDENCE,Synthetic transaction or committed-quote event; not an observed public closing price
BRENT_1.0Y_GLOBAL,2025-09-29,SYNTHETIC_ARM_LENGTH_TRANSACTION,RPO-BRENT_1.0Y_GLOBAL-030,True,SYNTHETIC_RFET_EVIDENCE,Synthetic transaction or committed-quote event; not an observed public closing price
BRENT_1.0Y_GLOBAL,2025-10-01,SYNTHETIC_ARM_LENGTH_TRANSACTION,RPO-BRENT_1.0Y_GLOBAL-031,True,SYNTHETIC_RFET_EVIDENCE,Synthetic transaction or committed-quote event; not an observed public closing price
BRENT_1.0Y_GLOBAL,2025-10-03,SYNTHETIC_ARM_LENGTH_TRANSACTION,RPO-BRENT_1.0Y_GLOBAL-032,True,SYNTHETIC_RFET_EVIDENCE,Synthetic transaction or committed-quote event; not an observed public closing price
BRENT_1.0Y_GLOBAL,2025-10-08,SYNTHETIC_ARM_LENGTH_TRANSACTION,RPO-BRENT_1.0Y_GLOBAL-033,True,SYNTHETIC_RFET_EVIDENCE,Synthetic transaction or committed-quote event; not an observed public closing price
BRENT_1.0Y_GLOBAL,2025-10-10,SYNTHETIC_ARM_LENGTH_TRANSACTION,RPO-BRENT_1.0Y_GLOBAL-034,True,SYNTHETIC_RFET_EVIDENCE,Synthetic transaction or committed-quote event; not an observed public closing price
BRENT_1.0Y_GLOBAL,2025-10-14,SYNTHETIC_ARM_LENGTH_TRANSACTION,RPO-BRENT_1.0Y_GLOBAL-035,True,SYNTHETIC_RFET_EVIDENCE,Synthetic transaction or committed-quote event; not an observed public closing price
BRENT_1.0Y_GLOBAL,2025-10-16,SYNTHETIC_ARM_LENGTH_TRANSACTION,RPO-BRENT_1.0Y_GLOBAL-036,True,SYNTHETIC_RFET_EVIDENCE,Synthetic transaction or committed-quote event; not an observed public closing price
BRENT_1.0Y_GLOBAL,2025-10-21,SYNTHETIC_ARM_LENGTH_TRANSACTION,RPO-BRENT_1.0Y_GLOBAL-037,True,SYNTHETIC_RFET_EVIDENCE,Synthetic transaction or committed-quote event; not an observed public closing price
BRENT_1.0Y_GLOBAL,2025-10-23,SYNTHETIC_ARM_LENGTH_TRANSACTION,RPO-BRENT_1.0Y_GLOBAL-038,True,SYNTHETIC_RFET_EVIDENCE,Synthetic transaction or committed-quote event; not an observed public closing price
BRENT_1.0Y_GLOBAL,2025-10-27,SYNTHETIC_ARM_LENGTH_TRANSACTION,RPO-BRENT_1.0Y_GLOBAL-039,True,SYNTHETIC_RFET_EVIDENCE,Synthetic transaction or committed-quote event; not an observed public closing price
BRENT_1.0Y_GLOBAL,2025-10-29,SYNTHETIC_ARM_LENGTH_TRANSACTION,RPO-BRENT_1.0Y_GLOBAL-040,True,SYNTHETIC_RFET_EVIDENCE,Synthetic transaction or committed-quote event; not an observed public closing price
BRENT_1.0Y_GLOBAL,2025-10-31,SYNTHETIC_ARM_LENGTH_TRANSACTION,RPO-BRENT_1.0Y_GLOBAL-041,True,SYNTHETIC_RFET_EVIDENCE,Synthetic transaction or committed-quote event; not an observed public closing price
BRENT_1.0Y_GLOBAL,2025-11-05,SYNTHETIC_ARM_LENGTH_TRANSACTION,RPO-BRENT_1.0Y_GLOBAL-042,True,SYNTHETIC_RFET_EVIDENCE,Synthetic transaction or committed-quote event; not an observed public closing price
BRENT_1.0Y_GLOBAL,2025-11-07,SYNTHETIC_ARM_LENGTH_TRANSACTION,RPO-BRENT_1.0Y_GLOBAL-043,True,SYNTHETIC_RFET_EVIDENCE,Synthetic transaction or committed-quote event; not an observed public closing price
BRENT_1.0Y_GLOBAL,2025-11-11,SYNTHETIC_ARM_LENGTH_TRANSACTION,RPO-BRENT_1.0Y_GLOBAL-044,True,SYNTHETIC_RFET_EVIDENCE,Synthetic transaction or committed-quote event; not an observed public closing price
BRENT_1.0Y_GLOBAL,2025-11-13,SYNTHETIC_ARM_LENGTH_TRANSACTION,RPO-BRENT_1.0Y_GLOBAL-045,True,SYNTHETIC_RFET_EVIDENCE,Synthetic transaction or committed-quote event; not an observed public closing price
BRENT_1.0Y_GLOBAL,2025-11-18,SYNTHETIC_ARM_LENGTH_TRANSACTION,RPO-BRENT_1.0Y_GLOBAL-046,True,SYNTHETIC_RFET_EVIDENCE,Synthetic transaction or committed-quote event; not an observed public closing price
BRENT_1.0Y_GLOBAL,2025-11-20,SYNTHETIC_ARM_LENGTH_TRANSACTION,RPO-BRENT_1.0Y_GLOBAL-047,True,SYNTHETIC_RFET_EVIDENCE,Synthetic transaction or committed-quote event; not an observed public closing price
BRENT_1.0Y_GLOBAL,2025-11-24,SYNTHETIC_ARM_LENGTH_TRANSACTION,RPO-BRENT_1.0Y_GLOBAL-048,True,SYNTHETIC_RFET_EVIDENCE,Synthetic transaction or committed-quote event; not an observed public closing price
BRENT_1.0Y_GLOBAL,2025-11-26,SYNTHETIC_ARM_LENGTH_TRANSACTION,RPO-BRENT_1.0Y_GLOBAL-049,True,SYNTHETIC_RFET_EVIDENCE,Synthetic transaction or committed-quote event; not an observed public closing price
BRENT_1.0Y_GLOBAL,2025-11-28,SYNTHETIC_ARM_LENGTH_TRANSACTION,RPO-BRENT_1.0Y_GLOBAL-050,True,SYNTHETIC_RFET_EVIDENCE,Synthetic transaction or committed-quote event; not an observed public closing price
BRENT_1.0Y_GLOBAL,2025-12-03,SYNTHETIC_ARM_LENGTH_TRANSACTION,RPO-BRENT_1.0Y_GLOBAL-051,True,SYNTHETIC_RFET_EVIDENCE,Synthetic transaction or committed-quote event; not an observed public closing price
BRENT_1.0Y_GLOBAL,2025-12-05,SYNTHETIC_ARM_LENGTH_TRANSACTION,RPO-BRENT_1.0Y_GLOBAL-052,True,SYNTHETIC_RFET_EVIDENCE,Synthetic transaction or committed-quote event; not an observed public closing price
BRENT_1.0Y_GLOBAL,2025-12-09,SYNTHETIC_ARM_LENGTH_TRANSACTION,RPO-BRENT_1.0Y_GLOBAL-053,True,SYNTHETIC_RFET_EVIDENCE,Synthetic transaction or committed-quote event; not an observed public closing price
BRENT_1.0Y_GLOBAL,2025-12-11,SYNTHETIC_ARM_LENGTH_TRANSACTION,RPO-BRENT_1.0Y_GLOBAL-054,True,SYNTHETIC_RFET_EVIDENCE,Synthetic transaction or committed-quote event; not an observed public closing price
BRENT_1.0Y_GLOBAL,2025-12-16,SYNTHETIC_ARM_LENGTH_TRANSACTION,RPO-BRENT_1.0Y_GLOBAL-055,True,SYNTHETIC_RFET_EVIDENCE,Synthetic transaction or committed-quote event; not an observed public closing price
BRENT_1.0Y_GLOBAL,2025-12-18,SYNTHETIC_ARM_LENGTH_TRANSACTION,RPO-BRENT_1.0Y_GLOBAL-056,True,SYNTHETIC_RFET_EVIDENCE,Synthetic transaction or committed-quote event; not an observed public closing price
BRENT_1.0Y_GLOBAL,2025-12-22,SYNTHETIC_ARM_LENGTH_TRANSACTION,RPO-BRENT_1.0Y_GLOBAL-057,True,SYNTHETIC_RFET_EVIDENCE,Synthetic transaction or committed-quote event; not an observed public closing price
BRENT_1.0Y_GLOBAL,2025-12-24,SYNTHETIC_ARM_LENGTH_TRANSACTION,RPO-BRENT_1.0Y_GLOBAL-058,True,SYNTHETIC_RFET_EVIDENCE,Synthetic transaction or committed-quote event; not an observed public closing price
BRENT_1.0Y_GLOBAL,2025-12-26,SYNTHETIC_ARM_LENGTH_TRANSACTION,RPO-BRENT_1.0Y_GLOBAL-059,True,SYNTHETIC_RFET_EVIDENCE,Synthetic transaction or committed-quote event; not an observed public closing price
BRENT_1.0Y_GLOBAL,2025-12-31,SYNTHETIC_ARM_LENGTH_TRANSACTION,RPO-BRENT_1.0Y_GLOBAL-060,True,SYNTHETIC_RFET_EVIDENCE,Synthetic transaction or committed-quote event; not an observed public closing price
BRENT_1.0Y_GLOBAL,2026-01-02,SYNTHETIC_ARM_LENGTH_TRANSACTION,RPO-BRENT_1.0Y_GLOBAL-061,True,SYNTHETIC_RFET_EVIDENCE,Synthetic transaction or committed-quote event; not an observed public closing price
BRENT_1.0Y_GLOBAL,2026-01-06,SYNTHETIC_ARM_LENGTH_TRANSACTION,RPO-BRENT_1.0Y_GLOBAL-062,True,SYNTHETIC_RFET_EVIDENCE,Synthetic transaction or committed-quote event; not an observed public closing price
BRENT_1.0Y_GLOBAL,2026-01-08,SYNTHETIC_ARM_LENGTH_TRANSACTION,RPO-BRENT_1.0Y_GLOBAL-063,True,SYNTHETIC_RFET_EVIDENCE,Synthetic transaction or committed-quote event; not an observed public closing price
BRENT_1.0Y_GLOBAL,2026-01-13,SYNTHETIC_ARM_LENGTH_TRANSACTION,RPO-BRENT_1.0Y_GLOBAL-064,True,SYNTHETIC_RFET_EVIDENCE,Synthetic transaction or committed-quote event; not an observed public closing price
BRENT_1.0Y_GLOBAL,2026-01-15,SYNTHETIC_ARM_LENGTH_TRANSACTION,RPO-BRENT_1.0Y_GLOBAL-065,True,SYNTHETIC_RFET_EVIDENCE,Synthetic transaction or committed-quote event; not an observed public closing price
BRENT_1.0Y_GLOBAL,2026-01-19,SYNTHETIC_ARM_LENGTH_TRANSACTION,RPO-BRENT_1.0Y_GLOBAL-066,True,SYNTHETIC_RFET_EVIDENCE,Synthetic transaction or committed-quote event; not an observed public closing price
BRENT_1.0Y_GLOBAL,2026-01-21,SYNTHETIC_ARM_LENGTH_TRANSACTION,RPO-BRENT_1.0Y_GLOBAL-067,True,SYNTHETIC_RFET_EVIDENCE,Synthetic transaction or committed-quote event; not an observed public closing price
BRENT_1.0Y_GLOBAL,2026-01-23,SYNTHETIC_ARM_LENGTH_TRANSACTION,RPO-BRENT_1.0Y_GLOBAL-068,True,SYNTHETIC_RFET_EVIDENCE,Synthetic transaction or committed-quote event; not an observed public closing price
BRENT_1.0Y_GLOBAL,2026-01-28,SYNTHETIC_ARM_LENGTH_TRANSACTION,RPO-BRENT_1.0Y_GLOBAL-069,True,SYNTHETIC_RFET_EVIDENCE,Synthetic transaction or committed-quote event; not an observed public closing price
BRENT_1.0Y_GLOBAL,2026-01-30,SYNTHETIC_ARM_LENGTH_TRANSACTION,RPO-BRENT_1.0Y_GLOBAL-070,True,SYNTHETIC_RFET_EVIDENCE,Synthetic transaction or committed-quote event; not an observed public closing price
BRENT_1.0Y_GLOBAL,2026-02-03,SYNTHETIC_ARM_LENGTH_TRANSACTION,RPO-BRENT_1.0Y_GLOBAL-071,True,SYNTHETIC_RFET_EVIDENCE,Synthetic transaction or committed-quote event; not an observed public closing price
BRENT_1.0Y_GLOBAL,2026-02-05,SYNTHETIC_ARM_LENGTH_TRANSACTION,RPO-BRENT_1.0Y_GLOBAL-072,True,SYNTHETIC_RFET_EVIDENCE,Synthetic transaction or committed-quote event; not an observed public closing price
BRENT_1.0Y_GLOBAL,2026-02-10,SYNTHETIC_ARM_LENGTH_TRANSACTION,RPO-BRENT_1.0Y_GLOBAL-073,True,SYNTHETIC_RFET_EVIDENCE,Synthetic transaction or committed-quote event; not an observed public closing price
BRENT_1.0Y_GLOBAL,2026-02-12,SYNTHETIC_ARM_LENGTH_TRANSACTION,RPO-BRENT_1.0Y_GLOBAL-074,True,SYNTHETIC_RFET_EVIDENCE,Synthetic transaction or committed-quote event; not an observed public closing price
BRENT_1.0Y_GLOBAL,2026-02-16,SYNTHETIC_ARM_LENGTH_TRANSACTION,RPO-BRENT_1.0Y_GLOBAL-075,True,SYNTHETIC_RFET_EVIDENCE,Synthetic transaction or committed-quote event; not an observed public closing price
BRENT_1.0Y_GLOBAL,2026-02-18,SYNTHETIC_ARM_LENGTH_TRANSACTION,RPO-BRENT_1.0Y_GLOBAL-076,True,SYNTHETIC_RFET_EVIDENCE,Synthetic transaction or committed-quote event; not an observed public closing price
BRENT_1.0Y_GLOBAL,2026-02-20,SYNTHETIC_ARM_LENGTH_TRANSACTION,RPO-BRENT_1.0Y_GLOBAL-077,True,SYNTHETIC_RFET_EVIDENCE,Synthetic transaction or committed-quote event; not an observed public closing price
BRENT_1.0Y_GLOBAL,2026-02-25,SYNTHETIC_ARM_LENGTH_TRANSACTION,RPO-BRENT_1.0Y_GLOBAL-078,True,SYNTHETIC_RFET_EVIDENCE,Synthetic transaction or committed-quote event; not an observed public closing price
BRENT_1.0Y_GLOBAL,2026-02-27,SYNTHETIC_ARM_LENGTH_TRANSACTION,RPO-BRENT_1.0Y_GLOBAL-079,True,SYNTHETIC_RFET_EVIDENCE,Synthetic transaction or committed-quote event; not an observed public closing price
BRENT_1.0Y_GLOBAL,2026-03-03,SYNTHETIC_ARM_LENGTH_TRANSACTION,RPO-BRENT_1.0Y_GLOBAL-080,True,SYNTHETIC_RFET_EVIDENCE,Synthetic transaction or committed-quote event; not an observed public closing price
BRENT_1.0Y_GLOBAL,2026-03-05,SYNTHETIC_ARM_LENGTH_TRANSACTION,RPO-BRENT_1.0Y_GLOBAL-081,True,SYNTHETIC_RFET_EVIDENCE,Synthetic transaction or committed-quote event; not an observed public closing price
BRENT_1.0Y_GLOBAL,2026-03-10,SYNTHETIC_ARM_LENGTH_TRANSACTION,RPO-BRENT_1.0Y_GLOBAL-082,True,SYNTHETIC_RFET_EVIDENCE,Synthetic transaction or committed-quote event; not an observed public closing price
BRENT_1.0Y_GLOBAL,2026-03-12,SYNTHETIC_ARM_LENGTH_TRANSACTION,RPO-BRENT_1.0Y_GLOBAL-083,True,SYNTHETIC_RFET_EVIDENCE,Synthetic transaction or committed-quote event; not an observed public closing price
BRENT_1.0Y_GLOBAL,2026-03-16,SYNTHETIC_ARM_LENGTH_TRANSACTION,RPO-BRENT_1.0Y_GLOBAL-084,True,SYNTHETIC_RFET_EVIDENCE,Synthetic transaction or committed-quote event; not an observed public closing price
BRENT_1.0Y_GLOBAL,2026-03-18,SYNTHETIC_ARM_LENGTH_TRANSACTION,RPO-BRENT_1.0Y_GLOBAL-085,True,SYNTHETIC_RFET_EVIDENCE,Synthetic transaction or committed-quote event; not an observed public closing price
BRENT_1.0Y_GLOBAL,2026-03-20,SYNTHETIC_ARM_LENGTH_TRANSACTION,RPO-BRENT_1.0Y_GLOBAL-086,True,SYNTHETIC_RFET_EVIDENCE,Synthetic transaction or committed-quote event; not an observed public closing price
BRENT_1.0Y_GLOBAL,2026-03-25,SYNTHETIC_ARM_LENGTH_TRANSACTION,RPO-BRENT_1.0Y_GLOBAL-087,True,SYNTHETIC_RFET_EVIDENCE,Synthetic transaction or committed-quote event; not an observed public closing price
BRENT_1.0Y_GLOBAL,2026-03-27,SYNTHETIC_ARM_LENGTH_TRANSACTION,RPO-BRENT_1.0Y_GLOBAL-088,True,SYNTHETIC_RFET_EVIDENCE,Synthetic transaction or committed-quote event; not an observed public closing price
BRENT_1.0Y_GLOBAL,2026-03-31,SYNTHETIC_ARM_LENGTH_TRANSACTION,RPO-BRENT_1.0Y_GLOBAL-089,True,SYNTHETIC_RFET_EVIDENCE,Synthetic transaction or committed-quote event; not an observed public closing price
BRENT_1.0Y_GLOBAL,2026-04-02,SYNTHETIC_ARM_LENGTH_TRANSACTION,RPO-BRENT_1.0Y_GLOBAL-090,True,SYNTHETIC_RFET_EVIDENCE,Synthetic transaction or committed-quote event; not an observed public closing price
BRENT_1.0Y_GLOBAL,2026-04-07,SYNTHETIC_ARM_LENGTH_TRANSACTION,RPO-BRENT_1.0Y_GLOBAL-091,True,SYNTHETIC_RFET_EVIDENCE,Synthetic transaction or committed-quote event; not an observed public closing price
BRENT_1.0Y_GLOBAL,2026-04-09,SYNTHETIC_ARM_LENGTH_TRANSACTION,RPO-BRENT_1.0Y_GLOBAL-092,True,SYNTHETIC_RFET_EVIDENCE,Synthetic transaction or committed-quote event; not an observed public closing price
BRENT_1.0Y_GLOBAL,2026-04-13,SYNTHETIC_ARM_LENGTH_TRANSACTION,RPO-BRENT_1.0Y_GLOBAL-093,True,SYNTHETIC_RFET_EVIDENCE,Synthetic transaction or committed-quote event; not an observed public closing price
BRENT_1.0Y_GLOBAL,2026-04-15,SYNTHETIC_ARM_LENGTH_TRANSACTION,RPO-BRENT_1.0Y_GLOBAL-094,True,SYNTHETIC_RFET_EVIDENCE,Synthetic transaction or committed-quote event; not an observed public closing price
BRENT_1.0Y_GLOBAL,2026-04-17,SYNTHETIC_ARM_LENGTH_TRANSACTION,RPO-BRENT_1.0Y_GLOBAL-095,True,SYNTHETIC_RFET_EVIDENCE,Synthetic transaction or committed-quote event; not an observed public closing price
BRENT_1.0Y_GLOBAL,2026-04-22,SYNTHETIC_ARM_LENGTH_TRANSACTION,RPO-BRENT_1.0Y_GLOBAL-096,True,SYNTHETIC_RFET_EVIDENCE,Synthetic transaction or committed-quote event; not an observed public closing price
BRENT_1.0Y_GLOBAL,2026-04-24,SYNTHETIC_ARM_LENGTH_TRANSACTION,RPO-BRENT_1.0Y_GLOBAL-097,True,SYNTHETIC_RFET_EVIDENCE,Synthetic transaction or committed-quote event; not an observed public closing price
BRENT_1.0Y_GLOBAL,2026-04-28,SYNTHETIC_ARM_LENGTH_TRANSACTION,RPO-BRENT_1.0Y_GLOBAL-098,True,SYNTHETIC_RFET_EVIDENCE,Synthetic transaction or committed-quote event; not an observed public closing price
BRENT_1.0Y_GLOBAL,2026-04-30,SYNTHETIC_ARM_LENGTH_TRANSACTION,RPO-BRENT_1.0Y_GLOBAL-099,True,SYNTHETIC_RFET_EVIDENCE,Synthetic transaction or committed-quote event; not an observed public closing price
BRENT_1.0Y_GLOBAL,2026-05-05,SYNTHETIC_ARM_LENGTH_TRANSACTION,RPO-BRENT_1.0Y_GLOBAL-100,True,SYNTHETIC_RFET_EVIDENCE,Synthetic transaction or committed-quote event; not an observed public closing price
BRENT_1.0Y_GLOBAL,2026-05-07,SYNTHETIC_ARM_LENGTH_TRANSACTION,RPO-BRENT_1.0Y_GLOBAL-101,True,SYNTHETIC_RFET_EVIDENCE,Synthetic transaction or committed-quote event; not an observed public closing price
BRENT_1.0Y_GLOBAL,2026-05-11,SYNTHETIC_ARM_LENGTH_TRANSACTION,RPO-BRENT_1.0Y_GLOBAL-102,True,SYNTHETIC_RFET_EVIDENCE,Synthetic transaction or committed-quote event; not an observed public closing price
BRENT_1.0Y_GLOBAL,2026-05-13,SYNTHETIC_ARM_LENGTH_TRANSACTION,RPO-BRENT_1.0Y_GLOBAL-103,True,SYNTHETIC_RFET_EVIDENCE,Synthetic transaction or committed-quote event; not an observed public closing price
BRENT_1.0Y_GLOBAL,2026-05-15,SYNTHETIC_ARM_LENGTH_TRANSACTION,RPO-BRENT_1.0Y_GLOBAL-104,True,SYNTHETIC_RFET_EVIDENCE,Synthetic transaction or committed-quote event; not an observed public closing price
BRENT_1.0Y_GLOBAL,2026-05-20,SYNTHETIC_ARM_LENGTH_TRANSACTION,RPO-BRENT_1.0Y_GLOBAL-105,True,SYNTHETIC_RFET_EVIDENCE,Synthetic transaction or committed-quote event; not an observed public closing price
BRENT_1.0Y_GLOBAL,2026-05-22,SYNTHETIC_ARM_LENGTH_TRANSACTION,RPO-BRENT_1.0Y_GLOBAL-106,True,SYNTHETIC_RFET_EVIDENCE,Synthetic transaction or committed-quote event; not an observed public closing price
BRENT_1.0Y_GLOBAL,2026-05-26,SYNTHETIC_ARM_LENGTH_TRANSACTION,RPO-BRENT_1.0Y_GLOBAL-107,True,SYNTHETIC_RFET_EVIDENCE,Synthetic transaction or committed-quote event; not an observed public closing price
BRENT_1.0Y_GLOBAL,2026-05-28,SYNTHETIC_ARM_LENGTH_TRANSACTION,RPO-BRENT_1.0Y_GLOBAL-108,True,SYNTHETIC_RFET_EVIDENCE,Synthetic transaction or committed-quote event; not an observed public closing price
BRENT_1.0Y_GLOBAL,2026-06-02,SYNTHETIC_ARM_LENGTH_TRANSACTION,RPO-BRENT_1.0Y_GLOBAL-109,True,SYNTHETIC_RFET_EVIDENCE,Synthetic transaction or committed-quote event; not an observed public closing price
BRENT_1.0Y_GLOBAL,2026-06-04,SYNTHETIC_ARM_LENGTH_TRANSACTION,RPO-BRENT_1.0Y_GLOBAL-110,True,SYNTHETIC_RFET_EVIDENCE,Synthetic transaction or committed-quote event; not an observed public closing price
BRENT_1.0Y_GLOBAL,2026-06-08,SYNTHETIC_ARM_LENGTH_TRANSACTION,RPO-BRENT_1.0Y_GLOBAL-111,True,SYNTHETIC_RFET_EVIDENCE,Synthetic transaction or committed-quote event; not an observed public closing price
BRENT_1.0Y_GLOBAL,2026-06-10,SYNTHETIC_ARM_LENGTH_TRANSACTION,RPO-BRENT_1.0Y_GLOBAL-112,True,SYNTHETIC_RFET_EVIDENCE,Synthetic transaction or committed-quote event; not an observed public closing price
BRENT_1.0Y_GLOBAL,2026-06-12,SYNTHETIC_ARM_LENGTH_TRANSACTION,RPO-BRENT_1.0Y_GLOBAL-113,True,SYNTHETIC_RFET_EVIDENCE,Synthetic transaction or committed-quote event; not an observed public closing price
BRENT_1.0Y_GLOBAL,2026-06-17,SYNTHETIC_ARM_LENGTH_TRANSACTION,RPO-BRENT_1.0Y_GLOBAL-114,True,SYNTHETIC_RFET_EVIDENCE,Synthetic transaction or committed-quote event; not an observed public closing price
BRENT_1.0Y_GLOBAL,2026-06-19,SYNTHETIC_ARM_LENGTH_TRANSACTION,RPO-BRENT_1.0Y_GLOBAL-115,True,SYNTHETIC_RFET_EVIDENCE,Synthetic transaction or committed-quote event; not an observed public closing price
BRENT_1.0Y_GLOBAL,2026-06-23,SYNTHETIC_ARM_LENGTH_TRANSACTION,RPO-BRENT_1.0Y_GLOBAL-116,True,SYNTHETIC_RFET_EVIDENCE,Synthetic transaction or committed-quote event; not an observed public closing price
BRENT_1.0Y_GLOBAL,2026-06-25,SYNTHETIC_ARM_LENGTH_TRANSACTION,RPO-BRENT_1.0Y_GLOBAL-117,True,SYNTHETIC_RFET_EVIDENCE,Synthetic transaction or committed-quote event; not an observed public closing price
BRENT_1.0Y_GLOBAL,2026-06-30,SYNTHETIC_ARM_LENGTH_TRANSACTION,RPO-BRENT_1.0Y_GLOBAL-118,True,SYNTHETIC_RFET_EVIDENCE,Synthetic transaction or committed-quote event; not an observed public closing price
BRENT_VOL_0.5Y,2025-07-01,SYNTHETIC_COMMITTED_QUOTE,RPO-BRENT_VOL_0.5Y-001,True,SYNTHETIC_RFET_EVIDENCE,Synthetic transaction or committed-quote event; not an observed public closing price
BRENT_VOL_0.5Y,2025-07-11,SYNTHETIC_COMMITTED_QUOTE,RPO-BRENT_VOL_0.5Y-002,True,SYNTHETIC_RFET_EVIDENCE,Synthetic transaction or committed-quote event; not an observed public closing price
BRENT_VOL_0.5Y,2025-07-23,SYNTHETIC_COMMITTED_QUOTE,RPO-BRENT_VOL_0.5Y-003,True,SYNTHETIC_RFET_EVIDENCE,Synthetic transaction or committed-quote event; not an observed public closing price
BRENT_VOL_0.5Y,2025-08-05,SYNTHETIC_COMMITTED_QUOTE,RPO-BRENT_VOL_0.5Y-004,True,SYNTHETIC_RFET_EVIDENCE,Synthetic transaction or committed-quote event; not an observed public closing price
BRENT_VOL_0.5Y,2025-08-15,SYNTHETIC_COMMITTED_QUOTE,RPO-BRENT_VOL_0.5Y-005,True,SYNTHETIC_RFET_EVIDENCE,Synthetic transaction or committed-quote event; not an observed public closing price
BRENT_VOL_0.5Y,2025-08-27,SYNTHETIC_COMMITTED_QUOTE,RPO-BRENT_VOL_0.5Y-006,True,SYNTHETIC_RFET_EVIDENCE,Synthetic transaction or committed-quote event; not an observed public closing price
BRENT_VOL_0.5Y,2025-09-09,SYNTHETIC_COMMITTED_QUOTE,RPO-BRENT_VOL_0.5Y-007,True,SYNTHETIC_RFET_EVIDENCE,Synthetic transaction or committed-quote event; not an observed public closing price
BRENT_VOL_0.5Y,2025-09-19,SYNTHETIC_COMMITTED_QUOTE,RPO-BRENT_VOL_0.5Y-008,True,SYNTHETIC_RFET_EVIDENCE,Synthetic transaction or committed-quote event; not an observed public closing price
BRENT_VOL_0.5Y,2025-10-02,SYNTHETIC_COMMITTED_QUOTE,RPO-BRENT_VOL_0.5Y-009,True,SYNTHETIC_RFET_EVIDENCE,Synthetic transaction or committed-quote event; not an observed public closing price
BRENT_VOL_0.5Y,2025-10-14,SYNTHETIC_COMMITTED_QUOTE,RPO-BRENT_VOL_0.5Y-010,True,SYNTHETIC_RFET_EVIDENCE,Synthetic transaction or committed-quote event; not an observed public closing price
BRENT_VOL_0.5Y,2025-10-24,SYNTHETIC_COMMITTED_QUOTE,RPO-BRENT_VOL_0.5Y-011,True,SYNTHETIC_RFET_EVIDENCE,Synthetic transaction or committed-quote event; not an observed public closing price
BRENT_VOL_0.5Y,2025-11-06,SYNTHETIC_COMMITTED_QUOTE,RPO-BRENT_VOL_0.5Y-012,True,SYNTHETIC_RFET_EVIDENCE,Synthetic transaction or committed-quote event; not an observed public closing price
BRENT_VOL_0.5Y,2025-11-18,SYNTHETIC_COMMITTED_QUOTE,RPO-BRENT_VOL_0.5Y-013,True,SYNTHETIC_RFET_EVIDENCE,Synthetic transaction or committed-quote event; not an observed public closing price
BRENT_VOL_0.5Y,2025-12-01,SYNTHETIC_COMMITTED_QUOTE,RPO-BRENT_VOL_0.5Y-014,True,SYNTHETIC_RFET_EVIDENCE,Synthetic transaction or committed-quote event; not an observed public closing price
BRENT_VOL_0.5Y,2025-12-11,SYNTHETIC_COMMITTED_QUOTE,RPO-BRENT_VOL_0.5Y-015,True,SYNTHETIC_RFET_EVIDENCE,Synthetic transaction or committed-quote event; not an observed public closing price
BRENT_VOL_0.5Y,2025-12-23,SYNTHETIC_COMMITTED_QUOTE,RPO-BRENT_VOL_0.5Y-016,True,SYNTHETIC_RFET_EVIDENCE,Synthetic transaction or committed-quote event; not an observed public closing price
BRENT_VOL_0.5Y,2026-01-05,SYNTHETIC_COMMITTED_QUOTE,RPO-BRENT_VOL_0.5Y-017,True,SYNTHETIC_RFET_EVIDENCE,Synthetic transaction or committed-quote event; not an observed public closing price
BRENT_VOL_0.5Y,2026-01-15,SYNTHETIC_COMMITTED_QUOTE,RPO-BRENT_VOL_0.5Y-018,True,SYNTHETIC_RFET_EVIDENCE,Synthetic transaction or committed-quote event; not an observed public closing price
BRENT_VOL_0.5Y,2026-01-27,SYNTHETIC_COMMITTED_QUOTE,RPO-BRENT_VOL_0.5Y-019,True,SYNTHETIC_RFET_EVIDENCE,Synthetic transaction or committed-quote event; not an observed public closing price
BRENT_VOL_0.5Y,2026-02-09,SYNTHETIC_COMMITTED_QUOTE,RPO-BRENT_VOL_0.5Y-020,True,SYNTHETIC_RFET_EVIDENCE,Synthetic transaction or committed-quote event; not an observed public closing price
BRENT_VOL_0.5Y,2026-02-19,SYNTHETIC_COMMITTED_QUOTE,RPO-BRENT_VOL_0.5Y-021,True,SYNTHETIC_RFET_EVIDENCE,Synthetic transaction or committed-quote event; not an observed public closing price
BRENT_VOL_0.5Y,2026-03-04,SYNTHETIC_COMMITTED_QUOTE,RPO-BRENT_VOL_0.5Y-022,True,SYNTHETIC_RFET_EVIDENCE,Synthetic transaction or committed-quote event; not an observed public closing price
BRENT_VOL_0.5Y,2026-03-16,SYNTHETIC_COMMITTED_QUOTE,RPO-BRENT_VOL_0.5Y-023,True,SYNTHETIC_RFET_EVIDENCE,Synthetic transaction or committed-quote event; not an observed public closing price
BRENT_VOL_0.5Y,2026-03-26,SYNTHETIC_COMMITTED_QUOTE,RPO-BRENT_VOL_0.5Y-024,True,SYNTHETIC_RFET_EVIDENCE,Synthetic transaction or committed-quote event; not an observed public closing price
BRENT_VOL_0.5Y,2026-04-08,SYNTHETIC_COMMITTED_QUOTE,RPO-BRENT_VOL_0.5Y-025,True,SYNTHETIC_RFET_EVIDENCE,Synthetic transaction or committed-quote event; not an observed public closing price
BRENT_VOL_0.5Y,2026-04-20,SYNTHETIC_COMMITTED_QUOTE,RPO-BRENT_VOL_0.5Y-026,True,SYNTHETIC_RFET_EVIDENCE,Synthetic transaction or committed-quote event; not an observed public closing price
BRENT_VOL_0.5Y,2026-05-01,SYNTHETIC_COMMITTED_QUOTE,RPO-BRENT_VOL_0.5Y-027,True,SYNTHETIC_RFET_EVIDENCE,Synthetic transaction or committed-quote event; not an observed public closing price
BRENT_VOL_0.5Y,2026-05-13,SYNTHETIC_COMMITTED_QUOTE,RPO-BRENT_VOL_0.5Y-028,True,SYNTHETIC_RFET_EVIDENCE,Synthetic transaction or committed-quote event; not an observed public closing price
BRENT_VOL_0.5Y,2026-05-25,SYNTHETIC_COMMITTED_QUOTE,RPO-BRENT_VOL_0.5Y-029,True,SYNTHETIC_RFET_EVIDENCE,Synthetic transaction or committed-quote event; not an observed public closing price
BRENT_VOL_0.5Y,2026-06-05,SYNTHETIC_COMMITTED_QUOTE,RPO-BRENT_VOL_0.5Y-030,True,SYNTHETIC_RFET_EVIDENCE,Synthetic transaction or committed-quote event; not an observed public closing price
BRENT_VOL_0.5Y,2026-06-17,SYNTHETIC_COMMITTED_QUOTE,RPO-BRENT_VOL_0.5Y-031,True,SYNTHETIC_RFET_EVIDENCE,Synthetic transaction or committed-quote event; not an observed public closing price
BRENT_VOL_0.5Y,2026-06-30,SYNTHETIC_COMMITTED_QUOTE,RPO-BRENT_VOL_0.5Y-032,True,SYNTHETIC_RFET_EVIDENCE,Synthetic transaction or committed-quote event; not an observed public closing price
CDX_IG_S42_3_7_5.0Y,2025-07-08,SYNTHETIC_ARM_LENGTH_TRANSACTION,RPO-CDX_IG_S42_3_7_5.0Y-001,True,SYNTHETIC_RFET_EVIDENCE,Synthetic transaction or committed-quote event; not an observed public closing price
CDX_IG_S42_3_7_5.0Y,2025-07-22,SYNTHETIC_ARM_LENGTH_TRANSACTION,RPO-CDX_IG_S42_3_7_5.0Y-002,True,SYNTHETIC_RFET_EVIDENCE,Synthetic transaction or committed-quote event; not an observed public closing price
CDX_IG_S42_3_7_5.0Y,2025-07-23,SYNTHETIC_ARM_LENGTH_TRANSACTION,RPO-CDX_IG_S42_3_7_5.0Y-003,True,SYNTHETIC_RFET_EVIDENCE,Synthetic transaction or committed-quote event; not an observed public closing price
CDX_IG_S42_3_7_5.0Y,2025-07-25,SYNTHETIC_ARM_LENGTH_TRANSACTION,RPO-CDX_IG_S42_3_7_5.0Y-004,True,SYNTHETIC_RFET_EVIDENCE,Synthetic transaction or committed-quote event; not an observed public closing price
CDX_IG_S42_3_7_5.0Y,2025-07-29,SYNTHETIC_ARM_LENGTH_TRANSACTION,RPO-CDX_IG_S42_3_7_5.0Y-005,True,SYNTHETIC_RFET_EVIDENCE,Synthetic transaction or committed-quote event; not an observed public closing price
CDX_IG_S42_3_7_5.0Y,2025-07-31,SYNTHETIC_ARM_LENGTH_TRANSACTION,RPO-CDX_IG_S42_3_7_5.0Y-006,True,SYNTHETIC_RFET_EVIDENCE,Synthetic transaction or committed-quote event; not an observed public closing price
CDX_IG_S42_3_7_5.0Y,2025-09-03,SYNTHETIC_ARM_LENGTH_TRANSACTION,RPO-CDX_IG_S42_3_7_5.0Y-007,True,SYNTHETIC_RFET_EVIDENCE,Synthetic transaction or committed-quote event; not an observed public closing price
CDX_IG_S42_3_7_5.0Y,2025-09-15,SYNTHETIC_ARM_LENGTH_TRANSACTION,RPO-CDX_IG_S42_3_7_5.0Y-008,True,SYNTHETIC_RFET_EVIDENCE,Synthetic transaction or committed-quote event; not an observed public closing price
CDX_IG_S42_3_7_5.0Y,2025-10-08,SYNTHETIC_ARM_LENGTH_TRANSACTION,RPO-CDX_IG_S42_3_7_5.0Y-009,True,SYNTHETIC_RFET_EVIDENCE,Synthetic transaction or committed-quote event; not an observed public closing price
CDX_IG_S42_3_7_5.0Y,2025-10-30,SYNTHETIC_ARM_LENGTH_TRANSACTION,RPO-CDX_IG_S42_3_7_5.0Y-010,True,SYNTHETIC_RFET_EVIDENCE,Synthetic transaction or committed-quote event; not an observed public closing price
CDX_IG_S42_3_7_5.0Y,2025-11-17,SYNTHETIC_ARM_LENGTH_TRANSACTION,RPO-CDX_IG_S42_3_7_5.0Y-011,True,SYNTHETIC_RFET_EVIDENCE,Synthetic transaction or committed-quote event; not an observed public closing price
CDX_IG_S42_3_7_5.0Y,2025-11-20,SYNTHETIC_ARM_LENGTH_TRANSACTION,RPO-CDX_IG_S42_3_7_5.0Y-012,True,SYNTHETIC_RFET_EVIDENCE,Synthetic transaction or committed-quote event; not an observed public closing price
CDX_IG_S42_3_7_5.0Y,2025-12-05,SYNTHETIC_ARM_LENGTH_TRANSACTION,RPO-CDX_IG_S42_3_7_5.0Y-013,True,SYNTHETIC_RFET_EVIDENCE,Synthetic transaction or committed-quote event; not an observed public closing price
CDX_IG_S42_3_7_5.0Y,2025-12-10,SYNTHETIC_ARM_LENGTH_TRANSACTION,RPO-CDX_IG_S42_3_7_5.0Y-014,True,SYNTHETIC_RFET_EVIDENCE,Synthetic transaction or committed-quote event; not an observed public closing price
CDX_IG_S42_5.0Y,2025-07-01,SYNTHETIC_COMMITTED_QUOTE,RPO-CDX_IG_S42_5.0Y-001,True,SYNTHETIC_RFET_EVIDENCE,Synthetic transaction or committed-quote event; not an observed public closing price
CDX_IG_S42_5.0Y,2025-07-11,SYNTHETIC_COMMITTED_QUOTE,RPO-CDX_IG_S42_5.0Y-002,True,SYNTHETIC_RFET_EVIDENCE,Synthetic transaction or committed-quote event; not an observed public closing price
CDX_IG_S42_5.0Y,2025-07-23,SYNTHETIC_COMMITTED_QUOTE,RPO-CDX_IG_S42_5.0Y-003,True,SYNTHETIC_RFET_EVIDENCE,Synthetic transaction or committed-quote event; not an observed public closing price
CDX_IG_S42_5.0Y,2025-08-05,SYNTHETIC_COMMITTED_QUOTE,RPO-CDX_IG_S42_5.0Y-004,True,SYNTHETIC_RFET_EVIDENCE,Synthetic transaction or committed-quote event; not an observed public closing price
CDX_IG_S42_5.0Y,2025-08-15,SYNTHETIC_COMMITTED_QUOTE,RPO-CDX_IG_S42_5.0Y-005,True,SYNTHETIC_RFET_EVIDENCE,Synthetic transaction or committed-quote event; not an observed public closing price
CDX_IG_S42_5.0Y,2025-08-27,SYNTHETIC_COMMITTED_QUOTE,RPO-CDX_IG_S42_5.0Y-006,True,SYNTHETIC_RFET_EVIDENCE,Synthetic transaction or committed-quote event; not an observed public closing price
CDX_IG_S42_5.0Y,2025-09-09,SYNTHETIC_COMMITTED_QUOTE,RPO-CDX_IG_S42_5.0Y-007,True,SYNTHETIC_RFET_EVIDENCE,Synthetic transaction or committed-quote event; not an observed public closing price
CDX_IG_S42_5.0Y,2025-09-19,SYNTHETIC_COMMITTED_QUOTE,RPO-CDX_IG_S42_5.0Y-008,True,SYNTHETIC_RFET_EVIDENCE,Synthetic transaction or committed-quote event; not an observed public closing price
CDX_IG_S42_5.0Y,2025-10-02,SYNTHETIC_COMMITTED_QUOTE,RPO-CDX_IG_S42_5.0Y-009,True,SYNTHETIC_RFET_EVIDENCE,Synthetic transaction or committed-quote event; not an observed public closing price
CDX_IG_S42_5.0Y,2025-10-14,SYNTHETIC_COMMITTED_QUOTE,RPO-CDX_IG_S42_5.0Y-010,True,SYNTHETIC_RFET_EVIDENCE,Synthetic transaction or committed-quote event; not an observed public closing price
CDX_IG_S42_5.0Y,2025-10-24,SYNTHETIC_COMMITTED_QUOTE,RPO-CDX_IG_S42_5.0Y-011,True,SYNTHETIC_RFET_EVIDENCE,Synthetic transaction or committed-quote event; not an observed public closing price
CDX_IG_S42_5.0Y,2025-11-06,SYNTHETIC_COMMITTED_QUOTE,RPO-CDX_IG_S42_5.0Y-012,True,SYNTHETIC_RFET_EVIDENCE,Synthetic transaction or committed-quote event; not an observed public closing price
CDX_IG_S42_5.0Y,2025-11-18,SYNTHETIC_COMMITTED_QUOTE,RPO-CDX_IG_S42_5.0Y-013,True,SYNTHETIC_RFET_EVIDENCE,Synthetic transaction or committed-quote event; not an observed public closing price
CDX_IG_S42_5.0Y,2025-12-01,SYNTHETIC_COMMITTED_QUOTE,RPO-CDX_IG_S42_5.0Y-014,True,SYNTHETIC_RFET_EVIDENCE,Synthetic transaction or committed-quote event; not an observed public closing price
CDX_IG_S42_5.0Y,2025-12-11,SYNTHETIC_COMMITTED_QUOTE,RPO-CDX_IG_S42_5.0Y-015,True,SYNTHETIC_RFET_EVIDENCE,Synthetic transaction or committed-quote event; not an observed public closing price
CDX_IG_S42_5.0Y,2025-12-23,SYNTHETIC_COMMITTED_QUOTE,RPO-CDX_IG_S42_5.0Y-016,True,SYNTHETIC_RFET_EVIDENCE,Synthetic transaction or committed-quote event; not an observed public closing price
CDX_IG_S42_5.0Y,2026-01-05,SYNTHETIC_COMMITTED_QUOTE,RPO-CDX_IG_S42_5.0Y-017,True,SYNTHETIC_RFET_EVIDENCE,Synthetic transaction or committed-quote event; not an observed public closing price
CDX_IG_S42_5.0Y,2026-01-15,SYNTHETIC_COMMITTED_QUOTE,RPO-CDX_IG_S42_5.0Y-018,True,SYNTHETIC_RFET_EVIDENCE,Synthetic transaction or committed-quote event; not an observed public closing price
CDX_IG_S42_5.0Y,2026-01-27,SYNTHETIC_COMMITTED_QUOTE,RPO-CDX_IG_S42_5.0Y-019,True,SYNTHETIC_RFET_EVIDENCE,Synthetic transaction or committed-quote event; not an observed public closing price
CDX_IG_S42_5.0Y,2026-02-09,SYNTHETIC_COMMITTED_QUOTE,RPO-CDX_IG_S42_5.0Y-020,True,SYNTHETIC_RFET_EVIDENCE,Synthetic transaction or committed-quote event; not an observed public closing price
CDX_IG_S42_5.0Y,2026-02-19,SYNTHETIC_COMMITTED_QUOTE,RPO-CDX_IG_S42_5.0Y-021,True,SYNTHETIC_RFET_EVIDENCE,Synthetic transaction or committed-quote event; not an observed public closing price
CDX_IG_S42_5.0Y,2026-03-04,SYNTHETIC_COMMITTED_QUOTE,RPO-CDX_IG_S42_5.0Y-022,True,SYNTHETIC_RFET_EVIDENCE,Synthetic transaction or committed-quote event; not an observed public closing price
CDX_IG_S42_5.0Y,2026-03-16,SYNTHETIC_COMMITTED_QUOTE,RPO-CDX_IG_S42_5.0Y-023,True,SYNTHETIC_RFET_EVIDENCE,Synthetic transaction or committed-quote event; not an observed public closing price
CDX_IG_S42_5.0Y,2026-03-26,SYNTHETIC_COMMITTED_QUOTE,RPO-CDX_IG_S42_5.0Y-024,True,SYNTHETIC_RFET_EVIDENCE,Synthetic transaction or committed-quote event; not an observed public closing price
CDX_IG_S42_5.0Y,2026-04-08,SYNTHETIC_COMMITTED_QUOTE,RPO-CDX_IG_S42_5.0Y-025,True,SYNTHETIC_RFET_EVIDENCE,Synthetic transaction or committed-quote event; not an observed public closing price
CDX_IG_S42_5.0Y,2026-04-20,SYNTHETIC_COMMITTED_QUOTE,RPO-CDX_IG_S42_5.0Y-026,True,SYNTHETIC_RFET_EVIDENCE,Synthetic transaction or committed-quote event; not an observed public closing price
CDX_IG_S42_5.0Y,2026-05-01,SYNTHETIC_COMMITTED_QUOTE,RPO-CDX_IG_S42_5.0Y-027,True,SYNTHETIC_RFET_EVIDENCE,Synthetic transaction or committed-quote event; not an observed public closing price
CDX_IG_S42_5.0Y,2026-05-13,SYNTHETIC_COMMITTED_QUOTE,RPO-CDX_IG_S42_5.0Y-028,True,SYNTHETIC_RFET_EVIDENCE,Synthetic transaction or committed-quote event; not an observed public closing price
CDX_IG_S42_5.0Y,2026-05-25,SYNTHETIC_COMMITTED_QUOTE,RPO-CDX_IG_S42_5.0Y-029,True,SYNTHETIC_RFET_EVIDENCE,Synthetic transaction or committed-quote event; not an observed public closing price
CDX_IG_S42_5.0Y,2026-06-05,SYNTHETIC_COMMITTED_QUOTE,RPO-CDX_IG_S42_5.0Y-030,True,SYNTHETIC_RFET_EVIDENCE,Synthetic transaction or committed-quote event; not an observed public closing price
CDX_IG_S42_5.0Y,2026-06-17,SYNTHETIC_COMMITTED_QUOTE,RPO-CDX_IG_S42_5.0Y-031,True,SYNTHETIC_RFET_EVIDENCE,Synthetic transaction or committed-quote event; not an observed public closing price
CDX_IG_S42_5.0Y,2026-06-30,SYNTHETIC_COMMITTED_QUOTE,RPO-CDX_IG_S42_5.0Y-032,True,SYNTHETIC_RFET_EVIDENCE,Synthetic transaction or committed-quote event; not an observed public closing price
EURINR,2025-07-01,SYNTHETIC_ARM_LENGTH_TRANSACTION,RPO-EURINR-001,True,SYNTHETIC_RFET_EVIDENCE,Synthetic transaction or committed-quote event; not an observed public closing price
EURINR,2025-07-03,SYNTHETIC_ARM_LENGTH_TRANSACTION,RPO-EURINR-002,True,SYNTHETIC_RFET_EVIDENCE,Synthetic transaction or committed-quote event; not an observed public closing price
EURINR,2025-07-07,SYNTHETIC_ARM_LENGTH_TRANSACTION,RPO-EURINR-003,True,SYNTHETIC_RFET_EVIDENCE,Synthetic transaction or committed-quote event; not an observed public closing price
EURINR,2025-07-09,SYNTHETIC_ARM_LENGTH_TRANSACTION,RPO-EURINR-004,True,SYNTHETIC_RFET_EVIDENCE,Synthetic transaction or committed-quote event; not an observed public closing price
EURINR,2025-07-11,SYNTHETIC_ARM_LENGTH_TRANSACTION,RPO-EURINR-005,True,SYNTHETIC_RFET_EVIDENCE,Synthetic transaction or committed-quote event; not an observed public closing price
EURINR,2025-07-16,SYNTHETIC_ARM_LENGTH_TRANSACTION,RPO-EURINR-006,True,SYNTHETIC_RFET_EVIDENCE,Synthetic transaction or committed-quote event; not an observed public closing price
EURINR,2025-07-18,SYNTHETIC_ARM_LENGTH_TRANSACTION,RPO-EURINR-007,True,SYNTHETIC_RFET_EVIDENCE,Synthetic transaction or committed-quote event; not an observed public closing price
EURINR,2025-07-22,SYNTHETIC_ARM_LENGTH_TRANSACTION,RPO-EURINR-008,True,SYNTHETIC_RFET_EVIDENCE,Synthetic transaction or committed-quote event; not an observed public closing price
EURINR,2025-07-24,SYNTHETIC_ARM_LENGTH_TRANSACTION,RPO-EURINR-009,True,SYNTHETIC_RFET_EVIDENCE,Synthetic transaction or committed-quote event; not an observed public closing price
EURINR,2025-07-29,SYNTHETIC_ARM_LENGTH_TRANSACTION,RPO-EURINR-010,True,SYNTHETIC_RFET_EVIDENCE,Synthetic transaction or committed-quote event; not an observed public closing price
EURINR,2025-07-31,SYNTHETIC_ARM_LENGTH_TRANSACTION,RPO-EURINR-011,True,SYNTHETIC_RFET_EVIDENCE,Synthetic transaction or committed-quote event; not an observed public closing price
EURINR,2025-08-04,SYNTHETIC_ARM_LENGTH_TRANSACTION,RPO-EURINR-012,True,SYNTHETIC_RFET_EVIDENCE,Synthetic transaction or committed-quote event; not an observed public closing price
EURINR,2025-08-06,SYNTHETIC_ARM_LENGTH_TRANSACTION,RPO-EURINR-013,True,SYNTHETIC_RFET_EVIDENCE,Synthetic transaction or committed-quote event; not an observed public closing price
EURINR,2025-08-08,SYNTHETIC_ARM_LENGTH_TRANSACTION,RPO-EURINR-014,True,SYNTHETIC_RFET_EVIDENCE,Synthetic transaction or committed-quote event; not an observed public closing price
EURINR,2025-08-13,SYNTHETIC_ARM_LENGTH_TRANSACTION,RPO-EURINR-015,True,SYNTHETIC_RFET_EVIDENCE,Synthetic transaction or committed-quote event; not an observed public closing price
EURINR,2025-08-15,SYNTHETIC_ARM_LENGTH_TRANSACTION,RPO-EURINR-016,True,SYNTHETIC_RFET_EVIDENCE,Synthetic transaction or committed-quote event; not an observed public closing price
EURINR,2025-08-19,SYNTHETIC_ARM_LENGTH_TRANSACTION,RPO-EURINR-017,True,SYNTHETIC_RFET_EVIDENCE,Synthetic transaction or committed-quote event; not an observed public closing price
EURINR,2025-08-21,SYNTHETIC_ARM_LENGTH_TRANSACTION,RPO-EURINR-018,True,SYNTHETIC_RFET_EVIDENCE,Synthetic transaction or committed-quote event; not an observed public closing price
EURINR,2025-08-26,SYNTHETIC_ARM_LENGTH_TRANSACTION,RPO-EURINR-019,True,SYNTHETIC_RFET_EVIDENCE,Synthetic transaction or committed-quote event; not an observed public closing price
EURINR,2025-08-28,SYNTHETIC_ARM_LENGTH_TRANSACTION,RPO-EURINR-020,True,SYNTHETIC_RFET_EVIDENCE,Synthetic transaction or committed-quote event; not an observed public closing price
EURINR,2025-09-01,SYNTHETIC_ARM_LENGTH_TRANSACTION,RPO-EURINR-021,True,SYNTHETIC_RFET_EVIDENCE,Synthetic transaction or committed-quote event; not an observed public closing price
EURINR,2025-09-03,SYNTHETIC_ARM_LENGTH_TRANSACTION,RPO-EURINR-022,True,SYNTHETIC_RFET_EVIDENCE,Synthetic transaction or committed-quote event; not an observed public closing price
EURINR,2025-09-05,SYNTHETIC_ARM_LENGTH_TRANSACTION,RPO-EURINR-023,True,SYNTHETIC_RFET_EVIDENCE,Synthetic transaction or committed-quote event; not an observed public closing price
EURINR,2025-09-10,SYNTHETIC_ARM_LENGTH_TRANSACTION,RPO-EURINR-024,True,SYNTHETIC_RFET_EVIDENCE,Synthetic transaction or committed-quote event; not an observed public closing price
EURINR,2025-09-12,SYNTHETIC_ARM_LENGTH_TRANSACTION,RPO-EURINR-025,True,SYNTHETIC_RFET_EVIDENCE,Synthetic transaction or committed-quote event; not an observed public closing price
EURINR,2025-09-16,SYNTHETIC_ARM_LENGTH_TRANSACTION,RPO-EURINR-026,True,SYNTHETIC_RFET_EVIDENCE,Synthetic transaction or committed-quote event; not an observed public closing price
EURINR,2025-09-18,SYNTHETIC_ARM_LENGTH_TRANSACTION,RPO-EURINR-027,True,SYNTHETIC_RFET_EVIDENCE,Synthetic transaction or committed-quote event; not an observed public closing price
EURINR,2025-09-23,SYNTHETIC_ARM_LENGTH_TRANSACTION,RPO-EURINR-028,True,SYNTHETIC_RFET_EVIDENCE,Synthetic transaction or committed-quote event; not an observed public closing price
EURINR,2025-09-25,SYNTHETIC_ARM_LENGTH_TRANSACTION,RPO-EURINR-029,True,SYNTHETIC_RFET_EVIDENCE,Synthetic transaction or committed-quote event; not an observed public closing price
EURINR,2025-09-29,SYNTHETIC_ARM_LENGTH_TRANSACTION,RPO-EURINR-030,True,SYNTHETIC_RFET_EVIDENCE,Synthetic transaction or committed-quote event; not an observed public closing price
EURINR,2025-10-01,SYNTHETIC_ARM_LENGTH_TRANSACTION,RPO-EURINR-031,True,SYNTHETIC_RFET_EVIDENCE,Synthetic transaction or committed-quote event; not an observed public closing price
EURINR,2025-10-03,SYNTHETIC_ARM_LENGTH_TRANSACTION,RPO-EURINR-032,True,SYNTHETIC_RFET_EVIDENCE,Synthetic transaction or committed-quote event; not an observed public closing price
EURINR,2025-10-08,SYNTHETIC_ARM_LENGTH_TRANSACTION,RPO-EURINR-033,True,SYNTHETIC_RFET_EVIDENCE,Synthetic transaction or committed-quote event; not an observed public closing price
EURINR,2025-10-10,SYNTHETIC_ARM_LENGTH_TRANSACTION,RPO-EURINR-034,True,SYNTHETIC_RFET_EVIDENCE,Synthetic transaction or committed-quote event; not an observed public closing price
EURINR,2025-10-14,SYNTHETIC_ARM_LENGTH_TRANSACTION,RPO-EURINR-035,True,SYNTHETIC_RFET_EVIDENCE,Synthetic transaction or committed-quote event; not an observed public closing price
EURINR,2025-10-16,SYNTHETIC_ARM_LENGTH_TRANSACTION,RPO-EURINR-036,True,SYNTHETIC_RFET_EVIDENCE,Synthetic transaction or committed-quote event; not an observed public closing price
EURINR,2025-10-21,SYNTHETIC_ARM_LENGTH_TRANSACTION,RPO-EURINR-037,True,SYNTHETIC_RFET_EVIDENCE,Synthetic transaction or committed-quote event; not an observed public closing price
EURINR,2025-10-23,SYNTHETIC_ARM_LENGTH_TRANSACTION,RPO-EURINR-038,True,SYNTHETIC_RFET_EVIDENCE,Synthetic transaction or committed-quote event; not an observed public closing price
EURINR,2025-10-27,SYNTHETIC_ARM_LENGTH_TRANSACTION,RPO-EURINR-039,True,SYNTHETIC_RFET_EVIDENCE,Synthetic transaction or committed-quote event; not an observed public closing price
EURINR,2025-10-29,SYNTHETIC_ARM_LENGTH_TRANSACTION,RPO-EURINR-040,True,SYNTHETIC_RFET_EVIDENCE,Synthetic transaction or committed-quote event; not an observed public closing price
EURINR,2025-10-31,SYNTHETIC_ARM_LENGTH_TRANSACTION,RPO-EURINR-041,True,SYNTHETIC_RFET_EVIDENCE,Synthetic transaction or committed-quote event; not an observed public closing price
EURINR,2025-11-05,SYNTHETIC_ARM_LENGTH_TRANSACTION,RPO-EURINR-042,True,SYNTHETIC_RFET_EVIDENCE,Synthetic transaction or committed-quote event; not an observed public closing price
EURINR,2025-11-07,SYNTHETIC_ARM_LENGTH_TRANSACTION,RPO-EURINR-043,True,SYNTHETIC_RFET_EVIDENCE,Synthetic transaction or committed-quote event; not an observed public closing price
EURINR,2025-11-11,SYNTHETIC_ARM_LENGTH_TRANSACTION,RPO-EURINR-044,True,SYNTHETIC_RFET_EVIDENCE,Synthetic transaction or committed-quote event; not an observed public closing price
EURINR,2025-11-13,SYNTHETIC_ARM_LENGTH_TRANSACTION,RPO-EURINR-045,True,SYNTHETIC_RFET_EVIDENCE,Synthetic transaction or committed-quote event; not an observed public closing price
EURINR,2025-11-18,SYNTHETIC_ARM_LENGTH_TRANSACTION,RPO-EURINR-046,True,SYNTHETIC_RFET_EVIDENCE,Synthetic transaction or committed-quote event; not an observed public closing price
EURINR,2025-11-20,SYNTHETIC_ARM_LENGTH_TRANSACTION,RPO-EURINR-047,True,SYNTHETIC_RFET_EVIDENCE,Synthetic transaction or committed-quote event; not an observed public closing price
EURINR,2025-11-24,SYNTHETIC_ARM_LENGTH_TRANSACTION,RPO-EURINR-048,True,SYNTHETIC_RFET_EVIDENCE,Synthetic transaction or committed-quote event; not an observed public closing price
EURINR,2025-11-26,SYNTHETIC_ARM_LENGTH_TRANSACTION,RPO-EURINR-049,True,SYNTHETIC_RFET_EVIDENCE,Synthetic transaction or committed-quote event; not an observed public closing price
EURINR,2025-11-28,SYNTHETIC_ARM_LENGTH_TRANSACTION,RPO-EURINR-050,True,SYNTHETIC_RFET_EVIDENCE,Synthetic transaction or committed-quote event; not an observed public closing price
EURINR,2025-12-03,SYNTHETIC_ARM_LENGTH_TRANSACTION,RPO-EURINR-051,True,SYNTHETIC_RFET_EVIDENCE,Synthetic transaction or committed-quote event; not an observed public closing price
EURINR,2025-12-05,SYNTHETIC_ARM_LENGTH_TRANSACTION,RPO-EURINR-052,True,SYNTHETIC_RFET_EVIDENCE,Synthetic transaction or committed-quote event; not an observed public closing price
EURINR,2025-12-09,SYNTHETIC_ARM_LENGTH_TRANSACTION,RPO-EURINR-053,True,SYNTHETIC_RFET_EVIDENCE,Synthetic transaction or committed-quote event; not an observed public closing price
EURINR,2025-12-11,SYNTHETIC_ARM_LENGTH_TRANSACTION,RPO-EURINR-054,True,SYNTHETIC_RFET_EVIDENCE,Synthetic transaction or committed-quote event; not an observed public closing price
EURINR,2025-12-16,SYNTHETIC_ARM_LENGTH_TRANSACTION,RPO-EURINR-055,True,SYNTHETIC_RFET_EVIDENCE,Synthetic transaction or committed-quote event; not an observed public closing price
EURINR,2025-12-18,SYNTHETIC_ARM_LENGTH_TRANSACTION,RPO-EURINR-056,True,SYNTHETIC_RFET_EVIDENCE,Synthetic transaction or committed-quote event; not an observed public closing price
EURINR,2025-12-22,SYNTHETIC_ARM_LENGTH_TRANSACTION,RPO-EURINR-057,True,SYNTHETIC_RFET_EVIDENCE,Synthetic transaction or committed-quote event; not an observed public closing price
EURINR,2025-12-24,SYNTHETIC_ARM_LENGTH_TRANSACTION,RPO-EURINR-058,True,SYNTHETIC_RFET_EVIDENCE,Synthetic transaction or committed-quote event; not an observed public closing price
EURINR,2025-12-26,SYNTHETIC_ARM_LENGTH_TRANSACTION,RPO-EURINR-059,True,SYNTHETIC_RFET_EVIDENCE,Synthetic transaction or committed-quote event; not an observed public closing price
EURINR,2025-12-31,SYNTHETIC_ARM_LENGTH_TRANSACTION,RPO-EURINR-060,True,SYNTHETIC_RFET_EVIDENCE,Synthetic transaction or committed-quote event; not an observed public closing price
EURINR,2026-01-02,SYNTHETIC_ARM_LENGTH_TRANSACTION,RPO-EURINR-061,True,SYNTHETIC_RFET_EVIDENCE,Synthetic transaction or committed-quote event; not an observed public closing price
EURINR,2026-01-06,SYNTHETIC_ARM_LENGTH_TRANSACTION,RPO-EURINR-062,True,SYNTHETIC_RFET_EVIDENCE,Synthetic transaction or committed-quote event; not an observed public closing price
EURINR,2026-01-08,SYNTHETIC_ARM_LENGTH_TRANSACTION,RPO-EURINR-063,True,SYNTHETIC_RFET_EVIDENCE,Synthetic transaction or committed-quote event; not an observed public closing price
EURINR,2026-01-13,SYNTHETIC_ARM_LENGTH_TRANSACTION,RPO-EURINR-064,True,SYNTHETIC_RFET_EVIDENCE,Synthetic transaction or committed-quote event; not an observed public closing price
EURINR,2026-01-15,SYNTHETIC_ARM_LENGTH_TRANSACTION,RPO-EURINR-065,True,SYNTHETIC_RFET_EVIDENCE,Synthetic transaction or committed-quote event; not an observed public closing price
EURINR,2026-01-19,SYNTHETIC_ARM_LENGTH_TRANSACTION,RPO-EURINR-066,True,SYNTHETIC_RFET_EVIDENCE,Synthetic transaction or committed-quote event; not an observed public closing price
EURINR,2026-01-21,SYNTHETIC_ARM_LENGTH_TRANSACTION,RPO-EURINR-067,True,SYNTHETIC_RFET_EVIDENCE,Synthetic transaction or committed-quote event; not an observed public closing price
EURINR,2026-01-23,SYNTHETIC_ARM_LENGTH_TRANSACTION,RPO-EURINR-068,True,SYNTHETIC_RFET_EVIDENCE,Synthetic transaction or committed-quote event; not an observed public closing price
EURINR,2026-01-28,SYNTHETIC_ARM_LENGTH_TRANSACTION,RPO-EURINR-069,True,SYNTHETIC_RFET_EVIDENCE,Synthetic transaction or committed-quote event; not an observed public closing price
EURINR,2026-01-30,SYNTHETIC_ARM_LENGTH_TRANSACTION,RPO-EURINR-070,True,SYNTHETIC_RFET_EVIDENCE,Synthetic transaction or committed-quote event; not an observed public closing price
EURINR,2026-02-03,SYNTHETIC_ARM_LENGTH_TRANSACTION,RPO-EURINR-071,True,SYNTHETIC_RFET_EVIDENCE,Synthetic transaction or committed-quote event; not an observed public closing price
EURINR,2026-02-05,SYNTHETIC_ARM_LENGTH_TRANSACTION,RPO-EURINR-072,True,SYNTHETIC_RFET_EVIDENCE,Synthetic transaction or committed-quote event; not an observed public closing price
EURINR,2026-02-10,SYNTHETIC_ARM_LENGTH_TRANSACTION,RPO-EURINR-073,True,SYNTHETIC_RFET_EVIDENCE,Synthetic transaction or committed-quote event; not an observed public closing price
EURINR,2026-02-12,SYNTHETIC_ARM_LENGTH_TRANSACTION,RPO-EURINR-074,True,SYNTHETIC_RFET_EVIDENCE,Synthetic transaction or committed-quote event; not an observed public closing price
EURINR,2026-02-16,SYNTHETIC_ARM_LENGTH_TRANSACTION,RPO-EURINR-075,True,SYNTHETIC_RFET_EVIDENCE,Synthetic transaction or committed-quote event; not an observed public closing price
EURINR,2026-02-18,SYNTHETIC_ARM_LENGTH_TRANSACTION,RPO-EURINR-076,True,SYNTHETIC_RFET_EVIDENCE,Synthetic transaction or committed-quote event; not an observed public closing price
EURINR,2026-02-20,SYNTHETIC_ARM_LENGTH_TRANSACTION,RPO-EURINR-077,True,SYNTHETIC_RFET_EVIDENCE,Synthetic transaction or committed-quote event; not an observed public closing price
EURINR,2026-02-25,SYNTHETIC_ARM_LENGTH_TRANSACTION,RPO-EURINR-078,True,SYNTHETIC_RFET_EVIDENCE,Synthetic transaction or committed-quote event; not an observed public closing price
EURINR,2026-02-27,SYNTHETIC_ARM_LENGTH_TRANSACTION,RPO-EURINR-079,True,SYNTHETIC_RFET_EVIDENCE,Synthetic transaction or committed-quote event; not an observed public closing price
EURINR,2026-03-03,SYNTHETIC_ARM_LENGTH_TRANSACTION,RPO-EURINR-080,True,SYNTHETIC_RFET_EVIDENCE,Synthetic transaction or committed-quote event; not an observed public closing price
EURINR,2026-03-05,SYNTHETIC_ARM_LENGTH_TRANSACTION,RPO-EURINR-081,True,SYNTHETIC_RFET_EVIDENCE,Synthetic transaction or committed-quote event; not an observed public closing price
EURINR,2026-03-10,SYNTHETIC_ARM_LENGTH_TRANSACTION,RPO-EURINR-082,True,SYNTHETIC_RFET_EVIDENCE,Synthetic transaction or committed-quote event; not an observed public closing price
EURINR,2026-03-12,SYNTHETIC_ARM_LENGTH_TRANSACTION,RPO-EURINR-083,True,SYNTHETIC_RFET_EVIDENCE,Synthetic transaction or committed-quote event; not an observed public closing price
EURINR,2026-03-16,SYNTHETIC_ARM_LENGTH_TRANSACTION,RPO-EURINR-084,True,SYNTHETIC_RFET_EVIDENCE,Synthetic transaction or committed-quote event; not an observed public closing price
EURINR,2026-03-18,SYNTHETIC_ARM_LENGTH_TRANSACTION,RPO-EURINR-085,True,SYNTHETIC_RFET_EVIDENCE,Synthetic transaction or committed-quote event; not an observed public closing price
EURINR,2026-03-20,SYNTHETIC_ARM_LENGTH_TRANSACTION,RPO-EURINR-086,True,SYNTHETIC_RFET_EVIDENCE,Synthetic transaction or committed-quote event; not an observed public closing price
EURINR,2026-03-25,SYNTHETIC_ARM_LENGTH_TRANSACTION,RPO-EURINR-087,True,SYNTHETIC_RFET_EVIDENCE,Synthetic transaction or committed-quote event; not an observed public closing price
EURINR,2026-03-27,SYNTHETIC_ARM_LENGTH_TRANSACTION,RPO-EURINR-088,True,SYNTHETIC_RFET_EVIDENCE,Synthetic transaction or committed-quote event; not an observed public closing price
EURINR,2026-03-31,SYNTHETIC_ARM_LENGTH_TRANSACTION,RPO-EURINR-089,True,SYNTHETIC_RFET_EVIDENCE,Synthetic transaction or committed-quote event; not an observed public closing price
EURINR,2026-04-02,SYNTHETIC_ARM_LENGTH_TRANSACTION,RPO-EURINR-090,True,SYNTHETIC_RFET_EVIDENCE,Synthetic transaction or committed-quote event; not an observed public closing price
EURINR,2026-04-07,SYNTHETIC_ARM_LENGTH_TRANSACTION,RPO-EURINR-091,True,SYNTHETIC_RFET_EVIDENCE,Synthetic transaction or committed-quote event; not an observed public closing price
EURINR,2026-04-09,SYNTHETIC_ARM_LENGTH_TRANSACTION,RPO-EURINR-092,True,SYNTHETIC_RFET_EVIDENCE,Synthetic transaction or committed-quote event; not an observed public closing price
EURINR,2026-04-13,SYNTHETIC_ARM_LENGTH_TRANSACTION,RPO-EURINR-093,True,SYNTHETIC_RFET_EVIDENCE,Synthetic transaction or committed-quote event; not an observed public closing price
EURINR,2026-04-15,SYNTHETIC_ARM_LENGTH_TRANSACTION,RPO-EURINR-094,True,SYNTHETIC_RFET_EVIDENCE,Synthetic transaction or committed-quote event; not an observed public closing price
EURINR,2026-04-17,SYNTHETIC_ARM_LENGTH_TRANSACTION,RPO-EURINR-095,True,SYNTHETIC_RFET_EVIDENCE,Synthetic transaction or committed-quote event; not an observed public closing price
EURINR,2026-04-22,SYNTHETIC_ARM_LENGTH_TRANSACTION,RPO-EURINR-096,True,SYNTHETIC_RFET_EVIDENCE,Synthetic transaction or committed-quote event; not an observed public closing price
EURINR,2026-04-24,SYNTHETIC_ARM_LENGTH_TRANSACTION,RPO-EURINR-097,True,SYNTHETIC_RFET_EVIDENCE,Synthetic transaction or committed-quote event; not an observed public closing price
EURINR,2026-04-28,SYNTHETIC_ARM_LENGTH_TRANSACTION,RPO-EURINR-098,True,SYNTHETIC_RFET_EVIDENCE,Synthetic transaction or committed-quote event; not an observed public closing price
EURINR,2026-04-30,SYNTHETIC_ARM_LENGTH_TRANSACTION,RPO-EURINR-099,True,SYNTHETIC_RFET_EVIDENCE,Synthetic transaction or committed-quote event; not an observed public closing price
EURINR,2026-05-05,SYNTHETIC_ARM_LENGTH_TRANSACTION,RPO-EURINR-100,True,SYNTHETIC_RFET_EVIDENCE,Synthetic transaction or committed-quote event; not an observed public closing price
EURINR,2026-05-07,SYNTHETIC_ARM_LENGTH_TRANSACTION,RPO-EURINR-101,True,SYNTHETIC_RFET_EVIDENCE,Synthetic transaction or committed-quote event; not an observed public closing price
EURINR,2026-05-11,SYNTHETIC_ARM_LENGTH_TRANSACTION,RPO-EURINR-102,True,SYNTHETIC_RFET_EVIDENCE,Synthetic transaction or committed-quote event; not an observed public closing price
EURINR,2026-05-13,SYNTHETIC_ARM_LENGTH_TRANSACTION,RPO-EURINR-103,True,SYNTHETIC_RFET_EVIDENCE,Synthetic transaction or committed-quote event; not an observed public closing price
EURINR,2026-05-15,SYNTHETIC_ARM_LENGTH_TRANSACTION,RPO-EURINR-104,True,SYNTHETIC_RFET_EVIDENCE,Synthetic transaction or committed-quote event; not an observed public closing price
EURINR,2026-05-20,SYNTHETIC_ARM_LENGTH_TRANSACTION,RPO-EURINR-105,True,SYNTHETIC_RFET_EVIDENCE,Synthetic transaction or committed-quote event; not an observed public closing price
EURINR,2026-05-22,SYNTHETIC_ARM_LENGTH_TRANSACTION,RPO-EURINR-106,True,SYNTHETIC_RFET_EVIDENCE,Synthetic transaction or committed-quote event; not an observed public closing price
EURINR,2026-05-26,SYNTHETIC_ARM_LENGTH_TRANSACTION,RPO-EURINR-107,True,SYNTHETIC_RFET_EVIDENCE,Synthetic transaction or committed-quote event; not an observed public closing price
EURINR,2026-05-28,SYNTHETIC_ARM_LENGTH_TRANSACTION,RPO-EURINR-108,True,SYNTHETIC_RFET_EVIDENCE,Synthetic transaction or committed-quote event; not an observed public closing price
EURINR,2026-06-02,SYNTHETIC_ARM_LENGTH_TRANSACTION,RPO-EURINR-109,True,SYNTHETIC_RFET_EVIDENCE,Synthetic transaction or committed-quote event; not an observed public closing price
EURINR,2026-06-04,SYNTHETIC_ARM_LENGTH_TRANSACTION,RPO-EURINR-110,True,SYNTHETIC_RFET_EVIDENCE,Synthetic transaction or committed-quote event; not an observed public closing price
EURINR,2026-06-08,SYNTHETIC_ARM_LENGTH_TRANSACTION,RPO-EURINR-111,True,SYNTHETIC_RFET_EVIDENCE,Synthetic transaction or committed-quote event; not an observed public closing price
EURINR,2026-06-10,SYNTHETIC_ARM_LENGTH_TRANSACTION,RPO-EURINR-112,True,SYNTHETIC_RFET_EVIDENCE,Synthetic transaction or committed-quote event; not an observed public closing price
EURINR,2026-06-12,SYNTHETIC_ARM_LENGTH_TRANSACTION,RPO-EURINR-113,True,SYNTHETIC_RFET_EVIDENCE,Synthetic transaction or committed-quote event; not an observed public closing price
EURINR,2026-06-17,SYNTHETIC_ARM_LENGTH_TRANSACTION,RPO-EURINR-114,True,SYNTHETIC_RFET_EVIDENCE,Synthetic transaction or committed-quote event; not an observed public closing price
EURINR,2026-06-19,SYNTHETIC_ARM_LENGTH_TRANSACTION,RPO-EURINR-115,True,SYNTHETIC_RFET_EVIDENCE,Synthetic transaction or committed-quote event; not an observed public closing price
EURINR,2026-06-23,SYNTHETIC_ARM_LENGTH_TRANSACTION,RPO-EURINR-116,True,SYNTHETIC_RFET_EVIDENCE,Synthetic transaction or committed-quote event; not an observed public closing price
EURINR,2026-06-25,SYNTHETIC_ARM_LENGTH_TRANSACTION,RPO-EURINR-117,True,SYNTHETIC_RFET_EVIDENCE,Synthetic transaction or committed-quote event; not an observed public closing price
EURINR,2026-06-30,SYNTHETIC_ARM_LENGTH_TRANSACTION,RPO-EURINR-118,True,SYNTHETIC_RFET_EVIDENCE,Synthetic transaction or committed-quote event; not an observed public closing price
EURINR_VOL_1.0Y,2025-07-01,SYNTHETIC_COMMITTED_QUOTE,RPO-EURINR_VOL_1.0Y-001,True,SYNTHETIC_RFET_EVIDENCE,Synthetic transaction or committed-quote event; not an observed public closing price
EURINR_VOL_1.0Y,2025-07-11,SYNTHETIC_COMMITTED_QUOTE,RPO-EURINR_VOL_1.0Y-002,True,SYNTHETIC_RFET_EVIDENCE,Synthetic transaction or committed-quote event; not an observed public closing price
EURINR_VOL_1.0Y,2025-07-23,SYNTHETIC_COMMITTED_QUOTE,RPO-EURINR_VOL_1.0Y-003,True,SYNTHETIC_RFET_EVIDENCE,Synthetic transaction or committed-quote event; not an observed public closing price
EURINR_VOL_1.0Y,2025-08-05,SYNTHETIC_COMMITTED_QUOTE,RPO-EURINR_VOL_1.0Y-004,True,SYNTHETIC_RFET_EVIDENCE,Synthetic transaction or committed-quote event; not an observed public closing price
EURINR_VOL_1.0Y,2025-08-15,SYNTHETIC_COMMITTED_QUOTE,RPO-EURINR_VOL_1.0Y-005,True,SYNTHETIC_RFET_EVIDENCE,Synthetic transaction or committed-quote event; not an observed public closing price
EURINR_VOL_1.0Y,2025-08-27,SYNTHETIC_COMMITTED_QUOTE,RPO-EURINR_VOL_1.0Y-006,True,SYNTHETIC_RFET_EVIDENCE,Synthetic transaction or committed-quote event; not an observed public closing price
EURINR_VOL_1.0Y,2025-09-09,SYNTHETIC_COMMITTED_QUOTE,RPO-EURINR_VOL_1.0Y-007,True,SYNTHETIC_RFET_EVIDENCE,Synthetic transaction or committed-quote event; not an observed public closing price
EURINR_VOL_1.0Y,2025-09-19,SYNTHETIC_COMMITTED_QUOTE,RPO-EURINR_VOL_1.0Y-008,True,SYNTHETIC_RFET_EVIDENCE,Synthetic transaction or committed-quote event; not an observed public closing price
EURINR_VOL_1.0Y,2025-10-02,SYNTHETIC_COMMITTED_QUOTE,RPO-EURINR_VOL_1.0Y-009,True,SYNTHETIC_RFET_EVIDENCE,Synthetic transaction or committed-quote event; not an observed public closing price
EURINR_VOL_1.0Y,2025-10-14,SYNTHETIC_COMMITTED_QUOTE,RPO-EURINR_VOL_1.0Y-010,True,SYNTHETIC_RFET_EVIDENCE,Synthetic transaction or committed-quote event; not an observed public closing price
EURINR_VOL_1.0Y,2025-10-24,SYNTHETIC_COMMITTED_QUOTE,RPO-EURINR_VOL_1.0Y-011,True,SYNTHETIC_RFET_EVIDENCE,Synthetic transaction or committed-quote event; not an observed public closing price
EURINR_VOL_1.0Y,2025-11-06,SYNTHETIC_COMMITTED_QUOTE,RPO-EURINR_VOL_1.0Y-012,True,SYNTHETIC_RFET_EVIDENCE,Synthetic transaction or committed-quote event; not an observed public closing price
EURINR_VOL_1.0Y,2025-11-18,SYNTHETIC_COMMITTED_QUOTE,RPO-EURINR_VOL_1.0Y-013,True,SYNTHETIC_RFET_EVIDENCE,Synthetic transaction or committed-quote event; not an observed public closing price
EURINR_VOL_1.0Y,2025-12-01,SYNTHETIC_COMMITTED_QUOTE,RPO-EURINR_VOL_1.0Y-014,True,SYNTHETIC_RFET_EVIDENCE,Synthetic transaction or committed-quote event; not an observed public closing price
EURINR_VOL_1.0Y,2025-12-11,SYNTHETIC_COMMITTED_QUOTE,RPO-EURINR_VOL_1.0Y-015,True,SYNTHETIC_RFET_EVIDENCE,Synthetic transaction or committed-quote event; not an observed public closing price
EURINR_VOL_1.0Y,2025-12-23,SYNTHETIC_COMMITTED_QUOTE,RPO-EURINR_VOL_1.0Y-016,True,SYNTHETIC_RFET_EVIDENCE,Synthetic transaction or committed-quote event; not an observed public closing price
EURINR_VOL_1.0Y,2026-01-05,SYNTHETIC_COMMITTED_QUOTE,RPO-EURINR_VOL_1.0Y-017,True,SYNTHETIC_RFET_EVIDENCE,Synthetic transaction or committed-quote event; not an observed public closing price
EURINR_VOL_1.0Y,2026-01-15,SYNTHETIC_COMMITTED_QUOTE,RPO-EURINR_VOL_1.0Y-018,True,SYNTHETIC_RFET_EVIDENCE,Synthetic transaction or committed-quote event; not an observed public closing price
EURINR_VOL_1.0Y,2026-01-27,SYNTHETIC_COMMITTED_QUOTE,RPO-EURINR_VOL_1.0Y-019,True,SYNTHETIC_RFET_EVIDENCE,Synthetic transaction or committed-quote event; not an observed public closing price
EURINR_VOL_1.0Y,2026-02-09,SYNTHETIC_COMMITTED_QUOTE,RPO-EURINR_VOL_1.0Y-020,True,SYNTHETIC_RFET_EVIDENCE,Synthetic transaction or committed-quote event; not an observed public closing price
EURINR_VOL_1.0Y,2026-02-19,SYNTHETIC_COMMITTED_QUOTE,RPO-EURINR_VOL_1.0Y-021,True,SYNTHETIC_RFET_EVIDENCE,Synthetic transaction or committed-quote event; not an observed public closing price
EURINR_VOL_1.0Y,2026-03-04,SYNTHETIC_COMMITTED_QUOTE,RPO-EURINR_VOL_1.0Y-022,True,SYNTHETIC_RFET_EVIDENCE,Synthetic transaction or committed-quote event; not an observed public closing price
EURINR_VOL_1.0Y,2026-03-16,SYNTHETIC_COMMITTED_QUOTE,RPO-EURINR_VOL_1.0Y-023,True,SYNTHETIC_RFET_EVIDENCE,Synthetic transaction or committed-quote event; not an observed public closing price
EURINR_VOL_1.0Y,2026-03-26,SYNTHETIC_COMMITTED_QUOTE,RPO-EURINR_VOL_1.0Y-024,True,SYNTHETIC_RFET_EVIDENCE,Synthetic transaction or committed-quote event; not an observed public closing price
EURINR_VOL_1.0Y,2026-04-08,SYNTHETIC_COMMITTED_QUOTE,RPO-EURINR_VOL_1.0Y-025,True,SYNTHETIC_RFET_EVIDENCE,Synthetic transaction or committed-quote event; not an observed public closing price
EURINR_VOL_1.0Y,2026-04-20,SYNTHETIC_COMMITTED_QUOTE,RPO-EURINR_VOL_1.0Y-026,True,SYNTHETIC_RFET_EVIDENCE,Synthetic transaction or committed-quote event; not an observed public closing price
EURINR_VOL_1.0Y,2026-05-01,SYNTHETIC_COMMITTED_QUOTE,RPO-EURINR_VOL_1.0Y-027,True,SYNTHETIC_RFET_EVIDENCE,Synthetic transaction or committed-quote event; not an observed public closing price
EURINR_VOL_1.0Y,2026-05-13,SYNTHETIC_COMMITTED_QUOTE,RPO-EURINR_VOL_1.0Y-028,True,SYNTHETIC_RFET_EVIDENCE,Synthetic transaction or committed-quote event; not an observed public closing price
EURINR_VOL_1.0Y,2026-05-25,SYNTHETIC_COMMITTED_QUOTE,RPO-EURINR_VOL_1.0Y-029,True,SYNTHETIC_RFET_EVIDENCE,Synthetic transaction or committed-quote event; not an observed public closing price
EURINR_VOL_1.0Y,2026-06-05,SYNTHETIC_COMMITTED_QUOTE,RPO-EURINR_VOL_1.0Y-030,True,SYNTHETIC_RFET_EVIDENCE,Synthetic transaction or committed-quote event; not an observed public closing price
EURINR_VOL_1.0Y,2026-06-17,SYNTHETIC_COMMITTED_QUOTE,RPO-EURINR_VOL_1.0Y-031,True,SYNTHETIC_RFET_EVIDENCE,Synthetic transaction or committed-quote event; not an observed public closing price
EURINR_VOL_1.0Y,2026-06-30,SYNTHETIC_COMMITTED_QUOTE,RPO-EURINR_VOL_1.0Y-032,True,SYNTHETIC_RFET_EVIDENCE,Synthetic transaction or committed-quote event; not an observed public closing price
EUR_OIS_1.0Y,2025-07-01,SYNTHETIC_ARM_LENGTH_TRANSACTION,RPO-EUR_OIS_1.0Y-001,True,SYNTHETIC_RFET_EVIDENCE,Synthetic transaction or committed-quote event; not an observed public closing price
EUR_OIS_1.0Y,2025-07-03,SYNTHETIC_ARM_LENGTH_TRANSACTION,RPO-EUR_OIS_1.0Y-002,True,SYNTHETIC_RFET_EVIDENCE,Synthetic transaction or committed-quote event; not an observed public closing price
EUR_OIS_1.0Y,2025-07-07,SYNTHETIC_ARM_LENGTH_TRANSACTION,RPO-EUR_OIS_1.0Y-003,True,SYNTHETIC_RFET_EVIDENCE,Synthetic transaction or committed-quote event; not an observed public closing price
EUR_OIS_1.0Y,2025-07-09,SYNTHETIC_ARM_LENGTH_TRANSACTION,RPO-EUR_OIS_1.0Y-004,True,SYNTHETIC_RFET_EVIDENCE,Synthetic transaction or committed-quote event; not an observed public closing price
EUR_OIS_1.0Y,2025-07-11,SYNTHETIC_ARM_LENGTH_TRANSACTION,RPO-EUR_OIS_1.0Y-005,True,SYNTHETIC_RFET_EVIDENCE,Synthetic transaction or committed-quote event; not an observed public closing price
EUR_OIS_1.0Y,2025-07-16,SYNTHETIC_ARM_LENGTH_TRANSACTION,RPO-EUR_OIS_1.0Y-006,True,SYNTHETIC_RFET_EVIDENCE,Synthetic transaction or committed-quote event; not an observed public closing price
EUR_OIS_1.0Y,2025-07-18,SYNTHETIC_ARM_LENGTH_TRANSACTION,RPO-EUR_OIS_1.0Y-007,True,SYNTHETIC_RFET_EVIDENCE,Synthetic transaction or committed-quote event; not an observed public closing price
EUR_OIS_1.0Y,2025-07-22,SYNTHETIC_ARM_LENGTH_TRANSACTION,RPO-EUR_OIS_1.0Y-008,True,SYNTHETIC_RFET_EVIDENCE,Synthetic transaction or committed-quote event; not an observed public closing price
EUR_OIS_1.0Y,2025-07-24,SYNTHETIC_ARM_LENGTH_TRANSACTION,RPO-EUR_OIS_1.0Y-009,True,SYNTHETIC_RFET_EVIDENCE,Synthetic transaction or committed-quote event; not an observed public closing price
EUR_OIS_1.0Y,2025-07-29,SYNTHETIC_ARM_LENGTH_TRANSACTION,RPO-EUR_OIS_1.0Y-010,True,SYNTHETIC_RFET_EVIDENCE,Synthetic transaction or committed-quote event; not an observed public closing price
EUR_OIS_1.0Y,2025-07-31,SYNTHETIC_ARM_LENGTH_TRANSACTION,RPO-EUR_OIS_1.0Y-011,True,SYNTHETIC_RFET_EVIDENCE,Synthetic transaction or committed-quote event; not an observed public closing price
EUR_OIS_1.0Y,2025-08-04,SYNTHETIC_ARM_LENGTH_TRANSACTION,RPO-EUR_OIS_1.0Y-012,True,SYNTHETIC_RFET_EVIDENCE,Synthetic transaction or committed-quote event; not an observed public closing price
EUR_OIS_1.0Y,2025-08-06,SYNTHETIC_ARM_LENGTH_TRANSACTION,RPO-EUR_OIS_1.0Y-013,True,SYNTHETIC_RFET_EVIDENCE,Synthetic transaction or committed-quote event; not an observed public closing price
EUR_OIS_1.0Y,2025-08-08,SYNTHETIC_ARM_LENGTH_TRANSACTION,RPO-EUR_OIS_1.0Y-014,True,SYNTHETIC_RFET_EVIDENCE,Synthetic transaction or committed-quote event; not an observed public closing price
EUR_OIS_1.0Y,2025-08-13,SYNTHETIC_ARM_LENGTH_TRANSACTION,RPO-EUR_OIS_1.0Y-015,True,SYNTHETIC_RFET_EVIDENCE,Synthetic transaction or committed-quote event; not an observed public closing price
EUR_OIS_1.0Y,2025-08-15,SYNTHETIC_ARM_LENGTH_TRANSACTION,RPO-EUR_OIS_1.0Y-016,True,SYNTHETIC_RFET_EVIDENCE,Synthetic transaction or committed-quote event; not an observed public closing price
EUR_OIS_1.0Y,2025-08-19,SYNTHETIC_ARM_LENGTH_TRANSACTION,RPO-EUR_OIS_1.0Y-017,True,SYNTHETIC_RFET_EVIDENCE,Synthetic transaction or committed-quote event; not an observed public closing price
EUR_OIS_1.0Y,2025-08-21,SYNTHETIC_ARM_LENGTH_TRANSACTION,RPO-EUR_OIS_1.0Y-018,True,SYNTHETIC_RFET_EVIDENCE,Synthetic transaction or committed-quote event; not an observed public closing price
EUR_OIS_1.0Y,2025-08-26,SYNTHETIC_ARM_LENGTH_TRANSACTION,RPO-EUR_OIS_1.0Y-019,True,SYNTHETIC_RFET_EVIDENCE,Synthetic transaction or committed-quote event; not an observed public closing price
EUR_OIS_1.0Y,2025-08-28,SYNTHETIC_ARM_LENGTH_TRANSACTION,RPO-EUR_OIS_1.0Y-020,True,SYNTHETIC_RFET_EVIDENCE,Synthetic transaction or committed-quote event; not an observed public closing price
EUR_OIS_1.0Y,2025-09-01,SYNTHETIC_ARM_LENGTH_TRANSACTION,RPO-EUR_OIS_1.0Y-021,True,SYNTHETIC_RFET_EVIDENCE,Synthetic transaction or committed-quote event; not an observed public closing price
EUR_OIS_1.0Y,2025-09-03,SYNTHETIC_ARM_LENGTH_TRANSACTION,RPO-EUR_OIS_1.0Y-022,True,SYNTHETIC_RFET_EVIDENCE,Synthetic transaction or committed-quote event; not an observed public closing price
EUR_OIS_1.0Y,2025-09-05,SYNTHETIC_ARM_LENGTH_TRANSACTION,RPO-EUR_OIS_1.0Y-023,True,SYNTHETIC_RFET_EVIDENCE,Synthetic transaction or committed-quote event; not an observed public closing price
EUR_OIS_1.0Y,2025-09-10,SYNTHETIC_ARM_LENGTH_TRANSACTION,RPO-EUR_OIS_1.0Y-024,True,SYNTHETIC_RFET_EVIDENCE,Synthetic transaction or committed-quote event; not an observed public closing price
EUR_OIS_1.0Y,2025-09-12,SYNTHETIC_ARM_LENGTH_TRANSACTION,RPO-EUR_OIS_1.0Y-025,True,SYNTHETIC_RFET_EVIDENCE,Synthetic transaction or committed-quote event; not an observed public closing price
EUR_OIS_1.0Y,2025-09-16,SYNTHETIC_ARM_LENGTH_TRANSACTION,RPO-EUR_OIS_1.0Y-026,True,SYNTHETIC_RFET_EVIDENCE,Synthetic transaction or committed-quote event; not an observed public closing price
EUR_OIS_1.0Y,2025-09-18,SYNTHETIC_ARM_LENGTH_TRANSACTION,RPO-EUR_OIS_1.0Y-027,True,SYNTHETIC_RFET_EVIDENCE,Synthetic transaction or committed-quote event; not an observed public closing price
EUR_OIS_1.0Y,2025-09-23,SYNTHETIC_ARM_LENGTH_TRANSACTION,RPO-EUR_OIS_1.0Y-028,True,SYNTHETIC_RFET_EVIDENCE,Synthetic transaction or committed-quote event; not an observed public closing price
EUR_OIS_1.0Y,2025-09-25,SYNTHETIC_ARM_LENGTH_TRANSACTION,RPO-EUR_OIS_1.0Y-029,True,SYNTHETIC_RFET_EVIDENCE,Synthetic transaction or committed-quote event; not an observed public closing price
EUR_OIS_1.0Y,2025-09-29,SYNTHETIC_ARM_LENGTH_TRANSACTION,RPO-EUR_OIS_1.0Y-030,True,SYNTHETIC_RFET_EVIDENCE,Synthetic transaction or committed-quote event; not an observed public closing price
EUR_OIS_1.0Y,2025-10-01,SYNTHETIC_ARM_LENGTH_TRANSACTION,RPO-EUR_OIS_1.0Y-031,True,SYNTHETIC_RFET_EVIDENCE,Synthetic transaction or committed-quote event; not an observed public closing price
EUR_OIS_1.0Y,2025-10-03,SYNTHETIC_ARM_LENGTH_TRANSACTION,RPO-EUR_OIS_1.0Y-032,True,SYNTHETIC_RFET_EVIDENCE,Synthetic transaction or committed-quote event; not an observed public closing price
EUR_OIS_1.0Y,2025-10-08,SYNTHETIC_ARM_LENGTH_TRANSACTION,RPO-EUR_OIS_1.0Y-033,True,SYNTHETIC_RFET_EVIDENCE,Synthetic transaction or committed-quote event; not an observed public closing price
EUR_OIS_1.0Y,2025-10-10,SYNTHETIC_ARM_LENGTH_TRANSACTION,RPO-EUR_OIS_1.0Y-034,True,SYNTHETIC_RFET_EVIDENCE,Synthetic transaction or committed-quote event; not an observed public closing price
EUR_OIS_1.0Y,2025-10-14,SYNTHETIC_ARM_LENGTH_TRANSACTION,RPO-EUR_OIS_1.0Y-035,True,SYNTHETIC_RFET_EVIDENCE,Synthetic transaction or committed-quote event; not an observed public closing price
EUR_OIS_1.0Y,2025-10-16,SYNTHETIC_ARM_LENGTH_TRANSACTION,RPO-EUR_OIS_1.0Y-036,True,SYNTHETIC_RFET_EVIDENCE,Synthetic transaction or committed-quote event; not an observed public closing price
EUR_OIS_1.0Y,2025-10-21,SYNTHETIC_ARM_LENGTH_TRANSACTION,RPO-EUR_OIS_1.0Y-037,True,SYNTHETIC_RFET_EVIDENCE,Synthetic transaction or committed-quote event; not an observed public closing price
EUR_OIS_1.0Y,2025-10-23,SYNTHETIC_ARM_LENGTH_TRANSACTION,RPO-EUR_OIS_1.0Y-038,True,SYNTHETIC_RFET_EVIDENCE,Synthetic transaction or committed-quote event; not an observed public closing price
EUR_OIS_1.0Y,2025-10-27,SYNTHETIC_ARM_LENGTH_TRANSACTION,RPO-EUR_OIS_1.0Y-039,True,SYNTHETIC_RFET_EVIDENCE,Synthetic transaction or committed-quote event; not an observed public closing price
EUR_OIS_1.0Y,2025-10-29,SYNTHETIC_ARM_LENGTH_TRANSACTION,RPO-EUR_OIS_1.0Y-040,True,SYNTHETIC_RFET_EVIDENCE,Synthetic transaction or committed-quote event; not an observed public closing price
EUR_OIS_1.0Y,2025-10-31,SYNTHETIC_ARM_LENGTH_TRANSACTION,RPO-EUR_OIS_1.0Y-041,True,SYNTHETIC_RFET_EVIDENCE,Synthetic transaction or committed-quote event; not an observed public closing price
EUR_OIS_1.0Y,2025-11-05,SYNTHETIC_ARM_LENGTH_TRANSACTION,RPO-EUR_OIS_1.0Y-042,True,SYNTHETIC_RFET_EVIDENCE,Synthetic transaction or committed-quote event; not an observed public closing price
EUR_OIS_1.0Y,2025-11-07,SYNTHETIC_ARM_LENGTH_TRANSACTION,RPO-EUR_OIS_1.0Y-043,True,SYNTHETIC_RFET_EVIDENCE,Synthetic transaction or committed-quote event; not an observed public closing price
EUR_OIS_1.0Y,2025-11-11,SYNTHETIC_ARM_LENGTH_TRANSACTION,RPO-EUR_OIS_1.0Y-044,True,SYNTHETIC_RFET_EVIDENCE,Synthetic transaction or committed-quote event; not an observed public closing price
EUR_OIS_1.0Y,2025-11-13,SYNTHETIC_ARM_LENGTH_TRANSACTION,RPO-EUR_OIS_1.0Y-045,True,SYNTHETIC_RFET_EVIDENCE,Synthetic transaction or committed-quote event; not an observed public closing price
EUR_OIS_1.0Y,2025-11-18,SYNTHETIC_ARM_LENGTH_TRANSACTION,RPO-EUR_OIS_1.0Y-046,True,SYNTHETIC_RFET_EVIDENCE,Synthetic transaction or committed-quote event; not an observed public closing price
EUR_OIS_1.0Y,2025-11-20,SYNTHETIC_ARM_LENGTH_TRANSACTION,RPO-EUR_OIS_1.0Y-047,True,SYNTHETIC_RFET_EVIDENCE,Synthetic transaction or committed-quote event; not an observed public closing price
EUR_OIS_1.0Y,2025-11-24,SYNTHETIC_ARM_LENGTH_TRANSACTION,RPO-EUR_OIS_1.0Y-048,True,SYNTHETIC_RFET_EVIDENCE,Synthetic transaction or committed-quote event; not an observed public closing price
EUR_OIS_1.0Y,2025-11-26,SYNTHETIC_ARM_LENGTH_TRANSACTION,RPO-EUR_OIS_1.0Y-049,True,SYNTHETIC_RFET_EVIDENCE,Synthetic transaction or committed-quote event; not an observed public closing price
EUR_OIS_1.0Y,2025-11-28,SYNTHETIC_ARM_LENGTH_TRANSACTION,RPO-EUR_OIS_1.0Y-050,True,SYNTHETIC_RFET_EVIDENCE,Synthetic transaction or committed-quote event; not an observed public closing price
EUR_OIS_1.0Y,2025-12-03,SYNTHETIC_ARM_LENGTH_TRANSACTION,RPO-EUR_OIS_1.0Y-051,True,SYNTHETIC_RFET_EVIDENCE,Synthetic transaction or committed-quote event; not an observed public closing price
EUR_OIS_1.0Y,2025-12-05,SYNTHETIC_ARM_LENGTH_TRANSACTION,RPO-EUR_OIS_1.0Y-052,True,SYNTHETIC_RFET_EVIDENCE,Synthetic transaction or committed-quote event; not an observed public closing price
EUR_OIS_1.0Y,2025-12-09,SYNTHETIC_ARM_LENGTH_TRANSACTION,RPO-EUR_OIS_1.0Y-053,True,SYNTHETIC_RFET_EVIDENCE,Synthetic transaction or committed-quote event; not an observed public closing price
EUR_OIS_1.0Y,2025-12-11,SYNTHETIC_ARM_LENGTH_TRANSACTION,RPO-EUR_OIS_1.0Y-054,True,SYNTHETIC_RFET_EVIDENCE,Synthetic transaction or committed-quote event; not an observed public closing price
EUR_OIS_1.0Y,2025-12-16,SYNTHETIC_ARM_LENGTH_TRANSACTION,RPO-EUR_OIS_1.0Y-055,True,SYNTHETIC_RFET_EVIDENCE,Synthetic transaction or committed-quote event; not an observed public closing price
EUR_OIS_1.0Y,2025-12-18,SYNTHETIC_ARM_LENGTH_TRANSACTION,RPO-EUR_OIS_1.0Y-056,True,SYNTHETIC_RFET_EVIDENCE,Synthetic transaction or committed-quote event; not an observed public closing price
EUR_OIS_1.0Y,2025-12-22,SYNTHETIC_ARM_LENGTH_TRANSACTION,RPO-EUR_OIS_1.0Y-057,True,SYNTHETIC_RFET_EVIDENCE,Synthetic transaction or committed-quote event; not an observed public closing price
EUR_OIS_1.0Y,2025-12-24,SYNTHETIC_ARM_LENGTH_TRANSACTION,RPO-EUR_OIS_1.0Y-058,True,SYNTHETIC_RFET_EVIDENCE,Synthetic transaction or committed-quote event; not an observed public closing price
EUR_OIS_1.0Y,2025-12-26,SYNTHETIC_ARM_LENGTH_TRANSACTION,RPO-EUR_OIS_1.0Y-059,True,SYNTHETIC_RFET_EVIDENCE,Synthetic transaction or committed-quote event; not an observed public closing price
EUR_OIS_1.0Y,2025-12-31,SYNTHETIC_ARM_LENGTH_TRANSACTION,RPO-EUR_OIS_1.0Y-060,True,SYNTHETIC_RFET_EVIDENCE,Synthetic transaction or committed-quote event; not an observed public closing price
EUR_OIS_1.0Y,2026-01-02,SYNTHETIC_ARM_LENGTH_TRANSACTION,RPO-EUR_OIS_1.0Y-061,True,SYNTHETIC_RFET_EVIDENCE,Synthetic transaction or committed-quote event; not an observed public closing price
EUR_OIS_1.0Y,2026-01-06,SYNTHETIC_ARM_LENGTH_TRANSACTION,RPO-EUR_OIS_1.0Y-062,True,SYNTHETIC_RFET_EVIDENCE,Synthetic transaction or committed-quote event; not an observed public closing price
EUR_OIS_1.0Y,2026-01-08,SYNTHETIC_ARM_LENGTH_TRANSACTION,RPO-EUR_OIS_1.0Y-063,True,SYNTHETIC_RFET_EVIDENCE,Synthetic transaction or committed-quote event; not an observed public closing price
EUR_OIS_1.0Y,2026-01-13,SYNTHETIC_ARM_LENGTH_TRANSACTION,RPO-EUR_OIS_1.0Y-064,True,SYNTHETIC_RFET_EVIDENCE,Synthetic transaction or committed-quote event; not an observed public closing price
EUR_OIS_1.0Y,2026-01-15,SYNTHETIC_ARM_LENGTH_TRANSACTION,RPO-EUR_OIS_1.0Y-065,True,SYNTHETIC_RFET_EVIDENCE,Synthetic transaction or committed-quote event; not an observed public closing price
EUR_OIS_1.0Y,2026-01-19,SYNTHETIC_ARM_LENGTH_TRANSACTION,RPO-EUR_OIS_1.0Y-066,True,SYNTHETIC_RFET_EVIDENCE,Synthetic transaction or committed-quote event; not an observed public closing price
EUR_OIS_1.0Y,2026-01-21,SYNTHETIC_ARM_LENGTH_TRANSACTION,RPO-EUR_OIS_1.0Y-067,True,SYNTHETIC_RFET_EVIDENCE,Synthetic transaction or committed-quote event; not an observed public closing price
EUR_OIS_1.0Y,2026-01-23,SYNTHETIC_ARM_LENGTH_TRANSACTION,RPO-EUR_OIS_1.0Y-068,True,SYNTHETIC_RFET_EVIDENCE,Synthetic transaction or committed-quote event; not an observed public closing price
EUR_OIS_1.0Y,2026-01-28,SYNTHETIC_ARM_LENGTH_TRANSACTION,RPO-EUR_OIS_1.0Y-069,True,SYNTHETIC_RFET_EVIDENCE,Synthetic transaction or committed-quote event; not an observed public closing price
EUR_OIS_1.0Y,2026-01-30,SYNTHETIC_ARM_LENGTH_TRANSACTION,RPO-EUR_OIS_1.0Y-070,True,SYNTHETIC_RFET_EVIDENCE,Synthetic transaction or committed-quote event; not an observed public closing price
EUR_OIS_1.0Y,2026-02-03,SYNTHETIC_ARM_LENGTH_TRANSACTION,RPO-EUR_OIS_1.0Y-071,True,SYNTHETIC_RFET_EVIDENCE,Synthetic transaction or committed-quote event; not an observed public closing price
EUR_OIS_1.0Y,2026-02-05,SYNTHETIC_ARM_LENGTH_TRANSACTION,RPO-EUR_OIS_1.0Y-072,True,SYNTHETIC_RFET_EVIDENCE,Synthetic transaction or committed-quote event; not an observed public closing price
EUR_OIS_1.0Y,2026-02-10,SYNTHETIC_ARM_LENGTH_TRANSACTION,RPO-EUR_OIS_1.0Y-073,True,SYNTHETIC_RFET_EVIDENCE,Synthetic transaction or committed-quote event; not an observed public closing price
EUR_OIS_1.0Y,2026-02-12,SYNTHETIC_ARM_LENGTH_TRANSACTION,RPO-EUR_OIS_1.0Y-074,True,SYNTHETIC_RFET_EVIDENCE,Synthetic transaction or committed-quote event; not an observed public closing price
EUR_OIS_1.0Y,2026-02-16,SYNTHETIC_ARM_LENGTH_TRANSACTION,RPO-EUR_OIS_1.0Y-075,True,SYNTHETIC_RFET_EVIDENCE,Synthetic transaction or committed-quote event; not an observed public closing price
EUR_OIS_1.0Y,2026-02-18,SYNTHETIC_ARM_LENGTH_TRANSACTION,RPO-EUR_OIS_1.0Y-076,True,SYNTHETIC_RFET_EVIDENCE,Synthetic transaction or committed-quote event; not an observed public closing price
EUR_OIS_1.0Y,2026-02-20,SYNTHETIC_ARM_LENGTH_TRANSACTION,RPO-EUR_OIS_1.0Y-077,True,SYNTHETIC_RFET_EVIDENCE,Synthetic transaction or committed-quote event; not an observed public closing price
EUR_OIS_1.0Y,2026-02-25,SYNTHETIC_ARM_LENGTH_TRANSACTION,RPO-EUR_OIS_1.0Y-078,True,SYNTHETIC_RFET_EVIDENCE,Synthetic transaction or committed-quote event; not an observed public closing price
EUR_OIS_1.0Y,2026-02-27,SYNTHETIC_ARM_LENGTH_TRANSACTION,RPO-EUR_OIS_1.0Y-079,True,SYNTHETIC_RFET_EVIDENCE,Synthetic transaction or committed-quote event; not an observed public closing price
EUR_OIS_1.0Y,2026-03-03,SYNTHETIC_ARM_LENGTH_TRANSACTION,RPO-EUR_OIS_1.0Y-080,True,SYNTHETIC_RFET_EVIDENCE,Synthetic transaction or committed-quote event; not an observed public closing price
EUR_OIS_1.0Y,2026-03-05,SYNTHETIC_ARM_LENGTH_TRANSACTION,RPO-EUR_OIS_1.0Y-081,True,SYNTHETIC_RFET_EVIDENCE,Synthetic transaction or committed-quote event; not an observed public closing price
EUR_OIS_1.0Y,2026-03-10,SYNTHETIC_ARM_LENGTH_TRANSACTION,RPO-EUR_OIS_1.0Y-082,True,SYNTHETIC_RFET_EVIDENCE,Synthetic transaction or committed-quote event; not an observed public closing price
EUR_OIS_1.0Y,2026-03-12,SYNTHETIC_ARM_LENGTH_TRANSACTION,RPO-EUR_OIS_1.0Y-083,True,SYNTHETIC_RFET_EVIDENCE,Synthetic transaction or committed-quote event; not an observed public closing price
EUR_OIS_1.0Y,2026-03-16,SYNTHETIC_ARM_LENGTH_TRANSACTION,RPO-EUR_OIS_1.0Y-084,True,SYNTHETIC_RFET_EVIDENCE,Synthetic transaction or committed-quote event; not an observed public closing price
EUR_OIS_1.0Y,2026-03-18,SYNTHETIC_ARM_LENGTH_TRANSACTION,RPO-EUR_OIS_1.0Y-085,True,SYNTHETIC_RFET_EVIDENCE,Synthetic transaction or committed-quote event; not an observed public closing price
EUR_OIS_1.0Y,2026-03-20,SYNTHETIC_ARM_LENGTH_TRANSACTION,RPO-EUR_OIS_1.0Y-086,True,SYNTHETIC_RFET_EVIDENCE,Synthetic transaction or committed-quote event; not an observed public closing price
EUR_OIS_1.0Y,2026-03-25,SYNTHETIC_ARM_LENGTH_TRANSACTION,RPO-EUR_OIS_1.0Y-087,True,SYNTHETIC_RFET_EVIDENCE,Synthetic transaction or committed-quote event; not an observed public closing price
EUR_OIS_1.0Y,2026-03-27,SYNTHETIC_ARM_LENGTH_TRANSACTION,RPO-EUR_OIS_1.0Y-088,True,SYNTHETIC_RFET_EVIDENCE,Synthetic transaction or committed-quote event; not an observed public closing price
EUR_OIS_1.0Y,2026-03-31,SYNTHETIC_ARM_LENGTH_TRANSACTION,RPO-EUR_OIS_1.0Y-089,True,SYNTHETIC_RFET_EVIDENCE,Synthetic transaction or committed-quote event; not an observed public closing price
EUR_OIS_1.0Y,2026-04-02,SYNTHETIC_ARM_LENGTH_TRANSACTION,RPO-EUR_OIS_1.0Y-090,True,SYNTHETIC_RFET_EVIDENCE,Synthetic transaction or committed-quote event; not an observed public closing price
EUR_OIS_1.0Y,2026-04-07,SYNTHETIC_ARM_LENGTH_TRANSACTION,RPO-EUR_OIS_1.0Y-091,True,SYNTHETIC_RFET_EVIDENCE,Synthetic transaction or committed-quote event; not an observed public closing price
EUR_OIS_1.0Y,2026-04-09,SYNTHETIC_ARM_LENGTH_TRANSACTION,RPO-EUR_OIS_1.0Y-092,True,SYNTHETIC_RFET_EVIDENCE,Synthetic transaction or committed-quote event; not an observed public closing price
EUR_OIS_1.0Y,2026-04-13,SYNTHETIC_ARM_LENGTH_TRANSACTION,RPO-EUR_OIS_1.0Y-093,True,SYNTHETIC_RFET_EVIDENCE,Synthetic transaction or committed-quote event; not an observed public closing price
EUR_OIS_1.0Y,2026-04-15,SYNTHETIC_ARM_LENGTH_TRANSACTION,RPO-EUR_OIS_1.0Y-094,True,SYNTHETIC_RFET_EVIDENCE,Synthetic transaction or committed-quote event; not an observed public closing price
EUR_OIS_1.0Y,2026-04-17,SYNTHETIC_ARM_LENGTH_TRANSACTION,RPO-EUR_OIS_1.0Y-095,True,SYNTHETIC_RFET_EVIDENCE,Synthetic transaction or committed-quote event; not an observed public closing price
EUR_OIS_1.0Y,2026-04-22,SYNTHETIC_ARM_LENGTH_TRANSACTION,RPO-EUR_OIS_1.0Y-096,True,SYNTHETIC_RFET_EVIDENCE,Synthetic transaction or committed-quote event; not an observed public closing price
EUR_OIS_1.0Y,2026-04-24,SYNTHETIC_ARM_LENGTH_TRANSACTION,RPO-EUR_OIS_1.0Y-097,True,SYNTHETIC_RFET_EVIDENCE,Synthetic transaction or committed-quote event; not an observed public closing price
EUR_OIS_1.0Y,2026-04-28,SYNTHETIC_ARM_LENGTH_TRANSACTION,RPO-EUR_OIS_1.0Y-098,True,SYNTHETIC_RFET_EVIDENCE,Synthetic transaction or committed-quote event; not an observed public closing price
EUR_OIS_1.0Y,2026-04-30,SYNTHETIC_ARM_LENGTH_TRANSACTION,RPO-EUR_OIS_1.0Y-099,True,SYNTHETIC_RFET_EVIDENCE,Synthetic transaction or committed-quote event; not an observed public closing price
EUR_OIS_1.0Y,2026-05-05,SYNTHETIC_ARM_LENGTH_TRANSACTION,RPO-EUR_OIS_1.0Y-100,True,SYNTHETIC_RFET_EVIDENCE,Synthetic transaction or committed-quote event; not an observed public closing price
EUR_OIS_1.0Y,2026-05-07,SYNTHETIC_ARM_LENGTH_TRANSACTION,RPO-EUR_OIS_1.0Y-101,True,SYNTHETIC_RFET_EVIDENCE,Synthetic transaction or committed-quote event; not an observed public closing price
EUR_OIS_1.0Y,2026-05-11,SYNTHETIC_ARM_LENGTH_TRANSACTION,RPO-EUR_OIS_1.0Y-102,True,SYNTHETIC_RFET_EVIDENCE,Synthetic transaction or committed-quote event; not an observed public closing price
EUR_OIS_1.0Y,2026-05-13,SYNTHETIC_ARM_LENGTH_TRANSACTION,RPO-EUR_OIS_1.0Y-103,True,SYNTHETIC_RFET_EVIDENCE,Synthetic transaction or committed-quote event; not an observed public closing price
EUR_OIS_1.0Y,2026-05-15,SYNTHETIC_ARM_LENGTH_TRANSACTION,RPO-EUR_OIS_1.0Y-104,True,SYNTHETIC_RFET_EVIDENCE,Synthetic transaction or committed-quote event; not an observed public closing price
EUR_OIS_1.0Y,2026-05-20,SYNTHETIC_ARM_LENGTH_TRANSACTION,RPO-EUR_OIS_1.0Y-105,True,SYNTHETIC_RFET_EVIDENCE,Synthetic transaction or committed-quote event; not an observed public closing price
EUR_OIS_1.0Y,2026-05-22,SYNTHETIC_ARM_LENGTH_TRANSACTION,RPO-EUR_OIS_1.0Y-106,True,SYNTHETIC_RFET_EVIDENCE,Synthetic transaction or committed-quote event; not an observed public closing price
EUR_OIS_1.0Y,2026-05-26,SYNTHETIC_ARM_LENGTH_TRANSACTION,RPO-EUR_OIS_1.0Y-107,True,SYNTHETIC_RFET_EVIDENCE,Synthetic transaction or committed-quote event; not an observed public closing price
EUR_OIS_1.0Y,2026-05-28,SYNTHETIC_ARM_LENGTH_TRANSACTION,RPO-EUR_OIS_1.0Y-108,True,SYNTHETIC_RFET_EVIDENCE,Synthetic transaction or committed-quote event; not an observed public closing price
EUR_OIS_1.0Y,2026-06-02,SYNTHETIC_ARM_LENGTH_TRANSACTION,RPO-EUR_OIS_1.0Y-109,True,SYNTHETIC_RFET_EVIDENCE,Synthetic transaction or committed-quote event; not an observed public closing price
EUR_OIS_1.0Y,2026-06-04,SYNTHETIC_ARM_LENGTH_TRANSACTION,RPO-EUR_OIS_1.0Y-110,True,SYNTHETIC_RFET_EVIDENCE,Synthetic transaction or committed-quote event; not an observed public closing price
EUR_OIS_1.0Y,2026-06-08,SYNTHETIC_ARM_LENGTH_TRANSACTION,RPO-EUR_OIS_1.0Y-111,True,SYNTHETIC_RFET_EVIDENCE,Synthetic transaction or committed-quote event; not an observed public closing price
EUR_OIS_1.0Y,2026-06-10,SYNTHETIC_ARM_LENGTH_TRANSACTION,RPO-EUR_OIS_1.0Y-112,True,SYNTHETIC_RFET_EVIDENCE,Synthetic transaction or committed-quote event; not an observed public closing price
EUR_OIS_1.0Y,2026-06-12,SYNTHETIC_ARM_LENGTH_TRANSACTION,RPO-EUR_OIS_1.0Y-113,True,SYNTHETIC_RFET_EVIDENCE,Synthetic transaction or committed-quote event; not an observed public closing price
EUR_OIS_1.0Y,2026-06-17,SYNTHETIC_ARM_LENGTH_TRANSACTION,RPO-EUR_OIS_1.0Y-114,True,SYNTHETIC_RFET_EVIDENCE,Synthetic transaction or committed-quote event; not an observed public closing price
EUR_OIS_1.0Y,2026-06-19,SYNTHETIC_ARM_LENGTH_TRANSACTION,RPO-EUR_OIS_1.0Y-115,True,SYNTHETIC_RFET_EVIDENCE,Synthetic transaction or committed-quote event; not an observed public closing price
EUR_OIS_1.0Y,2026-06-23,SYNTHETIC_ARM_LENGTH_TRANSACTION,RPO-EUR_OIS_1.0Y-116,True,SYNTHETIC_RFET_EVIDENCE,Synthetic transaction or committed-quote event; not an observed public closing price
EUR_OIS_1.0Y,2026-06-25,SYNTHETIC_ARM_LENGTH_TRANSACTION,RPO-EUR_OIS_1.0Y-117,True,SYNTHETIC_RFET_EVIDENCE,Synthetic transaction or committed-quote event; not an observed public closing price
EUR_OIS_1.0Y,2026-06-30,SYNTHETIC_ARM_LENGTH_TRANSACTION,RPO-EUR_OIS_1.0Y-118,True,SYNTHETIC_RFET_EVIDENCE,Synthetic transaction or committed-quote event; not an observed public closing price
EUR_OIS_10.0Y,2025-07-01,SYNTHETIC_ARM_LENGTH_TRANSACTION,RPO-EUR_OIS_10.0Y-001,True,SYNTHETIC_RFET_EVIDENCE,Synthetic transaction or committed-quote event; not an observed public closing price
EUR_OIS_10.0Y,2025-07-03,SYNTHETIC_ARM_LENGTH_TRANSACTION,RPO-EUR_OIS_10.0Y-002,True,SYNTHETIC_RFET_EVIDENCE,Synthetic transaction or committed-quote event; not an observed public closing price
EUR_OIS_10.0Y,2025-07-07,SYNTHETIC_ARM_LENGTH_TRANSACTION,RPO-EUR_OIS_10.0Y-003,True,SYNTHETIC_RFET_EVIDENCE,Synthetic transaction or committed-quote event; not an observed public closing price
EUR_OIS_10.0Y,2025-07-09,SYNTHETIC_ARM_LENGTH_TRANSACTION,RPO-EUR_OIS_10.0Y-004,True,SYNTHETIC_RFET_EVIDENCE,Synthetic transaction or committed-quote event; not an observed public closing price
EUR_OIS_10.0Y,2025-07-11,SYNTHETIC_ARM_LENGTH_TRANSACTION,RPO-EUR_OIS_10.0Y-005,True,SYNTHETIC_RFET_EVIDENCE,Synthetic transaction or committed-quote event; not an observed public closing price
EUR_OIS_10.0Y,2025-07-16,SYNTHETIC_ARM_LENGTH_TRANSACTION,RPO-EUR_OIS_10.0Y-006,True,SYNTHETIC_RFET_EVIDENCE,Synthetic transaction or committed-quote event; not an observed public closing price
EUR_OIS_10.0Y,2025-07-18,SYNTHETIC_ARM_LENGTH_TRANSACTION,RPO-EUR_OIS_10.0Y-007,True,SYNTHETIC_RFET_EVIDENCE,Synthetic transaction or committed-quote event; not an observed public closing price
EUR_OIS_10.0Y,2025-07-22,SYNTHETIC_ARM_LENGTH_TRANSACTION,RPO-EUR_OIS_10.0Y-008,True,SYNTHETIC_RFET_EVIDENCE,Synthetic transaction or committed-quote event; not an observed public closing price
EUR_OIS_10.0Y,2025-07-24,SYNTHETIC_ARM_LENGTH_TRANSACTION,RPO-EUR_OIS_10.0Y-009,True,SYNTHETIC_RFET_EVIDENCE,Synthetic transaction or committed-quote event; not an observed public closing price
EUR_OIS_10.0Y,2025-07-29,SYNTHETIC_ARM_LENGTH_TRANSACTION,RPO-EUR_OIS_10.0Y-010,True,SYNTHETIC_RFET_EVIDENCE,Synthetic transaction or committed-quote event; not an observed public closing price
EUR_OIS_10.0Y,2025-07-31,SYNTHETIC_ARM_LENGTH_TRANSACTION,RPO-EUR_OIS_10.0Y-011,True,SYNTHETIC_RFET_EVIDENCE,Synthetic transaction or committed-quote event; not an observed public closing price
EUR_OIS_10.0Y,2025-08-04,SYNTHETIC_ARM_LENGTH_TRANSACTION,RPO-EUR_OIS_10.0Y-012,True,SYNTHETIC_RFET_EVIDENCE,Synthetic transaction or committed-quote event; not an observed public closing price
EUR_OIS_10.0Y,2025-08-06,SYNTHETIC_ARM_LENGTH_TRANSACTION,RPO-EUR_OIS_10.0Y-013,True,SYNTHETIC_RFET_EVIDENCE,Synthetic transaction or committed-quote event; not an observed public closing price
EUR_OIS_10.0Y,2025-08-08,SYNTHETIC_ARM_LENGTH_TRANSACTION,RPO-EUR_OIS_10.0Y-014,True,SYNTHETIC_RFET_EVIDENCE,Synthetic transaction or committed-quote event; not an observed public closing price
EUR_OIS_10.0Y,2025-08-13,SYNTHETIC_ARM_LENGTH_TRANSACTION,RPO-EUR_OIS_10.0Y-015,True,SYNTHETIC_RFET_EVIDENCE,Synthetic transaction or committed-quote event; not an observed public closing price
EUR_OIS_10.0Y,2025-08-15,SYNTHETIC_ARM_LENGTH_TRANSACTION,RPO-EUR_OIS_10.0Y-016,True,SYNTHETIC_RFET_EVIDENCE,Synthetic transaction or committed-quote event; not an observed public closing price
EUR_OIS_10.0Y,2025-08-19,SYNTHETIC_ARM_LENGTH_TRANSACTION,RPO-EUR_OIS_10.0Y-017,True,SYNTHETIC_RFET_EVIDENCE,Synthetic transaction or committed-quote event; not an observed public closing price
EUR_OIS_10.0Y,2025-08-21,SYNTHETIC_ARM_LENGTH_TRANSACTION,RPO-EUR_OIS_10.0Y-018,True,SYNTHETIC_RFET_EVIDENCE,Synthetic transaction or committed-quote event; not an observed public closing price
EUR_OIS_10.0Y,2025-08-26,SYNTHETIC_ARM_LENGTH_TRANSACTION,RPO-EUR_OIS_10.0Y-019,True,SYNTHETIC_RFET_EVIDENCE,Synthetic transaction or committed-quote event; not an observed public closing price
EUR_OIS_10.0Y,2025-08-28,SYNTHETIC_ARM_LENGTH_TRANSACTION,RPO-EUR_OIS_10.0Y-020,True,SYNTHETIC_RFET_EVIDENCE,Synthetic transaction or committed-quote event; not an observed public closing price
EUR_OIS_10.0Y,2025-09-01,SYNTHETIC_ARM_LENGTH_TRANSACTION,RPO-EUR_OIS_10.0Y-021,True,SYNTHETIC_RFET_EVIDENCE,Synthetic transaction or committed-quote event; not an observed public closing price
EUR_OIS_10.0Y,2025-09-03,SYNTHETIC_ARM_LENGTH_TRANSACTION,RPO-EUR_OIS_10.0Y-022,True,SYNTHETIC_RFET_EVIDENCE,Synthetic transaction or committed-quote event; not an observed public closing price
EUR_OIS_10.0Y,2025-09-05,SYNTHETIC_ARM_LENGTH_TRANSACTION,RPO-EUR_OIS_10.0Y-023,True,SYNTHETIC_RFET_EVIDENCE,Synthetic transaction or committed-quote event; not an observed public closing price
EUR_OIS_10.0Y,2025-09-10,SYNTHETIC_ARM_LENGTH_TRANSACTION,RPO-EUR_OIS_10.0Y-024,True,SYNTHETIC_RFET_EVIDENCE,Synthetic transaction or committed-quote event; not an observed public closing price
EUR_OIS_10.0Y,2025-09-12,SYNTHETIC_ARM_LENGTH_TRANSACTION,RPO-EUR_OIS_10.0Y-025,True,SYNTHETIC_RFET_EVIDENCE,Synthetic transaction or committed-quote event; not an observed public closing price
EUR_OIS_10.0Y,2025-09-16,SYNTHETIC_ARM_LENGTH_TRANSACTION,RPO-EUR_OIS_10.0Y-026,True,SYNTHETIC_RFET_EVIDENCE,Synthetic transaction or committed-quote event; not an observed public closing price
EUR_OIS_10.0Y,2025-09-18,SYNTHETIC_ARM_LENGTH_TRANSACTION,RPO-EUR_OIS_10.0Y-027,True,SYNTHETIC_RFET_EVIDENCE,Synthetic transaction or committed-quote event; not an observed public closing price
EUR_OIS_10.0Y,2025-09-23,SYNTHETIC_ARM_LENGTH_TRANSACTION,RPO-EUR_OIS_10.0Y-028,True,SYNTHETIC_RFET_EVIDENCE,Synthetic transaction or committed-quote event; not an observed public closing price
EUR_OIS_10.0Y,2025-09-25,SYNTHETIC_ARM_LENGTH_TRANSACTION,RPO-EUR_OIS_10.0Y-029,True,SYNTHETIC_RFET_EVIDENCE,Synthetic transaction or committed-quote event; not an observed public closing price
EUR_OIS_10.0Y,2025-09-29,SYNTHETIC_ARM_LENGTH_TRANSACTION,RPO-EUR_OIS_10.0Y-030,True,SYNTHETIC_RFET_EVIDENCE,Synthetic transaction or committed-quote event; not an observed public closing price
EUR_OIS_10.0Y,2025-10-01,SYNTHETIC_ARM_LENGTH_TRANSACTION,RPO-EUR_OIS_10.0Y-031,True,SYNTHETIC_RFET_EVIDENCE,Synthetic transaction or committed-quote event; not an observed public closing price
EUR_OIS_10.0Y,2025-10-03,SYNTHETIC_ARM_LENGTH_TRANSACTION,RPO-EUR_OIS_10.0Y-032,True,SYNTHETIC_RFET_EVIDENCE,Synthetic transaction or committed-quote event; not an observed public closing price
EUR_OIS_10.0Y,2025-10-08,SYNTHETIC_ARM_LENGTH_TRANSACTION,RPO-EUR_OIS_10.0Y-033,True,SYNTHETIC_RFET_EVIDENCE,Synthetic transaction or committed-quote event; not an observed public closing price
EUR_OIS_10.0Y,2025-10-10,SYNTHETIC_ARM_LENGTH_TRANSACTION,RPO-EUR_OIS_10.0Y-034,True,SYNTHETIC_RFET_EVIDENCE,Synthetic transaction or committed-quote event; not an observed public closing price
EUR_OIS_10.0Y,2025-10-14,SYNTHETIC_ARM_LENGTH_TRANSACTION,RPO-EUR_OIS_10.0Y-035,True,SYNTHETIC_RFET_EVIDENCE,Synthetic transaction or committed-quote event; not an observed public closing price
EUR_OIS_10.0Y,2025-10-16,SYNTHETIC_ARM_LENGTH_TRANSACTION,RPO-EUR_OIS_10.0Y-036,True,SYNTHETIC_RFET_EVIDENCE,Synthetic transaction or committed-quote event; not an observed public closing price
EUR_OIS_10.0Y,2025-10-21,SYNTHETIC_ARM_LENGTH_TRANSACTION,RPO-EUR_OIS_10.0Y-037,True,SYNTHETIC_RFET_EVIDENCE,Synthetic transaction or committed-quote event; not an observed public closing price
EUR_OIS_10.0Y,2025-10-23,SYNTHETIC_ARM_LENGTH_TRANSACTION,RPO-EUR_OIS_10.0Y-038,True,SYNTHETIC_RFET_EVIDENCE,Synthetic transaction or committed-quote event; not an observed public closing price
EUR_OIS_10.0Y,2025-10-27,SYNTHETIC_ARM_LENGTH_TRANSACTION,RPO-EUR_OIS_10.0Y-039,True,SYNTHETIC_RFET_EVIDENCE,Synthetic transaction or committed-quote event; not an observed public closing price
EUR_OIS_10.0Y,2025-10-29,SYNTHETIC_ARM_LENGTH_TRANSACTION,RPO-EUR_OIS_10.0Y-040,True,SYNTHETIC_RFET_EVIDENCE,Synthetic transaction or committed-quote event; not an observed public closing price
EUR_OIS_10.0Y,2025-10-31,SYNTHETIC_ARM_LENGTH_TRANSACTION,RPO-EUR_OIS_10.0Y-041,True,SYNTHETIC_RFET_EVIDENCE,Synthetic transaction or committed-quote event; not an observed public closing price
EUR_OIS_10.0Y,2025-11-05,SYNTHETIC_ARM_LENGTH_TRANSACTION,RPO-EUR_OIS_10.0Y-042,True,SYNTHETIC_RFET_EVIDENCE,Synthetic transaction or committed-quote event; not an observed public closing price
EUR_OIS_10.0Y,2025-11-07,SYNTHETIC_ARM_LENGTH_TRANSACTION,RPO-EUR_OIS_10.0Y-043,True,SYNTHETIC_RFET_EVIDENCE,Synthetic transaction or committed-quote event; not an observed public closing price
EUR_OIS_10.0Y,2025-11-11,SYNTHETIC_ARM_LENGTH_TRANSACTION,RPO-EUR_OIS_10.0Y-044,True,SYNTHETIC_RFET_EVIDENCE,Synthetic transaction or committed-quote event; not an observed public closing price
EUR_OIS_10.0Y,2025-11-13,SYNTHETIC_ARM_LENGTH_TRANSACTION,RPO-EUR_OIS_10.0Y-045,True,SYNTHETIC_RFET_EVIDENCE,Synthetic transaction or committed-quote event; not an observed public closing price
EUR_OIS_10.0Y,2025-11-18,SYNTHETIC_ARM_LENGTH_TRANSACTION,RPO-EUR_OIS_10.0Y-046,True,SYNTHETIC_RFET_EVIDENCE,Synthetic transaction or committed-quote event; not an observed public closing price
EUR_OIS_10.0Y,2025-11-20,SYNTHETIC_ARM_LENGTH_TRANSACTION,RPO-EUR_OIS_10.0Y-047,True,SYNTHETIC_RFET_EVIDENCE,Synthetic transaction or committed-quote event; not an observed public closing price
EUR_OIS_10.0Y,2025-11-24,SYNTHETIC_ARM_LENGTH_TRANSACTION,RPO-EUR_OIS_10.0Y-048,True,SYNTHETIC_RFET_EVIDENCE,Synthetic transaction or committed-quote event; not an observed public closing price
EUR_OIS_10.0Y,2025-11-26,SYNTHETIC_ARM_LENGTH_TRANSACTION,RPO-EUR_OIS_10.0Y-049,True,SYNTHETIC_RFET_EVIDENCE,Synthetic transaction or committed-quote event; not an observed public closing price
EUR_OIS_10.0Y,2025-11-28,SYNTHETIC_ARM_LENGTH_TRANSACTION,RPO-EUR_OIS_10.0Y-050,True,SYNTHETIC_RFET_EVIDENCE,Synthetic transaction or committed-quote event; not an observed public closing price
EUR_OIS_10.0Y,2025-12-03,SYNTHETIC_ARM_LENGTH_TRANSACTION,RPO-EUR_OIS_10.0Y-051,True,SYNTHETIC_RFET_EVIDENCE,Synthetic transaction or committed-quote event; not an observed public closing price
EUR_OIS_10.0Y,2025-12-05,SYNTHETIC_ARM_LENGTH_TRANSACTION,RPO-EUR_OIS_10.0Y-052,True,SYNTHETIC_RFET_EVIDENCE,Synthetic transaction or committed-quote event; not an observed public closing price
EUR_OIS_10.0Y,2025-12-09,SYNTHETIC_ARM_LENGTH_TRANSACTION,RPO-EUR_OIS_10.0Y-053,True,SYNTHETIC_RFET_EVIDENCE,Synthetic transaction or committed-quote event; not an observed public closing price
EUR_OIS_10.0Y,2025-12-11,SYNTHETIC_ARM_LENGTH_TRANSACTION,RPO-EUR_OIS_10.0Y-054,True,SYNTHETIC_RFET_EVIDENCE,Synthetic transaction or committed-quote event; not an observed public closing price
EUR_OIS_10.0Y,2025-12-16,SYNTHETIC_ARM_LENGTH_TRANSACTION,RPO-EUR_OIS_10.0Y-055,True,SYNTHETIC_RFET_EVIDENCE,Synthetic transaction or committed-quote event; not an observed public closing price
EUR_OIS_10.0Y,2025-12-18,SYNTHETIC_ARM_LENGTH_TRANSACTION,RPO-EUR_OIS_10.0Y-056,True,SYNTHETIC_RFET_EVIDENCE,Synthetic transaction or committed-quote event; not an observed public closing price
EUR_OIS_10.0Y,2025-12-22,SYNTHETIC_ARM_LENGTH_TRANSACTION,RPO-EUR_OIS_10.0Y-057,True,SYNTHETIC_RFET_EVIDENCE,Synthetic transaction or committed-quote event; not an observed public closing price
EUR_OIS_10.0Y,2025-12-24,SYNTHETIC_ARM_LENGTH_TRANSACTION,RPO-EUR_OIS_10.0Y-058,True,SYNTHETIC_RFET_EVIDENCE,Synthetic transaction or committed-quote event; not an observed public closing price
EUR_OIS_10.0Y,2025-12-26,SYNTHETIC_ARM_LENGTH_TRANSACTION,RPO-EUR_OIS_10.0Y-059,True,SYNTHETIC_RFET_EVIDENCE,Synthetic transaction or committed-quote event; not an observed public closing price
EUR_OIS_10.0Y,2025-12-31,SYNTHETIC_ARM_LENGTH_TRANSACTION,RPO-EUR_OIS_10.0Y-060,True,SYNTHETIC_RFET_EVIDENCE,Synthetic transaction or committed-quote event; not an observed public closing price
EUR_OIS_10.0Y,2026-01-02,SYNTHETIC_ARM_LENGTH_TRANSACTION,RPO-EUR_OIS_10.0Y-061,True,SYNTHETIC_RFET_EVIDENCE,Synthetic transaction or committed-quote event; not an observed public closing price
EUR_OIS_10.0Y,2026-01-06,SYNTHETIC_ARM_LENGTH_TRANSACTION,RPO-EUR_OIS_10.0Y-062,True,SYNTHETIC_RFET_EVIDENCE,Synthetic transaction or committed-quote event; not an observed public closing price
EUR_OIS_10.0Y,2026-01-08,SYNTHETIC_ARM_LENGTH_TRANSACTION,RPO-EUR_OIS_10.0Y-063,True,SYNTHETIC_RFET_EVIDENCE,Synthetic transaction or committed-quote event; not an observed public closing price
EUR_OIS_10.0Y,2026-01-13,SYNTHETIC_ARM_LENGTH_TRANSACTION,RPO-EUR_OIS_10.0Y-064,True,SYNTHETIC_RFET_EVIDENCE,Synthetic transaction or committed-quote event; not an observed public closing price
EUR_OIS_10.0Y,2026-01-15,SYNTHETIC_ARM_LENGTH_TRANSACTION,RPO-EUR_OIS_10.0Y-065,True,SYNTHETIC_RFET_EVIDENCE,Synthetic transaction or committed-quote event; not an observed public closing price
EUR_OIS_10.0Y,2026-01-19,SYNTHETIC_ARM_LENGTH_TRANSACTION,RPO-EUR_OIS_10.0Y-066,True,SYNTHETIC_RFET_EVIDENCE,Synthetic transaction or committed-quote event; not an observed public closing price
EUR_OIS_10.0Y,2026-01-21,SYNTHETIC_ARM_LENGTH_TRANSACTION,RPO-EUR_OIS_10.0Y-067,True,SYNTHETIC_RFET_EVIDENCE,Synthetic transaction or committed-quote event; not an observed public closing price
EUR_OIS_10.0Y,2026-01-23,SYNTHETIC_ARM_LENGTH_TRANSACTION,RPO-EUR_OIS_10.0Y-068,True,SYNTHETIC_RFET_EVIDENCE,Synthetic transaction or committed-quote event; not an observed public closing price
EUR_OIS_10.0Y,2026-01-28,SYNTHETIC_ARM_LENGTH_TRANSACTION,RPO-EUR_OIS_10.0Y-069,True,SYNTHETIC_RFET_EVIDENCE,Synthetic transaction or committed-quote event; not an observed public closing price
EUR_OIS_10.0Y,2026-01-30,SYNTHETIC_ARM_LENGTH_TRANSACTION,RPO-EUR_OIS_10.0Y-070,True,SYNTHETIC_RFET_EVIDENCE,Synthetic transaction or committed-quote event; not an observed public closing price
EUR_OIS_10.0Y,2026-02-03,SYNTHETIC_ARM_LENGTH_TRANSACTION,RPO-EUR_OIS_10.0Y-071,True,SYNTHETIC_RFET_EVIDENCE,Synthetic transaction or committed-quote event; not an observed public closing price
EUR_OIS_10.0Y,2026-02-05,SYNTHETIC_ARM_LENGTH_TRANSACTION,RPO-EUR_OIS_10.0Y-072,True,SYNTHETIC_RFET_EVIDENCE,Synthetic transaction or committed-quote event; not an observed public closing price
EUR_OIS_10.0Y,2026-02-10,SYNTHETIC_ARM_LENGTH_TRANSACTION,RPO-EUR_OIS_10.0Y-073,True,SYNTHETIC_RFET_EVIDENCE,Synthetic transaction or committed-quote event; not an observed public closing price
EUR_OIS_10.0Y,2026-02-12,SYNTHETIC_ARM_LENGTH_TRANSACTION,RPO-EUR_OIS_10.0Y-074,True,SYNTHETIC_RFET_EVIDENCE,Synthetic transaction or committed-quote event; not an observed public closing price
EUR_OIS_10.0Y,2026-02-16,SYNTHETIC_ARM_LENGTH_TRANSACTION,RPO-EUR_OIS_10.0Y-075,True,SYNTHETIC_RFET_EVIDENCE,Synthetic transaction or committed-quote event; not an observed public closing price
EUR_OIS_10.0Y,2026-02-18,SYNTHETIC_ARM_LENGTH_TRANSACTION,RPO-EUR_OIS_10.0Y-076,True,SYNTHETIC_RFET_EVIDENCE,Synthetic transaction or committed-quote event; not an observed public closing price
EUR_OIS_10.0Y,2026-02-20,SYNTHETIC_ARM_LENGTH_TRANSACTION,RPO-EUR_OIS_10.0Y-077,True,SYNTHETIC_RFET_EVIDENCE,Synthetic transaction or committed-quote event; not an observed public closing price
EUR_OIS_10.0Y,2026-02-25,SYNTHETIC_ARM_LENGTH_TRANSACTION,RPO-EUR_OIS_10.0Y-078,True,SYNTHETIC_RFET_EVIDENCE,Synthetic transaction or committed-quote event; not an observed public closing price
EUR_OIS_10.0Y,2026-02-27,SYNTHETIC_ARM_LENGTH_TRANSACTION,RPO-EUR_OIS_10.0Y-079,True,SYNTHETIC_RFET_EVIDENCE,Synthetic transaction or committed-quote event; not an observed public closing price
EUR_OIS_10.0Y,2026-03-03,SYNTHETIC_ARM_LENGTH_TRANSACTION,RPO-EUR_OIS_10.0Y-080,True,SYNTHETIC_RFET_EVIDENCE,Synthetic transaction or committed-quote event; not an observed public closing price
EUR_OIS_10.0Y,2026-03-05,SYNTHETIC_ARM_LENGTH_TRANSACTION,RPO-EUR_OIS_10.0Y-081,True,SYNTHETIC_RFET_EVIDENCE,Synthetic transaction or committed-quote event; not an observed public closing price
EUR_OIS_10.0Y,2026-03-10,SYNTHETIC_ARM_LENGTH_TRANSACTION,RPO-EUR_OIS_10.0Y-082,True,SYNTHETIC_RFET_EVIDENCE,Synthetic transaction or committed-quote event; not an observed public closing price
EUR_OIS_10.0Y,2026-03-12,SYNTHETIC_ARM_LENGTH_TRANSACTION,RPO-EUR_OIS_10.0Y-083,True,SYNTHETIC_RFET_EVIDENCE,Synthetic transaction or committed-quote event; not an observed public closing price
EUR_OIS_10.0Y,2026-03-16,SYNTHETIC_ARM_LENGTH_TRANSACTION,RPO-EUR_OIS_10.0Y-084,True,SYNTHETIC_RFET_EVIDENCE,Synthetic transaction or committed-quote event; not an observed public closing price
EUR_OIS_10.0Y,2026-03-18,SYNTHETIC_ARM_LENGTH_TRANSACTION,RPO-EUR_OIS_10.0Y-085,True,SYNTHETIC_RFET_EVIDENCE,Synthetic transaction or committed-quote event; not an observed public closing price
EUR_OIS_10.0Y,2026-03-20,SYNTHETIC_ARM_LENGTH_TRANSACTION,RPO-EUR_OIS_10.0Y-086,True,SYNTHETIC_RFET_EVIDENCE,Synthetic transaction or committed-quote event; not an observed public closing price
EUR_OIS_10.0Y,2026-03-25,SYNTHETIC_ARM_LENGTH_TRANSACTION,RPO-EUR_OIS_10.0Y-087,True,SYNTHETIC_RFET_EVIDENCE,Synthetic transaction or committed-quote event; not an observed public closing price
EUR_OIS_10.0Y,2026-03-27,SYNTHETIC_ARM_LENGTH_TRANSACTION,RPO-EUR_OIS_10.0Y-088,True,SYNTHETIC_RFET_EVIDENCE,Synthetic transaction or committed-quote event; not an observed public closing price
EUR_OIS_10.0Y,2026-03-31,SYNTHETIC_ARM_LENGTH_TRANSACTION,RPO-EUR_OIS_10.0Y-089,True,SYNTHETIC_RFET_EVIDENCE,Synthetic transaction or committed-quote event; not an observed public closing price
EUR_OIS_10.0Y,2026-04-02,SYNTHETIC_ARM_LENGTH_TRANSACTION,RPO-EUR_OIS_10.0Y-090,True,SYNTHETIC_RFET_EVIDENCE,Synthetic transaction or committed-quote event; not an observed public closing price
EUR_OIS_10.0Y,2026-04-07,SYNTHETIC_ARM_LENGTH_TRANSACTION,RPO-EUR_OIS_10.0Y-091,True,SYNTHETIC_RFET_EVIDENCE,Synthetic transaction or committed-quote event; not an observed public closing price
EUR_OIS_10.0Y,2026-04-09,SYNTHETIC_ARM_LENGTH_TRANSACTION,RPO-EUR_OIS_10.0Y-092,True,SYNTHETIC_RFET_EVIDENCE,Synthetic transaction or committed-quote event; not an observed public closing price
EUR_OIS_10.0Y,2026-04-13,SYNTHETIC_ARM_LENGTH_TRANSACTION,RPO-EUR_OIS_10.0Y-093,True,SYNTHETIC_RFET_EVIDENCE,Synthetic transaction or committed-quote event; not an observed public closing price
EUR_OIS_10.0Y,2026-04-15,SYNTHETIC_ARM_LENGTH_TRANSACTION,RPO-EUR_OIS_10.0Y-094,True,SYNTHETIC_RFET_EVIDENCE,Synthetic transaction or committed-quote event; not an observed public closing price
EUR_OIS_10.0Y,2026-04-17,SYNTHETIC_ARM_LENGTH_TRANSACTION,RPO-EUR_OIS_10.0Y-095,True,SYNTHETIC_RFET_EVIDENCE,Synthetic transaction or committed-quote event; not an observed public closing price
EUR_OIS_10.0Y,2026-04-22,SYNTHETIC_ARM_LENGTH_TRANSACTION,RPO-EUR_OIS_10.0Y-096,True,SYNTHETIC_RFET_EVIDENCE,Synthetic transaction or committed-quote event; not an observed public closing price
EUR_OIS_10.0Y,2026-04-24,SYNTHETIC_ARM_LENGTH_TRANSACTION,RPO-EUR_OIS_10.0Y-097,True,SYNTHETIC_RFET_EVIDENCE,Synthetic transaction or committed-quote event; not an observed public closing price
EUR_OIS_10.0Y,2026-04-28,SYNTHETIC_ARM_LENGTH_TRANSACTION,RPO-EUR_OIS_10.0Y-098,True,SYNTHETIC_RFET_EVIDENCE,Synthetic transaction or committed-quote event; not an observed public closing price
EUR_OIS_10.0Y,2026-04-30,SYNTHETIC_ARM_LENGTH_TRANSACTION,RPO-EUR_OIS_10.0Y-099,True,SYNTHETIC_RFET_EVIDENCE,Synthetic transaction or committed-quote event; not an observed public closing price
EUR_OIS_10.0Y,2026-05-05,SYNTHETIC_ARM_LENGTH_TRANSACTION,RPO-EUR_OIS_10.0Y-100,True,SYNTHETIC_RFET_EVIDENCE,Synthetic transaction or committed-quote event; not an observed public closing price
EUR_OIS_10.0Y,2026-05-07,SYNTHETIC_ARM_LENGTH_TRANSACTION,RPO-EUR_OIS_10.0Y-101,True,SYNTHETIC_RFET_EVIDENCE,Synthetic transaction or committed-quote event; not an observed public closing price
EUR_OIS_10.0Y,2026-05-11,SYNTHETIC_ARM_LENGTH_TRANSACTION,RPO-EUR_OIS_10.0Y-102,True,SYNTHETIC_RFET_EVIDENCE,Synthetic transaction or committed-quote event; not an observed public closing price
EUR_OIS_10.0Y,2026-05-13,SYNTHETIC_ARM_LENGTH_TRANSACTION,RPO-EUR_OIS_10.0Y-103,True,SYNTHETIC_RFET_EVIDENCE,Synthetic transaction or committed-quote event; not an observed public closing price
EUR_OIS_10.0Y,2026-05-15,SYNTHETIC_ARM_LENGTH_TRANSACTION,RPO-EUR_OIS_10.0Y-104,True,SYNTHETIC_RFET_EVIDENCE,Synthetic transaction or committed-quote event; not an observed public closing price
EUR_OIS_10.0Y,2026-05-20,SYNTHETIC_ARM_LENGTH_TRANSACTION,RPO-EUR_OIS_10.0Y-105,True,SYNTHETIC_RFET_EVIDENCE,Synthetic transaction or committed-quote event; not an observed public closing price
EUR_OIS_10.0Y,2026-05-22,SYNTHETIC_ARM_LENGTH_TRANSACTION,RPO-EUR_OIS_10.0Y-106,True,SYNTHETIC_RFET_EVIDENCE,Synthetic transaction or committed-quote event; not an observed public closing price
EUR_OIS_10.0Y,2026-05-26,SYNTHETIC_ARM_LENGTH_TRANSACTION,RPO-EUR_OIS_10.0Y-107,True,SYNTHETIC_RFET_EVIDENCE,Synthetic transaction or committed-quote event; not an observed public closing price
EUR_OIS_10.0Y,2026-05-28,SYNTHETIC_ARM_LENGTH_TRANSACTION,RPO-EUR_OIS_10.0Y-108,True,SYNTHETIC_RFET_EVIDENCE,Synthetic transaction or committed-quote event; not an observed public closing price
EUR_OIS_10.0Y,2026-06-02,SYNTHETIC_ARM_LENGTH_TRANSACTION,RPO-EUR_OIS_10.0Y-109,True,SYNTHETIC_RFET_EVIDENCE,Synthetic transaction or committed-quote event; not an observed public closing price
EUR_OIS_10.0Y,2026-06-04,SYNTHETIC_ARM_LENGTH_TRANSACTION,RPO-EUR_OIS_10.0Y-110,True,SYNTHETIC_RFET_EVIDENCE,Synthetic transaction or committed-quote event; not an observed public closing price
EUR_OIS_10.0Y,2026-06-08,SYNTHETIC_ARM_LENGTH_TRANSACTION,RPO-EUR_OIS_10.0Y-111,True,SYNTHETIC_RFET_EVIDENCE,Synthetic transaction or committed-quote event; not an observed public closing price
EUR_OIS_10.0Y,2026-06-10,SYNTHETIC_ARM_LENGTH_TRANSACTION,RPO-EUR_OIS_10.0Y-112,True,SYNTHETIC_RFET_EVIDENCE,Synthetic transaction or committed-quote event; not an observed public closing price
EUR_OIS_10.0Y,2026-06-12,SYNTHETIC_ARM_LENGTH_TRANSACTION,RPO-EUR_OIS_10.0Y-113,True,SYNTHETIC_RFET_EVIDENCE,Synthetic transaction or committed-quote event; not an observed public closing price
EUR_OIS_10.0Y,2026-06-17,SYNTHETIC_ARM_LENGTH_TRANSACTION,RPO-EUR_OIS_10.0Y-114,True,SYNTHETIC_RFET_EVIDENCE,Synthetic transaction or committed-quote event; not an observed public closing price
EUR_OIS_10.0Y,2026-06-19,SYNTHETIC_ARM_LENGTH_TRANSACTION,RPO-EUR_OIS_10.0Y-115,True,SYNTHETIC_RFET_EVIDENCE,Synthetic transaction or committed-quote event; not an observed public closing price
EUR_OIS_10.0Y,2026-06-23,SYNTHETIC_ARM_LENGTH_TRANSACTION,RPO-EUR_OIS_10.0Y-116,True,SYNTHETIC_RFET_EVIDENCE,Synthetic transaction or committed-quote event; not an observed public closing price
EUR_OIS_10.0Y,2026-06-25,SYNTHETIC_ARM_LENGTH_TRANSACTION,RPO-EUR_OIS_10.0Y-117,True,SYNTHETIC_RFET_EVIDENCE,Synthetic transaction or committed-quote event; not an observed public closing price
EUR_OIS_10.0Y,2026-06-30,SYNTHETIC_ARM_LENGTH_TRANSACTION,RPO-EUR_OIS_10.0Y-118,True,SYNTHETIC_RFET_EVIDENCE,Synthetic transaction or committed-quote event; not an observed public closing price
EUR_OIS_3.0Y,2025-07-01,SYNTHETIC_ARM_LENGTH_TRANSACTION,RPO-EUR_OIS_3.0Y-001,True,SYNTHETIC_RFET_EVIDENCE,Synthetic transaction or committed-quote event; not an observed public closing price
EUR_OIS_3.0Y,2025-07-03,SYNTHETIC_ARM_LENGTH_TRANSACTION,RPO-EUR_OIS_3.0Y-002,True,SYNTHETIC_RFET_EVIDENCE,Synthetic transaction or committed-quote event; not an observed public closing price
EUR_OIS_3.0Y,2025-07-07,SYNTHETIC_ARM_LENGTH_TRANSACTION,RPO-EUR_OIS_3.0Y-003,True,SYNTHETIC_RFET_EVIDENCE,Synthetic transaction or committed-quote event; not an observed public closing price
EUR_OIS_3.0Y,2025-07-09,SYNTHETIC_ARM_LENGTH_TRANSACTION,RPO-EUR_OIS_3.0Y-004,True,SYNTHETIC_RFET_EVIDENCE,Synthetic transaction or committed-quote event; not an observed public closing price
EUR_OIS_3.0Y,2025-07-11,SYNTHETIC_ARM_LENGTH_TRANSACTION,RPO-EUR_OIS_3.0Y-005,True,SYNTHETIC_RFET_EVIDENCE,Synthetic transaction or committed-quote event; not an observed public closing price
EUR_OIS_3.0Y,2025-07-16,SYNTHETIC_ARM_LENGTH_TRANSACTION,RPO-EUR_OIS_3.0Y-006,True,SYNTHETIC_RFET_EVIDENCE,Synthetic transaction or committed-quote event; not an observed public closing price
EUR_OIS_3.0Y,2025-07-18,SYNTHETIC_ARM_LENGTH_TRANSACTION,RPO-EUR_OIS_3.0Y-007,True,SYNTHETIC_RFET_EVIDENCE,Synthetic transaction or committed-quote event; not an observed public closing price
EUR_OIS_3.0Y,2025-07-22,SYNTHETIC_ARM_LENGTH_TRANSACTION,RPO-EUR_OIS_3.0Y-008,True,SYNTHETIC_RFET_EVIDENCE,Synthetic transaction or committed-quote event; not an observed public closing price
EUR_OIS_3.0Y,2025-07-24,SYNTHETIC_ARM_LENGTH_TRANSACTION,RPO-EUR_OIS_3.0Y-009,True,SYNTHETIC_RFET_EVIDENCE,Synthetic transaction or committed-quote event; not an observed public closing price
EUR_OIS_3.0Y,2025-07-29,SYNTHETIC_ARM_LENGTH_TRANSACTION,RPO-EUR_OIS_3.0Y-010,True,SYNTHETIC_RFET_EVIDENCE,Synthetic transaction or committed-quote event; not an observed public closing price
EUR_OIS_3.0Y,2025-07-31,SYNTHETIC_ARM_LENGTH_TRANSACTION,RPO-EUR_OIS_3.0Y-011,True,SYNTHETIC_RFET_EVIDENCE,Synthetic transaction or committed-quote event; not an observed public closing price
EUR_OIS_3.0Y,2025-08-04,SYNTHETIC_ARM_LENGTH_TRANSACTION,RPO-EUR_OIS_3.0Y-012,True,SYNTHETIC_RFET_EVIDENCE,Synthetic transaction or committed-quote event; not an observed public closing price
EUR_OIS_3.0Y,2025-08-06,SYNTHETIC_ARM_LENGTH_TRANSACTION,RPO-EUR_OIS_3.0Y-013,True,SYNTHETIC_RFET_EVIDENCE,Synthetic transaction or committed-quote event; not an observed public closing price
EUR_OIS_3.0Y,2025-08-08,SYNTHETIC_ARM_LENGTH_TRANSACTION,RPO-EUR_OIS_3.0Y-014,True,SYNTHETIC_RFET_EVIDENCE,Synthetic transaction or committed-quote event; not an observed public closing price
EUR_OIS_3.0Y,2025-08-13,SYNTHETIC_ARM_LENGTH_TRANSACTION,RPO-EUR_OIS_3.0Y-015,True,SYNTHETIC_RFET_EVIDENCE,Synthetic transaction or committed-quote event; not an observed public closing price
EUR_OIS_3.0Y,2025-08-15,SYNTHETIC_ARM_LENGTH_TRANSACTION,RPO-EUR_OIS_3.0Y-016,True,SYNTHETIC_RFET_EVIDENCE,Synthetic transaction or committed-quote event; not an observed public closing price
EUR_OIS_3.0Y,2025-08-19,SYNTHETIC_ARM_LENGTH_TRANSACTION,RPO-EUR_OIS_3.0Y-017,True,SYNTHETIC_RFET_EVIDENCE,Synthetic transaction or committed-quote event; not an observed public closing price
EUR_OIS_3.0Y,2025-08-21,SYNTHETIC_ARM_LENGTH_TRANSACTION,RPO-EUR_OIS_3.0Y-018,True,SYNTHETIC_RFET_EVIDENCE,Synthetic transaction or committed-quote event; not an observed public closing price
EUR_OIS_3.0Y,2025-08-26,SYNTHETIC_ARM_LENGTH_TRANSACTION,RPO-EUR_OIS_3.0Y-019,True,SYNTHETIC_RFET_EVIDENCE,Synthetic transaction or committed-quote event; not an observed public closing price
EUR_OIS_3.0Y,2025-08-28,SYNTHETIC_ARM_LENGTH_TRANSACTION,RPO-EUR_OIS_3.0Y-020,True,SYNTHETIC_RFET_EVIDENCE,Synthetic transaction or committed-quote event; not an observed public closing price
EUR_OIS_3.0Y,2025-09-01,SYNTHETIC_ARM_LENGTH_TRANSACTION,RPO-EUR_OIS_3.0Y-021,True,SYNTHETIC_RFET_EVIDENCE,Synthetic transaction or committed-quote event; not an observed public closing price
EUR_OIS_3.0Y,2025-09-03,SYNTHETIC_ARM_LENGTH_TRANSACTION,RPO-EUR_OIS_3.0Y-022,True,SYNTHETIC_RFET_EVIDENCE,Synthetic transaction or committed-quote event; not an observed public closing price
EUR_OIS_3.0Y,2025-09-05,SYNTHETIC_ARM_LENGTH_TRANSACTION,RPO-EUR_OIS_3.0Y-023,True,SYNTHETIC_RFET_EVIDENCE,Synthetic transaction or committed-quote event; not an observed public closing price
EUR_OIS_3.0Y,2025-09-10,SYNTHETIC_ARM_LENGTH_TRANSACTION,RPO-EUR_OIS_3.0Y-024,True,SYNTHETIC_RFET_EVIDENCE,Synthetic transaction or committed-quote event; not an observed public closing price
EUR_OIS_3.0Y,2025-09-12,SYNTHETIC_ARM_LENGTH_TRANSACTION,RPO-EUR_OIS_3.0Y-025,True,SYNTHETIC_RFET_EVIDENCE,Synthetic transaction or committed-quote event; not an observed public closing price
EUR_OIS_3.0Y,2025-09-16,SYNTHETIC_ARM_LENGTH_TRANSACTION,RPO-EUR_OIS_3.0Y-026,True,SYNTHETIC_RFET_EVIDENCE,Synthetic transaction or committed-quote event; not an observed public closing price
EUR_OIS_3.0Y,2025-09-18,SYNTHETIC_ARM_LENGTH_TRANSACTION,RPO-EUR_OIS_3.0Y-027,True,SYNTHETIC_RFET_EVIDENCE,Synthetic transaction or committed-quote event; not an observed public closing price
EUR_OIS_3.0Y,2025-09-23,SYNTHETIC_ARM_LENGTH_TRANSACTION,RPO-EUR_OIS_3.0Y-028,True,SYNTHETIC_RFET_EVIDENCE,Synthetic transaction or committed-quote event; not an observed public closing price
EUR_OIS_3.0Y,2025-09-25,SYNTHETIC_ARM_LENGTH_TRANSACTION,RPO-EUR_OIS_3.0Y-029,True,SYNTHETIC_RFET_EVIDENCE,Synthetic transaction or committed-quote event; not an observed public closing price
EUR_OIS_3.0Y,2025-09-29,SYNTHETIC_ARM_LENGTH_TRANSACTION,RPO-EUR_OIS_3.0Y-030,True,SYNTHETIC_RFET_EVIDENCE,Synthetic transaction or committed-quote event; not an observed public closing price
EUR_OIS_3.0Y,2025-10-01,SYNTHETIC_ARM_LENGTH_TRANSACTION,RPO-EUR_OIS_3.0Y-031,True,SYNTHETIC_RFET_EVIDENCE,Synthetic transaction or committed-quote event; not an observed public closing price
EUR_OIS_3.0Y,2025-10-03,SYNTHETIC_ARM_LENGTH_TRANSACTION,RPO-EUR_OIS_3.0Y-032,True,SYNTHETIC_RFET_EVIDENCE,Synthetic transaction or committed-quote event; not an observed public closing price
EUR_OIS_3.0Y,2025-10-08,SYNTHETIC_ARM_LENGTH_TRANSACTION,RPO-EUR_OIS_3.0Y-033,True,SYNTHETIC_RFET_EVIDENCE,Synthetic transaction or committed-quote event; not an observed public closing price
EUR_OIS_3.0Y,2025-10-10,SYNTHETIC_ARM_LENGTH_TRANSACTION,RPO-EUR_OIS_3.0Y-034,True,SYNTHETIC_RFET_EVIDENCE,Synthetic transaction or committed-quote event; not an observed public closing price
EUR_OIS_3.0Y,2025-10-14,SYNTHETIC_ARM_LENGTH_TRANSACTION,RPO-EUR_OIS_3.0Y-035,True,SYNTHETIC_RFET_EVIDENCE,Synthetic transaction or committed-quote event; not an observed public closing price
EUR_OIS_3.0Y,2025-10-16,SYNTHETIC_ARM_LENGTH_TRANSACTION,RPO-EUR_OIS_3.0Y-036,True,SYNTHETIC_RFET_EVIDENCE,Synthetic transaction or committed-quote event; not an observed public closing price
EUR_OIS_3.0Y,2025-10-21,SYNTHETIC_ARM_LENGTH_TRANSACTION,RPO-EUR_OIS_3.0Y-037,True,SYNTHETIC_RFET_EVIDENCE,Synthetic transaction or committed-quote event; not an observed public closing price
EUR_OIS_3.0Y,2025-10-23,SYNTHETIC_ARM_LENGTH_TRANSACTION,RPO-EUR_OIS_3.0Y-038,True,SYNTHETIC_RFET_EVIDENCE,Synthetic transaction or committed-quote event; not an observed public closing price
EUR_OIS_3.0Y,2025-10-27,SYNTHETIC_ARM_LENGTH_TRANSACTION,RPO-EUR_OIS_3.0Y-039,True,SYNTHETIC_RFET_EVIDENCE,Synthetic transaction or committed-quote event; not an observed public closing price
EUR_OIS_3.0Y,2025-10-29,SYNTHETIC_ARM_LENGTH_TRANSACTION,RPO-EUR_OIS_3.0Y-040,True,SYNTHETIC_RFET_EVIDENCE,Synthetic transaction or committed-quote event; not an observed public closing price
EUR_OIS_3.0Y,2025-10-31,SYNTHETIC_ARM_LENGTH_TRANSACTION,RPO-EUR_OIS_3.0Y-041,True,SYNTHETIC_RFET_EVIDENCE,Synthetic transaction or committed-quote event; not an observed public closing price
EUR_OIS_3.0Y,2025-11-05,SYNTHETIC_ARM_LENGTH_TRANSACTION,RPO-EUR_OIS_3.0Y-042,True,SYNTHETIC_RFET_EVIDENCE,Synthetic transaction or committed-quote event; not an observed public closing price
EUR_OIS_3.0Y,2025-11-07,SYNTHETIC_ARM_LENGTH_TRANSACTION,RPO-EUR_OIS_3.0Y-043,True,SYNTHETIC_RFET_EVIDENCE,Synthetic transaction or committed-quote event; not an observed public closing price
EUR_OIS_3.0Y,2025-11-11,SYNTHETIC_ARM_LENGTH_TRANSACTION,RPO-EUR_OIS_3.0Y-044,True,SYNTHETIC_RFET_EVIDENCE,Synthetic transaction or committed-quote event; not an observed public closing price
EUR_OIS_3.0Y,2025-11-13,SYNTHETIC_ARM_LENGTH_TRANSACTION,RPO-EUR_OIS_3.0Y-045,True,SYNTHETIC_RFET_EVIDENCE,Synthetic transaction or committed-quote event; not an observed public closing price
EUR_OIS_3.0Y,2025-11-18,SYNTHETIC_ARM_LENGTH_TRANSACTION,RPO-EUR_OIS_3.0Y-046,True,SYNTHETIC_RFET_EVIDENCE,Synthetic transaction or committed-quote event; not an observed public closing price
EUR_OIS_3.0Y,2025-11-20,SYNTHETIC_ARM_LENGTH_TRANSACTION,RPO-EUR_OIS_3.0Y-047,True,SYNTHETIC_RFET_EVIDENCE,Synthetic transaction or committed-quote event; not an observed public closing price
EUR_OIS_3.0Y,2025-11-24,SYNTHETIC_ARM_LENGTH_TRANSACTION,RPO-EUR_OIS_3.0Y-048,True,SYNTHETIC_RFET_EVIDENCE,Synthetic transaction or committed-quote event; not an observed public closing price
EUR_OIS_3.0Y,2025-11-26,SYNTHETIC_ARM_LENGTH_TRANSACTION,RPO-EUR_OIS_3.0Y-049,True,SYNTHETIC_RFET_EVIDENCE,Synthetic transaction or committed-quote event; not an observed public closing price
EUR_OIS_3.0Y,2025-11-28,SYNTHETIC_ARM_LENGTH_TRANSACTION,RPO-EUR_OIS_3.0Y-050,True,SYNTHETIC_RFET_EVIDENCE,Synthetic transaction or committed-quote event; not an observed public closing price
EUR_OIS_3.0Y,2025-12-03,SYNTHETIC_ARM_LENGTH_TRANSACTION,RPO-EUR_OIS_3.0Y-051,True,SYNTHETIC_RFET_EVIDENCE,Synthetic transaction or committed-quote event; not an observed public closing price
EUR_OIS_3.0Y,2025-12-05,SYNTHETIC_ARM_LENGTH_TRANSACTION,RPO-EUR_OIS_3.0Y-052,True,SYNTHETIC_RFET_EVIDENCE,Synthetic transaction or committed-quote event; not an observed public closing price
EUR_OIS_3.0Y,2025-12-09,SYNTHETIC_ARM_LENGTH_TRANSACTION,RPO-EUR_OIS_3.0Y-053,True,SYNTHETIC_RFET_EVIDENCE,Synthetic transaction or committed-quote event; not an observed public closing price
EUR_OIS_3.0Y,2025-12-11,SYNTHETIC_ARM_LENGTH_TRANSACTION,RPO-EUR_OIS_3.0Y-054,True,SYNTHETIC_RFET_EVIDENCE,Synthetic transaction or committed-quote event; not an observed public closing price
EUR_OIS_3.0Y,2025-12-16,SYNTHETIC_ARM_LENGTH_TRANSACTION,RPO-EUR_OIS_3.0Y-055,True,SYNTHETIC_RFET_EVIDENCE,Synthetic transaction or committed-quote event; not an observed public closing price
EUR_OIS_3.0Y,2025-12-18,SYNTHETIC_ARM_LENGTH_TRANSACTION,RPO-EUR_OIS_3.0Y-056,True,SYNTHETIC_RFET_EVIDENCE,Synthetic transaction or committed-quote event; not an observed public closing price
EUR_OIS_3.0Y,2025-12-22,SYNTHETIC_ARM_LENGTH_TRANSACTION,RPO-EUR_OIS_3.0Y-057,True,SYNTHETIC_RFET_EVIDENCE,Synthetic transaction or committed-quote event; not an observed public closing price
EUR_OIS_3.0Y,2025-12-24,SYNTHETIC_ARM_LENGTH_TRANSACTION,RPO-EUR_OIS_3.0Y-058,True,SYNTHETIC_RFET_EVIDENCE,Synthetic transaction or committed-quote event; not an observed public closing price
EUR_OIS_3.0Y,2025-12-26,SYNTHETIC_ARM_LENGTH_TRANSACTION,RPO-EUR_OIS_3.0Y-059,True,SYNTHETIC_RFET_EVIDENCE,Synthetic transaction or committed-quote event; not an observed public closing price
EUR_OIS_3.0Y,2025-12-31,SYNTHETIC_ARM_LENGTH_TRANSACTION,RPO-EUR_OIS_3.0Y-060,True,SYNTHETIC_RFET_EVIDENCE,Synthetic transaction or committed-quote event; not an observed public closing price
EUR_OIS_3.0Y,2026-01-02,SYNTHETIC_ARM_LENGTH_TRANSACTION,RPO-EUR_OIS_3.0Y-061,True,SYNTHETIC_RFET_EVIDENCE,Synthetic transaction or committed-quote event; not an observed public closing price
EUR_OIS_3.0Y,2026-01-06,SYNTHETIC_ARM_LENGTH_TRANSACTION,RPO-EUR_OIS_3.0Y-062,True,SYNTHETIC_RFET_EVIDENCE,Synthetic transaction or committed-quote event; not an observed public closing price
EUR_OIS_3.0Y,2026-01-08,SYNTHETIC_ARM_LENGTH_TRANSACTION,RPO-EUR_OIS_3.0Y-063,True,SYNTHETIC_RFET_EVIDENCE,Synthetic transaction or committed-quote event; not an observed public closing price
EUR_OIS_3.0Y,2026-01-13,SYNTHETIC_ARM_LENGTH_TRANSACTION,RPO-EUR_OIS_3.0Y-064,True,SYNTHETIC_RFET_EVIDENCE,Synthetic transaction or committed-quote event; not an observed public closing price
EUR_OIS_3.0Y,2026-01-15,SYNTHETIC_ARM_LENGTH_TRANSACTION,RPO-EUR_OIS_3.0Y-065,True,SYNTHETIC_RFET_EVIDENCE,Synthetic transaction or committed-quote event; not an observed public closing price
EUR_OIS_3.0Y,2026-01-19,SYNTHETIC_ARM_LENGTH_TRANSACTION,RPO-EUR_OIS_3.0Y-066,True,SYNTHETIC_RFET_EVIDENCE,Synthetic transaction or committed-quote event; not an observed public closing price
EUR_OIS_3.0Y,2026-01-21,SYNTHETIC_ARM_LENGTH_TRANSACTION,RPO-EUR_OIS_3.0Y-067,True,SYNTHETIC_RFET_EVIDENCE,Synthetic transaction or committed-quote event; not an observed public closing price
EUR_OIS_3.0Y,2026-01-23,SYNTHETIC_ARM_LENGTH_TRANSACTION,RPO-EUR_OIS_3.0Y-068,True,SYNTHETIC_RFET_EVIDENCE,Synthetic transaction or committed-quote event; not an observed public closing price
EUR_OIS_3.0Y,2026-01-28,SYNTHETIC_ARM_LENGTH_TRANSACTION,RPO-EUR_OIS_3.0Y-069,True,SYNTHETIC_RFET_EVIDENCE,Synthetic transaction or committed-quote event; not an observed public closing price
EUR_OIS_3.0Y,2026-01-30,SYNTHETIC_ARM_LENGTH_TRANSACTION,RPO-EUR_OIS_3.0Y-070,True,SYNTHETIC_RFET_EVIDENCE,Synthetic transaction or committed-quote event; not an observed public closing price
EUR_OIS_3.0Y,2026-02-03,SYNTHETIC_ARM_LENGTH_TRANSACTION,RPO-EUR_OIS_3.0Y-071,True,SYNTHETIC_RFET_EVIDENCE,Synthetic transaction or committed-quote event; not an observed public closing price
EUR_OIS_3.0Y,2026-02-05,SYNTHETIC_ARM_LENGTH_TRANSACTION,RPO-EUR_OIS_3.0Y-072,True,SYNTHETIC_RFET_EVIDENCE,Synthetic transaction or committed-quote event; not an observed public closing price
EUR_OIS_3.0Y,2026-02-10,SYNTHETIC_ARM_LENGTH_TRANSACTION,RPO-EUR_OIS_3.0Y-073,True,SYNTHETIC_RFET_EVIDENCE,Synthetic transaction or committed-quote event; not an observed public closing price
EUR_OIS_3.0Y,2026-02-12,SYNTHETIC_ARM_LENGTH_TRANSACTION,RPO-EUR_OIS_3.0Y-074,True,SYNTHETIC_RFET_EVIDENCE,Synthetic transaction or committed-quote event; not an observed public closing price
EUR_OIS_3.0Y,2026-02-16,SYNTHETIC_ARM_LENGTH_TRANSACTION,RPO-EUR_OIS_3.0Y-075,True,SYNTHETIC_RFET_EVIDENCE,Synthetic transaction or committed-quote event; not an observed public closing price
EUR_OIS_3.0Y,2026-02-18,SYNTHETIC_ARM_LENGTH_TRANSACTION,RPO-EUR_OIS_3.0Y-076,True,SYNTHETIC_RFET_EVIDENCE,Synthetic transaction or committed-quote event; not an observed public closing price
EUR_OIS_3.0Y,2026-02-20,SYNTHETIC_ARM_LENGTH_TRANSACTION,RPO-EUR_OIS_3.0Y-077,True,SYNTHETIC_RFET_EVIDENCE,Synthetic transaction or committed-quote event; not an observed public closing price
EUR_OIS_3.0Y,2026-02-25,SYNTHETIC_ARM_LENGTH_TRANSACTION,RPO-EUR_OIS_3.0Y-078,True,SYNTHETIC_RFET_EVIDENCE,Synthetic transaction or committed-quote event; not an observed public closing price
EUR_OIS_3.0Y,2026-02-27,SYNTHETIC_ARM_LENGTH_TRANSACTION,RPO-EUR_OIS_3.0Y-079,True,SYNTHETIC_RFET_EVIDENCE,Synthetic transaction or committed-quote event; not an observed public closing price
EUR_OIS_3.0Y,2026-03-03,SYNTHETIC_ARM_LENGTH_TRANSACTION,RPO-EUR_OIS_3.0Y-080,True,SYNTHETIC_RFET_EVIDENCE,Synthetic transaction or committed-quote event; not an observed public closing price
EUR_OIS_3.0Y,2026-03-05,SYNTHETIC_ARM_LENGTH_TRANSACTION,RPO-EUR_OIS_3.0Y-081,True,SYNTHETIC_RFET_EVIDENCE,Synthetic transaction or committed-quote event; not an observed public closing price
EUR_OIS_3.0Y,2026-03-10,SYNTHETIC_ARM_LENGTH_TRANSACTION,RPO-EUR_OIS_3.0Y-082,True,SYNTHETIC_RFET_EVIDENCE,Synthetic transaction or committed-quote event; not an observed public closing price
EUR_OIS_3.0Y,2026-03-12,SYNTHETIC_ARM_LENGTH_TRANSACTION,RPO-EUR_OIS_3.0Y-083,True,SYNTHETIC_RFET_EVIDENCE,Synthetic transaction or committed-quote event; not an observed public closing price
EUR_OIS_3.0Y,2026-03-16,SYNTHETIC_ARM_LENGTH_TRANSACTION,RPO-EUR_OIS_3.0Y-084,True,SYNTHETIC_RFET_EVIDENCE,Synthetic transaction or committed-quote event; not an observed public closing price
EUR_OIS_3.0Y,2026-03-18,SYNTHETIC_ARM_LENGTH_TRANSACTION,RPO-EUR_OIS_3.0Y-085,True,SYNTHETIC_RFET_EVIDENCE,Synthetic transaction or committed-quote event; not an observed public closing price
EUR_OIS_3.0Y,2026-03-20,SYNTHETIC_ARM_LENGTH_TRANSACTION,RPO-EUR_OIS_3.0Y-086,True,SYNTHETIC_RFET_EVIDENCE,Synthetic transaction or committed-quote event; not an observed public closing price
EUR_OIS_3.0Y,2026-03-25,SYNTHETIC_ARM_LENGTH_TRANSACTION,RPO-EUR_OIS_3.0Y-087,True,SYNTHETIC_RFET_EVIDENCE,Synthetic transaction or committed-quote event; not an observed public closing price
EUR_OIS_3.0Y,2026-03-27,SYNTHETIC_ARM_LENGTH_TRANSACTION,RPO-EUR_OIS_3.0Y-088,True,SYNTHETIC_RFET_EVIDENCE,Synthetic transaction or committed-quote event; not an observed public closing price
EUR_OIS_3.0Y,2026-03-31,SYNTHETIC_ARM_LENGTH_TRANSACTION,RPO-EUR_OIS_3.0Y-089,True,SYNTHETIC_RFET_EVIDENCE,Synthetic transaction or committed-quote event; not an observed public closing price
EUR_OIS_3.0Y,2026-04-02,SYNTHETIC_ARM_LENGTH_TRANSACTION,RPO-EUR_OIS_3.0Y-090,True,SYNTHETIC_RFET_EVIDENCE,Synthetic transaction or committed-quote event; not an observed public closing price
EUR_OIS_3.0Y,2026-04-07,SYNTHETIC_ARM_LENGTH_TRANSACTION,RPO-EUR_OIS_3.0Y-091,True,SYNTHETIC_RFET_EVIDENCE,Synthetic transaction or committed-quote event; not an observed public closing price
EUR_OIS_3.0Y,2026-04-09,SYNTHETIC_ARM_LENGTH_TRANSACTION,RPO-EUR_OIS_3.0Y-092,True,SYNTHETIC_RFET_EVIDENCE,Synthetic transaction or committed-quote event; not an observed public closing price
EUR_OIS_3.0Y,2026-04-13,SYNTHETIC_ARM_LENGTH_TRANSACTION,RPO-EUR_OIS_3.0Y-093,True,SYNTHETIC_RFET_EVIDENCE,Synthetic transaction or committed-quote event; not an observed public closing price
EUR_OIS_3.0Y,2026-04-15,SYNTHETIC_ARM_LENGTH_TRANSACTION,RPO-EUR_OIS_3.0Y-094,True,SYNTHETIC_RFET_EVIDENCE,Synthetic transaction or committed-quote event; not an observed public closing price
EUR_OIS_3.0Y,2026-04-17,SYNTHETIC_ARM_LENGTH_TRANSACTION,RPO-EUR_OIS_3.0Y-095,True,SYNTHETIC_RFET_EVIDENCE,Synthetic transaction or committed-quote event; not an observed public closing price
EUR_OIS_3.0Y,2026-04-22,SYNTHETIC_ARM_LENGTH_TRANSACTION,RPO-EUR_OIS_3.0Y-096,True,SYNTHETIC_RFET_EVIDENCE,Synthetic transaction or committed-quote event; not an observed public closing price
EUR_OIS_3.0Y,2026-04-24,SYNTHETIC_ARM_LENGTH_TRANSACTION,RPO-EUR_OIS_3.0Y-097,True,SYNTHETIC_RFET_EVIDENCE,Synthetic transaction or committed-quote event; not an observed public closing price
EUR_OIS_3.0Y,2026-04-28,SYNTHETIC_ARM_LENGTH_TRANSACTION,RPO-EUR_OIS_3.0Y-098,True,SYNTHETIC_RFET_EVIDENCE,Synthetic transaction or committed-quote event; not an observed public closing price
EUR_OIS_3.0Y,2026-04-30,SYNTHETIC_ARM_LENGTH_TRANSACTION,RPO-EUR_OIS_3.0Y-099,True,SYNTHETIC_RFET_EVIDENCE,Synthetic transaction or committed-quote event; not an observed public closing price
EUR_OIS_3.0Y,2026-05-05,SYNTHETIC_ARM_LENGTH_TRANSACTION,RPO-EUR_OIS_3.0Y-100,True,SYNTHETIC_RFET_EVIDENCE,Synthetic transaction or committed-quote event; not an observed public closing price
EUR_OIS_3.0Y,2026-05-07,SYNTHETIC_ARM_LENGTH_TRANSACTION,RPO-EUR_OIS_3.0Y-101,True,SYNTHETIC_RFET_EVIDENCE,Synthetic transaction or committed-quote event; not an observed public closing price
EUR_OIS_3.0Y,2026-05-11,SYNTHETIC_ARM_LENGTH_TRANSACTION,RPO-EUR_OIS_3.0Y-102,True,SYNTHETIC_RFET_EVIDENCE,Synthetic transaction or committed-quote event; not an observed public closing price
EUR_OIS_3.0Y,2026-05-13,SYNTHETIC_ARM_LENGTH_TRANSACTION,RPO-EUR_OIS_3.0Y-103,True,SYNTHETIC_RFET_EVIDENCE,Synthetic transaction or committed-quote event; not an observed public closing price
EUR_OIS_3.0Y,2026-05-15,SYNTHETIC_ARM_LENGTH_TRANSACTION,RPO-EUR_OIS_3.0Y-104,True,SYNTHETIC_RFET_EVIDENCE,Synthetic transaction or committed-quote event; not an observed public closing price
EUR_OIS_3.0Y,2026-05-20,SYNTHETIC_ARM_LENGTH_TRANSACTION,RPO-EUR_OIS_3.0Y-105,True,SYNTHETIC_RFET_EVIDENCE,Synthetic transaction or committed-quote event; not an observed public closing price
EUR_OIS_3.0Y,2026-05-22,SYNTHETIC_ARM_LENGTH_TRANSACTION,RPO-EUR_OIS_3.0Y-106,True,SYNTHETIC_RFET_EVIDENCE,Synthetic transaction or committed-quote event; not an observed public closing price
EUR_OIS_3.0Y,2026-05-26,SYNTHETIC_ARM_LENGTH_TRANSACTION,RPO-EUR_OIS_3.0Y-107,True,SYNTHETIC_RFET_EVIDENCE,Synthetic transaction or committed-quote event; not an observed public closing price
EUR_OIS_3.0Y,2026-05-28,SYNTHETIC_ARM_LENGTH_TRANSACTION,RPO-EUR_OIS_3.0Y-108,True,SYNTHETIC_RFET_EVIDENCE,Synthetic transaction or committed-quote event; not an observed public closing price
EUR_OIS_3.0Y,2026-06-02,SYNTHETIC_ARM_LENGTH_TRANSACTION,RPO-EUR_OIS_3.0Y-109,True,SYNTHETIC_RFET_EVIDENCE,Synthetic transaction or committed-quote event; not an observed public closing price
EUR_OIS_3.0Y,2026-06-04,SYNTHETIC_ARM_LENGTH_TRANSACTION,RPO-EUR_OIS_3.0Y-110,True,SYNTHETIC_RFET_EVIDENCE,Synthetic transaction or committed-quote event; not an observed public closing price
EUR_OIS_3.0Y,2026-06-08,SYNTHETIC_ARM_LENGTH_TRANSACTION,RPO-EUR_OIS_3.0Y-111,True,SYNTHETIC_RFET_EVIDENCE,Synthetic transaction or committed-quote event; not an observed public closing price
EUR_OIS_3.0Y,2026-06-10,SYNTHETIC_ARM_LENGTH_TRANSACTION,RPO-EUR_OIS_3.0Y-112,True,SYNTHETIC_RFET_EVIDENCE,Synthetic transaction or committed-quote event; not an observed public closing price
EUR_OIS_3.0Y,2026-06-12,SYNTHETIC_ARM_LENGTH_TRANSACTION,RPO-EUR_OIS_3.0Y-113,True,SYNTHETIC_RFET_EVIDENCE,Synthetic transaction or committed-quote event; not an observed public closing price
EUR_OIS_3.0Y,2026-06-17,SYNTHETIC_ARM_LENGTH_TRANSACTION,RPO-EUR_OIS_3.0Y-114,True,SYNTHETIC_RFET_EVIDENCE,Synthetic transaction or committed-quote event; not an observed public closing price
EUR_OIS_3.0Y,2026-06-19,SYNTHETIC_ARM_LENGTH_TRANSACTION,RPO-EUR_OIS_3.0Y-115,True,SYNTHETIC_RFET_EVIDENCE,Synthetic transaction or committed-quote event; not an observed public closing price
EUR_OIS_3.0Y,2026-06-23,SYNTHETIC_ARM_LENGTH_TRANSACTION,RPO-EUR_OIS_3.0Y-116,True,SYNTHETIC_RFET_EVIDENCE,Synthetic transaction or committed-quote event; not an observed public closing price
EUR_OIS_3.0Y,2026-06-25,SYNTHETIC_ARM_LENGTH_TRANSACTION,RPO-EUR_OIS_3.0Y-117,True,SYNTHETIC_RFET_EVIDENCE,Synthetic transaction or committed-quote event; not an observed public closing price
EUR_OIS_3.0Y,2026-06-30,SYNTHETIC_ARM_LENGTH_TRANSACTION,RPO-EUR_OIS_3.0Y-118,True,SYNTHETIC_RFET_EVIDENCE,Synthetic transaction or committed-quote event; not an observed public closing price
EUR_OIS_5.0Y,2025-07-01,SYNTHETIC_ARM_LENGTH_TRANSACTION,RPO-EUR_OIS_5.0Y-001,True,SYNTHETIC_RFET_EVIDENCE,Synthetic transaction or committed-quote event; not an observed public closing price
EUR_OIS_5.0Y,2025-07-03,SYNTHETIC_ARM_LENGTH_TRANSACTION,RPO-EUR_OIS_5.0Y-002,True,SYNTHETIC_RFET_EVIDENCE,Synthetic transaction or committed-quote event; not an observed public closing price
EUR_OIS_5.0Y,2025-07-07,SYNTHETIC_ARM_LENGTH_TRANSACTION,RPO-EUR_OIS_5.0Y-003,True,SYNTHETIC_RFET_EVIDENCE,Synthetic transaction or committed-quote event; not an observed public closing price
EUR_OIS_5.0Y,2025-07-09,SYNTHETIC_ARM_LENGTH_TRANSACTION,RPO-EUR_OIS_5.0Y-004,True,SYNTHETIC_RFET_EVIDENCE,Synthetic transaction or committed-quote event; not an observed public closing price
EUR_OIS_5.0Y,2025-07-11,SYNTHETIC_ARM_LENGTH_TRANSACTION,RPO-EUR_OIS_5.0Y-005,True,SYNTHETIC_RFET_EVIDENCE,Synthetic transaction or committed-quote event; not an observed public closing price
EUR_OIS_5.0Y,2025-07-16,SYNTHETIC_ARM_LENGTH_TRANSACTION,RPO-EUR_OIS_5.0Y-006,True,SYNTHETIC_RFET_EVIDENCE,Synthetic transaction or committed-quote event; not an observed public closing price
EUR_OIS_5.0Y,2025-07-18,SYNTHETIC_ARM_LENGTH_TRANSACTION,RPO-EUR_OIS_5.0Y-007,True,SYNTHETIC_RFET_EVIDENCE,Synthetic transaction or committed-quote event; not an observed public closing price
EUR_OIS_5.0Y,2025-07-22,SYNTHETIC_ARM_LENGTH_TRANSACTION,RPO-EUR_OIS_5.0Y-008,True,SYNTHETIC_RFET_EVIDENCE,Synthetic transaction or committed-quote event; not an observed public closing price
EUR_OIS_5.0Y,2025-07-24,SYNTHETIC_ARM_LENGTH_TRANSACTION,RPO-EUR_OIS_5.0Y-009,True,SYNTHETIC_RFET_EVIDENCE,Synthetic transaction or committed-quote event; not an observed public closing price
EUR_OIS_5.0Y,2025-07-29,SYNTHETIC_ARM_LENGTH_TRANSACTION,RPO-EUR_OIS_5.0Y-010,True,SYNTHETIC_RFET_EVIDENCE,Synthetic transaction or committed-quote event; not an observed public closing price
EUR_OIS_5.0Y,2025-07-31,SYNTHETIC_ARM_LENGTH_TRANSACTION,RPO-EUR_OIS_5.0Y-011,True,SYNTHETIC_RFET_EVIDENCE,Synthetic transaction or committed-quote event; not an observed public closing price
EUR_OIS_5.0Y,2025-08-04,SYNTHETIC_ARM_LENGTH_TRANSACTION,RPO-EUR_OIS_5.0Y-012,True,SYNTHETIC_RFET_EVIDENCE,Synthetic transaction or committed-quote event; not an observed public closing price
EUR_OIS_5.0Y,2025-08-06,SYNTHETIC_ARM_LENGTH_TRANSACTION,RPO-EUR_OIS_5.0Y-013,True,SYNTHETIC_RFET_EVIDENCE,Synthetic transaction or committed-quote event; not an observed public closing price
EUR_OIS_5.0Y,2025-08-08,SYNTHETIC_ARM_LENGTH_TRANSACTION,RPO-EUR_OIS_5.0Y-014,True,SYNTHETIC_RFET_EVIDENCE,Synthetic transaction or committed-quote event; not an observed public closing price
EUR_OIS_5.0Y,2025-08-13,SYNTHETIC_ARM_LENGTH_TRANSACTION,RPO-EUR_OIS_5.0Y-015,True,SYNTHETIC_RFET_EVIDENCE,Synthetic transaction or committed-quote event; not an observed public closing price
EUR_OIS_5.0Y,2025-08-15,SYNTHETIC_ARM_LENGTH_TRANSACTION,RPO-EUR_OIS_5.0Y-016,True,SYNTHETIC_RFET_EVIDENCE,Synthetic transaction or committed-quote event; not an observed public closing price
EUR_OIS_5.0Y,2025-08-19,SYNTHETIC_ARM_LENGTH_TRANSACTION,RPO-EUR_OIS_5.0Y-017,True,SYNTHETIC_RFET_EVIDENCE,Synthetic transaction or committed-quote event; not an observed public closing price
EUR_OIS_5.0Y,2025-08-21,SYNTHETIC_ARM_LENGTH_TRANSACTION,RPO-EUR_OIS_5.0Y-018,True,SYNTHETIC_RFET_EVIDENCE,Synthetic transaction or committed-quote event; not an observed public closing price
EUR_OIS_5.0Y,2025-08-26,SYNTHETIC_ARM_LENGTH_TRANSACTION,RPO-EUR_OIS_5.0Y-019,True,SYNTHETIC_RFET_EVIDENCE,Synthetic transaction or committed-quote event; not an observed public closing price
EUR_OIS_5.0Y,2025-08-28,SYNTHETIC_ARM_LENGTH_TRANSACTION,RPO-EUR_OIS_5.0Y-020,True,SYNTHETIC_RFET_EVIDENCE,Synthetic transaction or committed-quote event; not an observed public closing price
EUR_OIS_5.0Y,2025-09-01,SYNTHETIC_ARM_LENGTH_TRANSACTION,RPO-EUR_OIS_5.0Y-021,True,SYNTHETIC_RFET_EVIDENCE,Synthetic transaction or committed-quote event; not an observed public closing price
EUR_OIS_5.0Y,2025-09-03,SYNTHETIC_ARM_LENGTH_TRANSACTION,RPO-EUR_OIS_5.0Y-022,True,SYNTHETIC_RFET_EVIDENCE,Synthetic transaction or committed-quote event; not an observed public closing price
EUR_OIS_5.0Y,2025-09-05,SYNTHETIC_ARM_LENGTH_TRANSACTION,RPO-EUR_OIS_5.0Y-023,True,SYNTHETIC_RFET_EVIDENCE,Synthetic transaction or committed-quote event; not an observed public closing price
EUR_OIS_5.0Y,2025-09-10,SYNTHETIC_ARM_LENGTH_TRANSACTION,RPO-EUR_OIS_5.0Y-024,True,SYNTHETIC_RFET_EVIDENCE,Synthetic transaction or committed-quote event; not an observed public closing price
EUR_OIS_5.0Y,2025-09-12,SYNTHETIC_ARM_LENGTH_TRANSACTION,RPO-EUR_OIS_5.0Y-025,True,SYNTHETIC_RFET_EVIDENCE,Synthetic transaction or committed-quote event; not an observed public closing price
EUR_OIS_5.0Y,2025-09-16,SYNTHETIC_ARM_LENGTH_TRANSACTION,RPO-EUR_OIS_5.0Y-026,True,SYNTHETIC_RFET_EVIDENCE,Synthetic transaction or committed-quote event; not an observed public closing price
EUR_OIS_5.0Y,2025-09-18,SYNTHETIC_ARM_LENGTH_TRANSACTION,RPO-EUR_OIS_5.0Y-027,True,SYNTHETIC_RFET_EVIDENCE,Synthetic transaction or committed-quote event; not an observed public closing price
EUR_OIS_5.0Y,2025-09-23,SYNTHETIC_ARM_LENGTH_TRANSACTION,RPO-EUR_OIS_5.0Y-028,True,SYNTHETIC_RFET_EVIDENCE,Synthetic transaction or committed-quote event; not an observed public closing price
EUR_OIS_5.0Y,2025-09-25,SYNTHETIC_ARM_LENGTH_TRANSACTION,RPO-EUR_OIS_5.0Y-029,True,SYNTHETIC_RFET_EVIDENCE,Synthetic transaction or committed-quote event; not an observed public closing price
EUR_OIS_5.0Y,2025-09-29,SYNTHETIC_ARM_LENGTH_TRANSACTION,RPO-EUR_OIS_5.0Y-030,True,SYNTHETIC_RFET_EVIDENCE,Synthetic transaction or committed-quote event; not an observed public closing price
EUR_OIS_5.0Y,2025-10-01,SYNTHETIC_ARM_LENGTH_TRANSACTION,RPO-EUR_OIS_5.0Y-031,True,SYNTHETIC_RFET_EVIDENCE,Synthetic transaction or committed-quote event; not an observed public closing price
EUR_OIS_5.0Y,2025-10-03,SYNTHETIC_ARM_LENGTH_TRANSACTION,RPO-EUR_OIS_5.0Y-032,True,SYNTHETIC_RFET_EVIDENCE,Synthetic transaction or committed-quote event; not an observed public closing price
EUR_OIS_5.0Y,2025-10-08,SYNTHETIC_ARM_LENGTH_TRANSACTION,RPO-EUR_OIS_5.0Y-033,True,SYNTHETIC_RFET_EVIDENCE,Synthetic transaction or committed-quote event; not an observed public closing price
EUR_OIS_5.0Y,2025-10-10,SYNTHETIC_ARM_LENGTH_TRANSACTION,RPO-EUR_OIS_5.0Y-034,True,SYNTHETIC_RFET_EVIDENCE,Synthetic transaction or committed-quote event; not an observed public closing price
EUR_OIS_5.0Y,2025-10-14,SYNTHETIC_ARM_LENGTH_TRANSACTION,RPO-EUR_OIS_5.0Y-035,True,SYNTHETIC_RFET_EVIDENCE,Synthetic transaction or committed-quote event; not an observed public closing price
EUR_OIS_5.0Y,2025-10-16,SYNTHETIC_ARM_LENGTH_TRANSACTION,RPO-EUR_OIS_5.0Y-036,True,SYNTHETIC_RFET_EVIDENCE,Synthetic transaction or committed-quote event; not an observed public closing price
EUR_OIS_5.0Y,2025-10-21,SYNTHETIC_ARM_LENGTH_TRANSACTION,RPO-EUR_OIS_5.0Y-037,True,SYNTHETIC_RFET_EVIDENCE,Synthetic transaction or committed-quote event; not an observed public closing price
EUR_OIS_5.0Y,2025-10-23,SYNTHETIC_ARM_LENGTH_TRANSACTION,RPO-EUR_OIS_5.0Y-038,True,SYNTHETIC_RFET_EVIDENCE,Synthetic transaction or committed-quote event; not an observed public closing price
EUR_OIS_5.0Y,2025-10-27,SYNTHETIC_ARM_LENGTH_TRANSACTION,RPO-EUR_OIS_5.0Y-039,True,SYNTHETIC_RFET_EVIDENCE,Synthetic transaction or committed-quote event; not an observed public closing price
EUR_OIS_5.0Y,2025-10-29,SYNTHETIC_ARM_LENGTH_TRANSACTION,RPO-EUR_OIS_5.0Y-040,True,SYNTHETIC_RFET_EVIDENCE,Synthetic transaction or committed-quote event; not an observed public closing price
EUR_OIS_5.0Y,2025-10-31,SYNTHETIC_ARM_LENGTH_TRANSACTION,RPO-EUR_OIS_5.0Y-041,True,SYNTHETIC_RFET_EVIDENCE,Synthetic transaction or committed-quote event; not an observed public closing price
EUR_OIS_5.0Y,2025-11-05,SYNTHETIC_ARM_LENGTH_TRANSACTION,RPO-EUR_OIS_5.0Y-042,True,SYNTHETIC_RFET_EVIDENCE,Synthetic transaction or committed-quote event; not an observed public closing price
EUR_OIS_5.0Y,2025-11-07,SYNTHETIC_ARM_LENGTH_TRANSACTION,RPO-EUR_OIS_5.0Y-043,True,SYNTHETIC_RFET_EVIDENCE,Synthetic transaction or committed-quote event; not an observed public closing price
EUR_OIS_5.0Y,2025-11-11,SYNTHETIC_ARM_LENGTH_TRANSACTION,RPO-EUR_OIS_5.0Y-044,True,SYNTHETIC_RFET_EVIDENCE,Synthetic transaction or committed-quote event; not an observed public closing price
EUR_OIS_5.0Y,2025-11-13,SYNTHETIC_ARM_LENGTH_TRANSACTION,RPO-EUR_OIS_5.0Y-045,True,SYNTHETIC_RFET_EVIDENCE,Synthetic transaction or committed-quote event; not an observed public closing price
EUR_OIS_5.0Y,2025-11-18,SYNTHETIC_ARM_LENGTH_TRANSACTION,RPO-EUR_OIS_5.0Y-046,True,SYNTHETIC_RFET_EVIDENCE,Synthetic transaction or committed-quote event; not an observed public closing price
EUR_OIS_5.0Y,2025-11-20,SYNTHETIC_ARM_LENGTH_TRANSACTION,RPO-EUR_OIS_5.0Y-047,True,SYNTHETIC_RFET_EVIDENCE,Synthetic transaction or committed-quote event; not an observed public closing price
EUR_OIS_5.0Y,2025-11-24,SYNTHETIC_ARM_LENGTH_TRANSACTION,RPO-EUR_OIS_5.0Y-048,True,SYNTHETIC_RFET_EVIDENCE,Synthetic transaction or committed-quote event; not an observed public closing price
EUR_OIS_5.0Y,2025-11-26,SYNTHETIC_ARM_LENGTH_TRANSACTION,RPO-EUR_OIS_5.0Y-049,True,SYNTHETIC_RFET_EVIDENCE,Synthetic transaction or committed-quote event; not an observed public closing price
EUR_OIS_5.0Y,2025-11-28,SYNTHETIC_ARM_LENGTH_TRANSACTION,RPO-EUR_OIS_5.0Y-050,True,SYNTHETIC_RFET_EVIDENCE,Synthetic transaction or committed-quote event; not an observed public closing price
EUR_OIS_5.0Y,2025-12-03,SYNTHETIC_ARM_LENGTH_TRANSACTION,RPO-EUR_OIS_5.0Y-051,True,SYNTHETIC_RFET_EVIDENCE,Synthetic transaction or committed-quote event; not an observed public closing price
EUR_OIS_5.0Y,2025-12-05,SYNTHETIC_ARM_LENGTH_TRANSACTION,RPO-EUR_OIS_5.0Y-052,True,SYNTHETIC_RFET_EVIDENCE,Synthetic transaction or committed-quote event; not an observed public closing price
EUR_OIS_5.0Y,2025-12-09,SYNTHETIC_ARM_LENGTH_TRANSACTION,RPO-EUR_OIS_5.0Y-053,True,SYNTHETIC_RFET_EVIDENCE,Synthetic transaction or committed-quote event; not an observed public closing price
EUR_OIS_5.0Y,2025-12-11,SYNTHETIC_ARM_LENGTH_TRANSACTION,RPO-EUR_OIS_5.0Y-054,True,SYNTHETIC_RFET_EVIDENCE,Synthetic transaction or committed-quote event; not an observed public closing price
EUR_OIS_5.0Y,2025-12-16,SYNTHETIC_ARM_LENGTH_TRANSACTION,RPO-EUR_OIS_5.0Y-055,True,SYNTHETIC_RFET_EVIDENCE,Synthetic transaction or committed-quote event; not an observed public closing price
EUR_OIS_5.0Y,2025-12-18,SYNTHETIC_ARM_LENGTH_TRANSACTION,RPO-EUR_OIS_5.0Y-056,True,SYNTHETIC_RFET_EVIDENCE,Synthetic transaction or committed-quote event; not an observed public closing price
EUR_OIS_5.0Y,2025-12-22,SYNTHETIC_ARM_LENGTH_TRANSACTION,RPO-EUR_OIS_5.0Y-057,True,SYNTHETIC_RFET_EVIDENCE,Synthetic transaction or committed-quote event; not an observed public closing price
EUR_OIS_5.0Y,2025-12-24,SYNTHETIC_ARM_LENGTH_TRANSACTION,RPO-EUR_OIS_5.0Y-058,True,SYNTHETIC_RFET_EVIDENCE,Synthetic transaction or committed-quote event; not an observed public closing price
EUR_OIS_5.0Y,2025-12-26,SYNTHETIC_ARM_LENGTH_TRANSACTION,RPO-EUR_OIS_5.0Y-059,True,SYNTHETIC_RFET_EVIDENCE,Synthetic transaction or committed-quote event; not an observed public closing price
EUR_OIS_5.0Y,2025-12-31,SYNTHETIC_ARM_LENGTH_TRANSACTION,RPO-EUR_OIS_5.0Y-060,True,SYNTHETIC_RFET_EVIDENCE,Synthetic transaction or committed-quote event; not an observed public closing price
EUR_OIS_5.0Y,2026-01-02,SYNTHETIC_ARM_LENGTH_TRANSACTION,RPO-EUR_OIS_5.0Y-061,True,SYNTHETIC_RFET_EVIDENCE,Synthetic transaction or committed-quote event; not an observed public closing price
EUR_OIS_5.0Y,2026-01-06,SYNTHETIC_ARM_LENGTH_TRANSACTION,RPO-EUR_OIS_5.0Y-062,True,SYNTHETIC_RFET_EVIDENCE,Synthetic transaction or committed-quote event; not an observed public closing price
EUR_OIS_5.0Y,2026-01-08,SYNTHETIC_ARM_LENGTH_TRANSACTION,RPO-EUR_OIS_5.0Y-063,True,SYNTHETIC_RFET_EVIDENCE,Synthetic transaction or committed-quote event; not an observed public closing price
EUR_OIS_5.0Y,2026-01-13,SYNTHETIC_ARM_LENGTH_TRANSACTION,RPO-EUR_OIS_5.0Y-064,True,SYNTHETIC_RFET_EVIDENCE,Synthetic transaction or committed-quote event; not an observed public closing price
EUR_OIS_5.0Y,2026-01-15,SYNTHETIC_ARM_LENGTH_TRANSACTION,RPO-EUR_OIS_5.0Y-065,True,SYNTHETIC_RFET_EVIDENCE,Synthetic transaction or committed-quote event; not an observed public closing price
EUR_OIS_5.0Y,2026-01-19,SYNTHETIC_ARM_LENGTH_TRANSACTION,RPO-EUR_OIS_5.0Y-066,True,SYNTHETIC_RFET_EVIDENCE,Synthetic transaction or committed-quote event; not an observed public closing price
EUR_OIS_5.0Y,2026-01-21,SYNTHETIC_ARM_LENGTH_TRANSACTION,RPO-EUR_OIS_5.0Y-067,True,SYNTHETIC_RFET_EVIDENCE,Synthetic transaction or committed-quote event; not an observed public closing price
EUR_OIS_5.0Y,2026-01-23,SYNTHETIC_ARM_LENGTH_TRANSACTION,RPO-EUR_OIS_5.0Y-068,True,SYNTHETIC_RFET_EVIDENCE,Synthetic transaction or committed-quote event; not an observed public closing price
EUR_OIS_5.0Y,2026-01-28,SYNTHETIC_ARM_LENGTH_TRANSACTION,RPO-EUR_OIS_5.0Y-069,True,SYNTHETIC_RFET_EVIDENCE,Synthetic transaction or committed-quote event; not an observed public closing price
EUR_OIS_5.0Y,2026-01-30,SYNTHETIC_ARM_LENGTH_TRANSACTION,RPO-EUR_OIS_5.0Y-070,True,SYNTHETIC_RFET_EVIDENCE,Synthetic transaction or committed-quote event; not an observed public closing price
EUR_OIS_5.0Y,2026-02-03,SYNTHETIC_ARM_LENGTH_TRANSACTION,RPO-EUR_OIS_5.0Y-071,True,SYNTHETIC_RFET_EVIDENCE,Synthetic transaction or committed-quote event; not an observed public closing price
EUR_OIS_5.0Y,2026-02-05,SYNTHETIC_ARM_LENGTH_TRANSACTION,RPO-EUR_OIS_5.0Y-072,True,SYNTHETIC_RFET_EVIDENCE,Synthetic transaction or committed-quote event; not an observed public closing price
EUR_OIS_5.0Y,2026-02-10,SYNTHETIC_ARM_LENGTH_TRANSACTION,RPO-EUR_OIS_5.0Y-073,True,SYNTHETIC_RFET_EVIDENCE,Synthetic transaction or committed-quote event; not an observed public closing price
EUR_OIS_5.0Y,2026-02-12,SYNTHETIC_ARM_LENGTH_TRANSACTION,RPO-EUR_OIS_5.0Y-074,True,SYNTHETIC_RFET_EVIDENCE,Synthetic transaction or committed-quote event; not an observed public closing price
EUR_OIS_5.0Y,2026-02-16,SYNTHETIC_ARM_LENGTH_TRANSACTION,RPO-EUR_OIS_5.0Y-075,True,SYNTHETIC_RFET_EVIDENCE,Synthetic transaction or committed-quote event; not an observed public closing price
EUR_OIS_5.0Y,2026-02-18,SYNTHETIC_ARM_LENGTH_TRANSACTION,RPO-EUR_OIS_5.0Y-076,True,SYNTHETIC_RFET_EVIDENCE,Synthetic transaction or committed-quote event; not an observed public closing price
EUR_OIS_5.0Y,2026-02-20,SYNTHETIC_ARM_LENGTH_TRANSACTION,RPO-EUR_OIS_5.0Y-077,True,SYNTHETIC_RFET_EVIDENCE,Synthetic transaction or committed-quote event; not an observed public closing price
EUR_OIS_5.0Y,2026-02-25,SYNTHETIC_ARM_LENGTH_TRANSACTION,RPO-EUR_OIS_5.0Y-078,True,SYNTHETIC_RFET_EVIDENCE,Synthetic transaction or committed-quote event; not an observed public closing price
EUR_OIS_5.0Y,2026-02-27,SYNTHETIC_ARM_LENGTH_TRANSACTION,RPO-EUR_OIS_5.0Y-079,True,SYNTHETIC_RFET_EVIDENCE,Synthetic transaction or committed-quote event; not an observed public closing price
EUR_OIS_5.0Y,2026-03-03,SYNTHETIC_ARM_LENGTH_TRANSACTION,RPO-EUR_OIS_5.0Y-080,True,SYNTHETIC_RFET_EVIDENCE,Synthetic transaction or committed-quote event; not an observed public closing price
EUR_OIS_5.0Y,2026-03-05,SYNTHETIC_ARM_LENGTH_TRANSACTION,RPO-EUR_OIS_5.0Y-081,True,SYNTHETIC_RFET_EVIDENCE,Synthetic transaction or committed-quote event; not an observed public closing price
EUR_OIS_5.0Y,2026-03-10,SYNTHETIC_ARM_LENGTH_TRANSACTION,RPO-EUR_OIS_5.0Y-082,True,SYNTHETIC_RFET_EVIDENCE,Synthetic transaction or committed-quote event; not an observed public closing price
EUR_OIS_5.0Y,2026-03-12,SYNTHETIC_ARM_LENGTH_TRANSACTION,RPO-EUR_OIS_5.0Y-083,True,SYNTHETIC_RFET_EVIDENCE,Synthetic transaction or committed-quote event; not an observed public closing price
EUR_OIS_5.0Y,2026-03-16,SYNTHETIC_ARM_LENGTH_TRANSACTION,RPO-EUR_OIS_5.0Y-084,True,SYNTHETIC_RFET_EVIDENCE,Synthetic transaction or committed-quote event; not an observed public closing price
EUR_OIS_5.0Y,2026-03-18,SYNTHETIC_ARM_LENGTH_TRANSACTION,RPO-EUR_OIS_5.0Y-085,True,SYNTHETIC_RFET_EVIDENCE,Synthetic transaction or committed-quote event; not an observed public closing price
EUR_OIS_5.0Y,2026-03-20,SYNTHETIC_ARM_LENGTH_TRANSACTION,RPO-EUR_OIS_5.0Y-086,True,SYNTHETIC_RFET_EVIDENCE,Synthetic transaction or committed-quote event; not an observed public closing price
EUR_OIS_5.0Y,2026-03-25,SYNTHETIC_ARM_LENGTH_TRANSACTION,RPO-EUR_OIS_5.0Y-087,True,SYNTHETIC_RFET_EVIDENCE,Synthetic transaction or committed-quote event; not an observed public closing price
EUR_OIS_5.0Y,2026-03-27,SYNTHETIC_ARM_LENGTH_TRANSACTION,RPO-EUR_OIS_5.0Y-088,True,SYNTHETIC_RFET_EVIDENCE,Synthetic transaction or committed-quote event; not an observed public closing price
EUR_OIS_5.0Y,2026-03-31,SYNTHETIC_ARM_LENGTH_TRANSACTION,RPO-EUR_OIS_5.0Y-089,True,SYNTHETIC_RFET_EVIDENCE,Synthetic transaction or committed-quote event; not an observed public closing price
EUR_OIS_5.0Y,2026-04-02,SYNTHETIC_ARM_LENGTH_TRANSACTION,RPO-EUR_OIS_5.0Y-090,True,SYNTHETIC_RFET_EVIDENCE,Synthetic transaction or committed-quote event; not an observed public closing price
EUR_OIS_5.0Y,2026-04-07,SYNTHETIC_ARM_LENGTH_TRANSACTION,RPO-EUR_OIS_5.0Y-091,True,SYNTHETIC_RFET_EVIDENCE,Synthetic transaction or committed-quote event; not an observed public closing price
EUR_OIS_5.0Y,2026-04-09,SYNTHETIC_ARM_LENGTH_TRANSACTION,RPO-EUR_OIS_5.0Y-092,True,SYNTHETIC_RFET_EVIDENCE,Synthetic transaction or committed-quote event; not an observed public closing price
EUR_OIS_5.0Y,2026-04-13,SYNTHETIC_ARM_LENGTH_TRANSACTION,RPO-EUR_OIS_5.0Y-093,True,SYNTHETIC_RFET_EVIDENCE,Synthetic transaction or committed-quote event; not an observed public closing price
EUR_OIS_5.0Y,2026-04-15,SYNTHETIC_ARM_LENGTH_TRANSACTION,RPO-EUR_OIS_5.0Y-094,True,SYNTHETIC_RFET_EVIDENCE,Synthetic transaction or committed-quote event; not an observed public closing price
EUR_OIS_5.0Y,2026-04-17,SYNTHETIC_ARM_LENGTH_TRANSACTION,RPO-EUR_OIS_5.0Y-095,True,SYNTHETIC_RFET_EVIDENCE,Synthetic transaction or committed-quote event; not an observed public closing price
EUR_OIS_5.0Y,2026-04-22,SYNTHETIC_ARM_LENGTH_TRANSACTION,RPO-EUR_OIS_5.0Y-096,True,SYNTHETIC_RFET_EVIDENCE,Synthetic transaction or committed-quote event; not an observed public closing price
EUR_OIS_5.0Y,2026-04-24,SYNTHETIC_ARM_LENGTH_TRANSACTION,RPO-EUR_OIS_5.0Y-097,True,SYNTHETIC_RFET_EVIDENCE,Synthetic transaction or committed-quote event; not an observed public closing price
EUR_OIS_5.0Y,2026-04-28,SYNTHETIC_ARM_LENGTH_TRANSACTION,RPO-EUR_OIS_5.0Y-098,True,SYNTHETIC_RFET_EVIDENCE,Synthetic transaction or committed-quote event; not an observed public closing price
EUR_OIS_5.0Y,2026-04-30,SYNTHETIC_ARM_LENGTH_TRANSACTION,RPO-EUR_OIS_5.0Y-099,True,SYNTHETIC_RFET_EVIDENCE,Synthetic transaction or committed-quote event; not an observed public closing price
EUR_OIS_5.0Y,2026-05-05,SYNTHETIC_ARM_LENGTH_TRANSACTION,RPO-EUR_OIS_5.0Y-100,True,SYNTHETIC_RFET_EVIDENCE,Synthetic transaction or committed-quote event; not an observed public closing price
EUR_OIS_5.0Y,2026-05-07,SYNTHETIC_ARM_LENGTH_TRANSACTION,RPO-EUR_OIS_5.0Y-101,True,SYNTHETIC_RFET_EVIDENCE,Synthetic transaction or committed-quote event; not an observed public closing price
EUR_OIS_5.0Y,2026-05-11,SYNTHETIC_ARM_LENGTH_TRANSACTION,RPO-EUR_OIS_5.0Y-102,True,SYNTHETIC_RFET_EVIDENCE,Synthetic transaction or committed-quote event; not an observed public closing price
EUR_OIS_5.0Y,2026-05-13,SYNTHETIC_ARM_LENGTH_TRANSACTION,RPO-EUR_OIS_5.0Y-103,True,SYNTHETIC_RFET_EVIDENCE,Synthetic transaction or committed-quote event; not an observed public closing price
EUR_OIS_5.0Y,2026-05-15,SYNTHETIC_ARM_LENGTH_TRANSACTION,RPO-EUR_OIS_5.0Y-104,True,SYNTHETIC_RFET_EVIDENCE,Synthetic transaction or committed-quote event; not an observed public closing price
EUR_OIS_5.0Y,2026-05-20,SYNTHETIC_ARM_LENGTH_TRANSACTION,RPO-EUR_OIS_5.0Y-105,True,SYNTHETIC_RFET_EVIDENCE,Synthetic transaction or committed-quote event; not an observed public closing price
EUR_OIS_5.0Y,2026-05-22,SYNTHETIC_ARM_LENGTH_TRANSACTION,RPO-EUR_OIS_5.0Y-106,True,SYNTHETIC_RFET_EVIDENCE,Synthetic transaction or committed-quote event; not an observed public closing price
EUR_OIS_5.0Y,2026-05-26,SYNTHETIC_ARM_LENGTH_TRANSACTION,RPO-EUR_OIS_5.0Y-107,True,SYNTHETIC_RFET_EVIDENCE,Synthetic transaction or committed-quote event; not an observed public closing price
EUR_OIS_5.0Y,2026-05-28,SYNTHETIC_ARM_LENGTH_TRANSACTION,RPO-EUR_OIS_5.0Y-108,True,SYNTHETIC_RFET_EVIDENCE,Synthetic transaction or committed-quote event; not an observed public closing price
EUR_OIS_5.0Y,2026-06-02,SYNTHETIC_ARM_LENGTH_TRANSACTION,RPO-EUR_OIS_5.0Y-109,True,SYNTHETIC_RFET_EVIDENCE,Synthetic transaction or committed-quote event; not an observed public closing price
EUR_OIS_5.0Y,2026-06-04,SYNTHETIC_ARM_LENGTH_TRANSACTION,RPO-EUR_OIS_5.0Y-110,True,SYNTHETIC_RFET_EVIDENCE,Synthetic transaction or committed-quote event; not an observed public closing price
EUR_OIS_5.0Y,2026-06-08,SYNTHETIC_ARM_LENGTH_TRANSACTION,RPO-EUR_OIS_5.0Y-111,True,SYNTHETIC_RFET_EVIDENCE,Synthetic transaction or committed-quote event; not an observed public closing price
EUR_OIS_5.0Y,2026-06-10,SYNTHETIC_ARM_LENGTH_TRANSACTION,RPO-EUR_OIS_5.0Y-112,True,SYNTHETIC_RFET_EVIDENCE,Synthetic transaction or committed-quote event; not an observed public closing price
EUR_OIS_5.0Y,2026-06-12,SYNTHETIC_ARM_LENGTH_TRANSACTION,RPO-EUR_OIS_5.0Y-113,True,SYNTHETIC_RFET_EVIDENCE,Synthetic transaction or committed-quote event; not an observed public closing price
EUR_OIS_5.0Y,2026-06-17,SYNTHETIC_ARM_LENGTH_TRANSACTION,RPO-EUR_OIS_5.0Y-114,True,SYNTHETIC_RFET_EVIDENCE,Synthetic transaction or committed-quote event; not an observed public closing price
EUR_OIS_5.0Y,2026-06-19,SYNTHETIC_ARM_LENGTH_TRANSACTION,RPO-EUR_OIS_5.0Y-115,True,SYNTHETIC_RFET_EVIDENCE,Synthetic transaction or committed-quote event; not an observed public closing price
EUR_OIS_5.0Y,2026-06-23,SYNTHETIC_ARM_LENGTH_TRANSACTION,RPO-EUR_OIS_5.0Y-116,True,SYNTHETIC_RFET_EVIDENCE,Synthetic transaction or committed-quote event; not an observed public closing price
EUR_OIS_5.0Y,2026-06-25,SYNTHETIC_ARM_LENGTH_TRANSACTION,RPO-EUR_OIS_5.0Y-117,True,SYNTHETIC_RFET_EVIDENCE,Synthetic transaction or committed-quote event; not an observed public closing price
EUR_OIS_5.0Y,2026-06-30,SYNTHETIC_ARM_LENGTH_TRANSACTION,RPO-EUR_OIS_5.0Y-118,True,SYNTHETIC_RFET_EVIDENCE,Synthetic transaction or committed-quote event; not an observed public closing price
EU_TECH_3.0Y,2025-07-01,SYNTHETIC_COMMITTED_QUOTE,RPO-EU_TECH_3.0Y-001,True,SYNTHETIC_RFET_EVIDENCE,Synthetic transaction or committed-quote event; not an observed public closing price
EU_TECH_3.0Y,2025-07-11,SYNTHETIC_COMMITTED_QUOTE,RPO-EU_TECH_3.0Y-002,True,SYNTHETIC_RFET_EVIDENCE,Synthetic transaction or committed-quote event; not an observed public closing price
EU_TECH_3.0Y,2025-07-23,SYNTHETIC_COMMITTED_QUOTE,RPO-EU_TECH_3.0Y-003,True,SYNTHETIC_RFET_EVIDENCE,Synthetic transaction or committed-quote event; not an observed public closing price
EU_TECH_3.0Y,2025-08-05,SYNTHETIC_COMMITTED_QUOTE,RPO-EU_TECH_3.0Y-004,True,SYNTHETIC_RFET_EVIDENCE,Synthetic transaction or committed-quote event; not an observed public closing price
EU_TECH_3.0Y,2025-08-15,SYNTHETIC_COMMITTED_QUOTE,RPO-EU_TECH_3.0Y-005,True,SYNTHETIC_RFET_EVIDENCE,Synthetic transaction or committed-quote event; not an observed public closing price
EU_TECH_3.0Y,2025-08-27,SYNTHETIC_COMMITTED_QUOTE,RPO-EU_TECH_3.0Y-006,True,SYNTHETIC_RFET_EVIDENCE,Synthetic transaction or committed-quote event; not an observed public closing price
EU_TECH_3.0Y,2025-09-09,SYNTHETIC_COMMITTED_QUOTE,RPO-EU_TECH_3.0Y-007,True,SYNTHETIC_RFET_EVIDENCE,Synthetic transaction or committed-quote event; not an observed public closing price
EU_TECH_3.0Y,2025-09-19,SYNTHETIC_COMMITTED_QUOTE,RPO-EU_TECH_3.0Y-008,True,SYNTHETIC_RFET_EVIDENCE,Synthetic transaction or committed-quote event; not an observed public closing price
EU_TECH_3.0Y,2025-10-02,SYNTHETIC_COMMITTED_QUOTE,RPO-EU_TECH_3.0Y-009,True,SYNTHETIC_RFET_EVIDENCE,Synthetic transaction or committed-quote event; not an observed public closing price
EU_TECH_3.0Y,2025-10-14,SYNTHETIC_COMMITTED_QUOTE,RPO-EU_TECH_3.0Y-010,True,SYNTHETIC_RFET_EVIDENCE,Synthetic transaction or committed-quote event; not an observed public closing price
EU_TECH_3.0Y,2025-10-24,SYNTHETIC_COMMITTED_QUOTE,RPO-EU_TECH_3.0Y-011,True,SYNTHETIC_RFET_EVIDENCE,Synthetic transaction or committed-quote event; not an observed public closing price
EU_TECH_3.0Y,2025-11-06,SYNTHETIC_COMMITTED_QUOTE,RPO-EU_TECH_3.0Y-012,True,SYNTHETIC_RFET_EVIDENCE,Synthetic transaction or committed-quote event; not an observed public closing price
EU_TECH_3.0Y,2025-11-18,SYNTHETIC_COMMITTED_QUOTE,RPO-EU_TECH_3.0Y-013,True,SYNTHETIC_RFET_EVIDENCE,Synthetic transaction or committed-quote event; not an observed public closing price
EU_TECH_3.0Y,2025-12-01,SYNTHETIC_COMMITTED_QUOTE,RPO-EU_TECH_3.0Y-014,True,SYNTHETIC_RFET_EVIDENCE,Synthetic transaction or committed-quote event; not an observed public closing price
EU_TECH_3.0Y,2025-12-11,SYNTHETIC_COMMITTED_QUOTE,RPO-EU_TECH_3.0Y-015,True,SYNTHETIC_RFET_EVIDENCE,Synthetic transaction or committed-quote event; not an observed public closing price
EU_TECH_3.0Y,2025-12-23,SYNTHETIC_COMMITTED_QUOTE,RPO-EU_TECH_3.0Y-016,True,SYNTHETIC_RFET_EVIDENCE,Synthetic transaction or committed-quote event; not an observed public closing price
EU_TECH_3.0Y,2026-01-05,SYNTHETIC_COMMITTED_QUOTE,RPO-EU_TECH_3.0Y-017,True,SYNTHETIC_RFET_EVIDENCE,Synthetic transaction or committed-quote event; not an observed public closing price
EU_TECH_3.0Y,2026-01-15,SYNTHETIC_COMMITTED_QUOTE,RPO-EU_TECH_3.0Y-018,True,SYNTHETIC_RFET_EVIDENCE,Synthetic transaction or committed-quote event; not an observed public closing price
EU_TECH_3.0Y,2026-01-27,SYNTHETIC_COMMITTED_QUOTE,RPO-EU_TECH_3.0Y-019,True,SYNTHETIC_RFET_EVIDENCE,Synthetic transaction or committed-quote event; not an observed public closing price
EU_TECH_3.0Y,2026-02-09,SYNTHETIC_COMMITTED_QUOTE,RPO-EU_TECH_3.0Y-020,True,SYNTHETIC_RFET_EVIDENCE,Synthetic transaction or committed-quote event; not an observed public closing price
EU_TECH_3.0Y,2026-02-19,SYNTHETIC_COMMITTED_QUOTE,RPO-EU_TECH_3.0Y-021,True,SYNTHETIC_RFET_EVIDENCE,Synthetic transaction or committed-quote event; not an observed public closing price
EU_TECH_3.0Y,2026-03-04,SYNTHETIC_COMMITTED_QUOTE,RPO-EU_TECH_3.0Y-022,True,SYNTHETIC_RFET_EVIDENCE,Synthetic transaction or committed-quote event; not an observed public closing price
EU_TECH_3.0Y,2026-03-16,SYNTHETIC_COMMITTED_QUOTE,RPO-EU_TECH_3.0Y-023,True,SYNTHETIC_RFET_EVIDENCE,Synthetic transaction or committed-quote event; not an observed public closing price
EU_TECH_3.0Y,2026-03-26,SYNTHETIC_COMMITTED_QUOTE,RPO-EU_TECH_3.0Y-024,True,SYNTHETIC_RFET_EVIDENCE,Synthetic transaction or committed-quote event; not an observed public closing price
EU_TECH_3.0Y,2026-04-08,SYNTHETIC_COMMITTED_QUOTE,RPO-EU_TECH_3.0Y-025,True,SYNTHETIC_RFET_EVIDENCE,Synthetic transaction or committed-quote event; not an observed public closing price
EU_TECH_3.0Y,2026-04-20,SYNTHETIC_COMMITTED_QUOTE,RPO-EU_TECH_3.0Y-026,True,SYNTHETIC_RFET_EVIDENCE,Synthetic transaction or committed-quote event; not an observed public closing price
EU_TECH_3.0Y,2026-05-01,SYNTHETIC_COMMITTED_QUOTE,RPO-EU_TECH_3.0Y-027,True,SYNTHETIC_RFET_EVIDENCE,Synthetic transaction or committed-quote event; not an observed public closing price
EU_TECH_3.0Y,2026-05-13,SYNTHETIC_COMMITTED_QUOTE,RPO-EU_TECH_3.0Y-028,True,SYNTHETIC_RFET_EVIDENCE,Synthetic transaction or committed-quote event; not an observed public closing price
EU_TECH_3.0Y,2026-05-25,SYNTHETIC_COMMITTED_QUOTE,RPO-EU_TECH_3.0Y-029,True,SYNTHETIC_RFET_EVIDENCE,Synthetic transaction or committed-quote event; not an observed public closing price
EU_TECH_3.0Y,2026-06-05,SYNTHETIC_COMMITTED_QUOTE,RPO-EU_TECH_3.0Y-030,True,SYNTHETIC_RFET_EVIDENCE,Synthetic transaction or committed-quote event; not an observed public closing price
EU_TECH_3.0Y,2026-06-17,SYNTHETIC_COMMITTED_QUOTE,RPO-EU_TECH_3.0Y-031,True,SYNTHETIC_RFET_EVIDENCE,Synthetic transaction or committed-quote event; not an observed public closing price
EU_TECH_3.0Y,2026-06-30,SYNTHETIC_COMMITTED_QUOTE,RPO-EU_TECH_3.0Y-032,True,SYNTHETIC_RFET_EVIDENCE,Synthetic transaction or committed-quote event; not an observed public closing price
EU_UTILITY_10.0Y,2025-07-01,SYNTHETIC_COMMITTED_QUOTE,RPO-EU_UTILITY_10.0Y-001,True,SYNTHETIC_RFET_EVIDENCE,Synthetic transaction or committed-quote event; not an observed public closing price
EU_UTILITY_10.0Y,2025-07-11,SYNTHETIC_COMMITTED_QUOTE,RPO-EU_UTILITY_10.0Y-002,True,SYNTHETIC_RFET_EVIDENCE,Synthetic transaction or committed-quote event; not an observed public closing price
EU_UTILITY_10.0Y,2025-07-23,SYNTHETIC_COMMITTED_QUOTE,RPO-EU_UTILITY_10.0Y-003,True,SYNTHETIC_RFET_EVIDENCE,Synthetic transaction or committed-quote event; not an observed public closing price
EU_UTILITY_10.0Y,2025-08-05,SYNTHETIC_COMMITTED_QUOTE,RPO-EU_UTILITY_10.0Y-004,True,SYNTHETIC_RFET_EVIDENCE,Synthetic transaction or committed-quote event; not an observed public closing price
EU_UTILITY_10.0Y,2025-08-15,SYNTHETIC_COMMITTED_QUOTE,RPO-EU_UTILITY_10.0Y-005,True,SYNTHETIC_RFET_EVIDENCE,Synthetic transaction or committed-quote event; not an observed public closing price
EU_UTILITY_10.0Y,2025-08-27,SYNTHETIC_COMMITTED_QUOTE,RPO-EU_UTILITY_10.0Y-006,True,SYNTHETIC_RFET_EVIDENCE,Synthetic transaction or committed-quote event; not an observed public closing price
EU_UTILITY_10.0Y,2025-09-09,SYNTHETIC_COMMITTED_QUOTE,RPO-EU_UTILITY_10.0Y-007,True,SYNTHETIC_RFET_EVIDENCE,Synthetic transaction or committed-quote event; not an observed public closing price
EU_UTILITY_10.0Y,2025-09-19,SYNTHETIC_COMMITTED_QUOTE,RPO-EU_UTILITY_10.0Y-008,True,SYNTHETIC_RFET_EVIDENCE,Synthetic transaction or committed-quote event; not an observed public closing price
EU_UTILITY_10.0Y,2025-10-02,SYNTHETIC_COMMITTED_QUOTE,RPO-EU_UTILITY_10.0Y-009,True,SYNTHETIC_RFET_EVIDENCE,Synthetic transaction or committed-quote event; not an observed public closing price
EU_UTILITY_10.0Y,2025-10-14,SYNTHETIC_COMMITTED_QUOTE,RPO-EU_UTILITY_10.0Y-010,True,SYNTHETIC_RFET_EVIDENCE,Synthetic transaction or committed-quote event; not an observed public closing price
EU_UTILITY_10.0Y,2025-10-24,SYNTHETIC_COMMITTED_QUOTE,RPO-EU_UTILITY_10.0Y-011,True,SYNTHETIC_RFET_EVIDENCE,Synthetic transaction or committed-quote event; not an observed public closing price
EU_UTILITY_10.0Y,2025-11-06,SYNTHETIC_COMMITTED_QUOTE,RPO-EU_UTILITY_10.0Y-012,True,SYNTHETIC_RFET_EVIDENCE,Synthetic transaction or committed-quote event; not an observed public closing price
EU_UTILITY_10.0Y,2025-11-18,SYNTHETIC_COMMITTED_QUOTE,RPO-EU_UTILITY_10.0Y-013,True,SYNTHETIC_RFET_EVIDENCE,Synthetic transaction or committed-quote event; not an observed public closing price
EU_UTILITY_10.0Y,2025-12-01,SYNTHETIC_COMMITTED_QUOTE,RPO-EU_UTILITY_10.0Y-014,True,SYNTHETIC_RFET_EVIDENCE,Synthetic transaction or committed-quote event; not an observed public closing price
EU_UTILITY_10.0Y,2025-12-11,SYNTHETIC_COMMITTED_QUOTE,RPO-EU_UTILITY_10.0Y-015,True,SYNTHETIC_RFET_EVIDENCE,Synthetic transaction or committed-quote event; not an observed public closing price
EU_UTILITY_10.0Y,2025-12-23,SYNTHETIC_COMMITTED_QUOTE,RPO-EU_UTILITY_10.0Y-016,True,SYNTHETIC_RFET_EVIDENCE,Synthetic transaction or committed-quote event; not an observed public closing price
EU_UTILITY_10.0Y,2026-01-05,SYNTHETIC_COMMITTED_QUOTE,RPO-EU_UTILITY_10.0Y-017,True,SYNTHETIC_RFET_EVIDENCE,Synthetic transaction or committed-quote event; not an observed public closing price
EU_UTILITY_10.0Y,2026-01-15,SYNTHETIC_COMMITTED_QUOTE,RPO-EU_UTILITY_10.0Y-018,True,SYNTHETIC_RFET_EVIDENCE,Synthetic transaction or committed-quote event; not an observed public closing price
EU_UTILITY_10.0Y,2026-01-27,SYNTHETIC_COMMITTED_QUOTE,RPO-EU_UTILITY_10.0Y-019,True,SYNTHETIC_RFET_EVIDENCE,Synthetic transaction or committed-quote event; not an observed public closing price
EU_UTILITY_10.0Y,2026-02-09,SYNTHETIC_COMMITTED_QUOTE,RPO-EU_UTILITY_10.0Y-020,True,SYNTHETIC_RFET_EVIDENCE,Synthetic transaction or committed-quote event; not an observed public closing price
EU_UTILITY_10.0Y,2026-02-19,SYNTHETIC_COMMITTED_QUOTE,RPO-EU_UTILITY_10.0Y-021,True,SYNTHETIC_RFET_EVIDENCE,Synthetic transaction or committed-quote event; not an observed public closing price
EU_UTILITY_10.0Y,2026-03-04,SYNTHETIC_COMMITTED_QUOTE,RPO-EU_UTILITY_10.0Y-022,True,SYNTHETIC_RFET_EVIDENCE,Synthetic transaction or committed-quote event; not an observed public closing price
EU_UTILITY_10.0Y,2026-03-16,SYNTHETIC_COMMITTED_QUOTE,RPO-EU_UTILITY_10.0Y-023,True,SYNTHETIC_RFET_EVIDENCE,Synthetic transaction or committed-quote event; not an observed public closing price
EU_UTILITY_10.0Y,2026-03-26,SYNTHETIC_COMMITTED_QUOTE,RPO-EU_UTILITY_10.0Y-024,True,SYNTHETIC_RFET_EVIDENCE,Synthetic transaction or committed-quote event; not an observed public closing price
EU_UTILITY_10.0Y,2026-04-08,SYNTHETIC_COMMITTED_QUOTE,RPO-EU_UTILITY_10.0Y-025,True,SYNTHETIC_RFET_EVIDENCE,Synthetic transaction or committed-quote event; not an observed public closing price
EU_UTILITY_10.0Y,2026-04-20,SYNTHETIC_COMMITTED_QUOTE,RPO-EU_UTILITY_10.0Y-026,True,SYNTHETIC_RFET_EVIDENCE,Synthetic transaction or committed-quote event; not an observed public closing price
EU_UTILITY_10.0Y,2026-05-01,SYNTHETIC_COMMITTED_QUOTE,RPO-EU_UTILITY_10.0Y-027,True,SYNTHETIC_RFET_EVIDENCE,Synthetic transaction or committed-quote event; not an observed public closing price
EU_UTILITY_10.0Y,2026-05-13,SYNTHETIC_COMMITTED_QUOTE,RPO-EU_UTILITY_10.0Y-028,True,SYNTHETIC_RFET_EVIDENCE,Synthetic transaction or committed-quote event; not an observed public closing price
EU_UTILITY_10.0Y,2026-05-25,SYNTHETIC_COMMITTED_QUOTE,RPO-EU_UTILITY_10.0Y-029,True,SYNTHETIC_RFET_EVIDENCE,Synthetic transaction or committed-quote event; not an observed public closing price
EU_UTILITY_10.0Y,2026-06-05,SYNTHETIC_COMMITTED_QUOTE,RPO-EU_UTILITY_10.0Y-030,True,SYNTHETIC_RFET_EVIDENCE,Synthetic transaction or committed-quote event; not an observed public closing price
EU_UTILITY_10.0Y,2026-06-17,SYNTHETIC_COMMITTED_QUOTE,RPO-EU_UTILITY_10.0Y-031,True,SYNTHETIC_RFET_EVIDENCE,Synthetic transaction or committed-quote event; not an observed public closing price
EU_UTILITY_10.0Y,2026-06-30,SYNTHETIC_COMMITTED_QUOTE,RPO-EU_UTILITY_10.0Y-032,True,SYNTHETIC_RFET_EVIDENCE,Synthetic transaction or committed-quote event; not an observed public closing price
EU_UTILITY_5.0Y,2025-07-01,SYNTHETIC_COMMITTED_QUOTE,RPO-EU_UTILITY_5.0Y-001,True,SYNTHETIC_RFET_EVIDENCE,Synthetic transaction or committed-quote event; not an observed public closing price
EU_UTILITY_5.0Y,2025-07-11,SYNTHETIC_COMMITTED_QUOTE,RPO-EU_UTILITY_5.0Y-002,True,SYNTHETIC_RFET_EVIDENCE,Synthetic transaction or committed-quote event; not an observed public closing price
EU_UTILITY_5.0Y,2025-07-23,SYNTHETIC_COMMITTED_QUOTE,RPO-EU_UTILITY_5.0Y-003,True,SYNTHETIC_RFET_EVIDENCE,Synthetic transaction or committed-quote event; not an observed public closing price
EU_UTILITY_5.0Y,2025-08-05,SYNTHETIC_COMMITTED_QUOTE,RPO-EU_UTILITY_5.0Y-004,True,SYNTHETIC_RFET_EVIDENCE,Synthetic transaction or committed-quote event; not an observed public closing price
EU_UTILITY_5.0Y,2025-08-15,SYNTHETIC_COMMITTED_QUOTE,RPO-EU_UTILITY_5.0Y-005,True,SYNTHETIC_RFET_EVIDENCE,Synthetic transaction or committed-quote event; not an observed public closing price
EU_UTILITY_5.0Y,2025-08-27,SYNTHETIC_COMMITTED_QUOTE,RPO-EU_UTILITY_5.0Y-006,True,SYNTHETIC_RFET_EVIDENCE,Synthetic transaction or committed-quote event; not an observed public closing price
EU_UTILITY_5.0Y,2025-09-09,SYNTHETIC_COMMITTED_QUOTE,RPO-EU_UTILITY_5.0Y-007,True,SYNTHETIC_RFET_EVIDENCE,Synthetic transaction or committed-quote event; not an observed public closing price
EU_UTILITY_5.0Y,2025-09-19,SYNTHETIC_COMMITTED_QUOTE,RPO-EU_UTILITY_5.0Y-008,True,SYNTHETIC_RFET_EVIDENCE,Synthetic transaction or committed-quote event; not an observed public closing price
EU_UTILITY_5.0Y,2025-10-02,SYNTHETIC_COMMITTED_QUOTE,RPO-EU_UTILITY_5.0Y-009,True,SYNTHETIC_RFET_EVIDENCE,Synthetic transaction or committed-quote event; not an observed public closing price
EU_UTILITY_5.0Y,2025-10-14,SYNTHETIC_COMMITTED_QUOTE,RPO-EU_UTILITY_5.0Y-010,True,SYNTHETIC_RFET_EVIDENCE,Synthetic transaction or committed-quote event; not an observed public closing price
EU_UTILITY_5.0Y,2025-10-24,SYNTHETIC_COMMITTED_QUOTE,RPO-EU_UTILITY_5.0Y-011,True,SYNTHETIC_RFET_EVIDENCE,Synthetic transaction or committed-quote event; not an observed public closing price
EU_UTILITY_5.0Y,2025-11-06,SYNTHETIC_COMMITTED_QUOTE,RPO-EU_UTILITY_5.0Y-012,True,SYNTHETIC_RFET_EVIDENCE,Synthetic transaction or committed-quote event; not an observed public closing price
EU_UTILITY_5.0Y,2025-11-18,SYNTHETIC_COMMITTED_QUOTE,RPO-EU_UTILITY_5.0Y-013,True,SYNTHETIC_RFET_EVIDENCE,Synthetic transaction or committed-quote event; not an observed public closing price
EU_UTILITY_5.0Y,2025-12-01,SYNTHETIC_COMMITTED_QUOTE,RPO-EU_UTILITY_5.0Y-014,True,SYNTHETIC_RFET_EVIDENCE,Synthetic transaction or committed-quote event; not an observed public closing price
EU_UTILITY_5.0Y,2025-12-11,SYNTHETIC_COMMITTED_QUOTE,RPO-EU_UTILITY_5.0Y-015,True,SYNTHETIC_RFET_EVIDENCE,Synthetic transaction or committed-quote event; not an observed public closing price
EU_UTILITY_5.0Y,2025-12-23,SYNTHETIC_COMMITTED_QUOTE,RPO-EU_UTILITY_5.0Y-016,True,SYNTHETIC_RFET_EVIDENCE,Synthetic transaction or committed-quote event; not an observed public closing price
EU_UTILITY_5.0Y,2026-01-05,SYNTHETIC_COMMITTED_QUOTE,RPO-EU_UTILITY_5.0Y-017,True,SYNTHETIC_RFET_EVIDENCE,Synthetic transaction or committed-quote event; not an observed public closing price
EU_UTILITY_5.0Y,2026-01-15,SYNTHETIC_COMMITTED_QUOTE,RPO-EU_UTILITY_5.0Y-018,True,SYNTHETIC_RFET_EVIDENCE,Synthetic transaction or committed-quote event; not an observed public closing price
EU_UTILITY_5.0Y,2026-01-27,SYNTHETIC_COMMITTED_QUOTE,RPO-EU_UTILITY_5.0Y-019,True,SYNTHETIC_RFET_EVIDENCE,Synthetic transaction or committed-quote event; not an observed public closing price
EU_UTILITY_5.0Y,2026-02-09,SYNTHETIC_COMMITTED_QUOTE,RPO-EU_UTILITY_5.0Y-020,True,SYNTHETIC_RFET_EVIDENCE,Synthetic transaction or committed-quote event; not an observed public closing price
EU_UTILITY_5.0Y,2026-02-19,SYNTHETIC_COMMITTED_QUOTE,RPO-EU_UTILITY_5.0Y-021,True,SYNTHETIC_RFET_EVIDENCE,Synthetic transaction or committed-quote event; not an observed public closing price
EU_UTILITY_5.0Y,2026-03-04,SYNTHETIC_COMMITTED_QUOTE,RPO-EU_UTILITY_5.0Y-022,True,SYNTHETIC_RFET_EVIDENCE,Synthetic transaction or committed-quote event; not an observed public closing price
EU_UTILITY_5.0Y,2026-03-16,SYNTHETIC_COMMITTED_QUOTE,RPO-EU_UTILITY_5.0Y-023,True,SYNTHETIC_RFET_EVIDENCE,Synthetic transaction or committed-quote event; not an observed public closing price
EU_UTILITY_5.0Y,2026-03-26,SYNTHETIC_COMMITTED_QUOTE,RPO-EU_UTILITY_5.0Y-024,True,SYNTHETIC_RFET_EVIDENCE,Synthetic transaction or committed-quote event; not an observed public closing price
EU_UTILITY_5.0Y,2026-04-08,SYNTHETIC_COMMITTED_QUOTE,RPO-EU_UTILITY_5.0Y-025,True,SYNTHETIC_RFET_EVIDENCE,Synthetic transaction or committed-quote event; not an observed public closing price
EU_UTILITY_5.0Y,2026-04-20,SYNTHETIC_COMMITTED_QUOTE,RPO-EU_UTILITY_5.0Y-026,True,SYNTHETIC_RFET_EVIDENCE,Synthetic transaction or committed-quote event; not an observed public closing price
EU_UTILITY_5.0Y,2026-05-01,SYNTHETIC_COMMITTED_QUOTE,RPO-EU_UTILITY_5.0Y-027,True,SYNTHETIC_RFET_EVIDENCE,Synthetic transaction or committed-quote event; not an observed public closing price
EU_UTILITY_5.0Y,2026-05-13,SYNTHETIC_COMMITTED_QUOTE,RPO-EU_UTILITY_5.0Y-028,True,SYNTHETIC_RFET_EVIDENCE,Synthetic transaction or committed-quote event; not an observed public closing price
EU_UTILITY_5.0Y,2026-05-25,SYNTHETIC_COMMITTED_QUOTE,RPO-EU_UTILITY_5.0Y-029,True,SYNTHETIC_RFET_EVIDENCE,Synthetic transaction or committed-quote event; not an observed public closing price
EU_UTILITY_5.0Y,2026-06-05,SYNTHETIC_COMMITTED_QUOTE,RPO-EU_UTILITY_5.0Y-030,True,SYNTHETIC_RFET_EVIDENCE,Synthetic transaction or committed-quote event; not an observed public closing price
EU_UTILITY_5.0Y,2026-06-17,SYNTHETIC_COMMITTED_QUOTE,RPO-EU_UTILITY_5.0Y-031,True,SYNTHETIC_RFET_EVIDENCE,Synthetic transaction or committed-quote event; not an observed public closing price
EU_UTILITY_5.0Y,2026-06-30,SYNTHETIC_COMMITTED_QUOTE,RPO-EU_UTILITY_5.0Y-032,True,SYNTHETIC_RFET_EVIDENCE,Synthetic transaction or committed-quote event; not an observed public closing price
EU_UTILITY_VOL_1.0Y,2025-07-17,SYNTHETIC_ARM_LENGTH_TRANSACTION,RPO-EU_UTILITY_VOL_1.0Y-001,True,SYNTHETIC_RFET_EVIDENCE,Synthetic transaction or committed-quote event; not an observed public closing price
EU_UTILITY_VOL_1.0Y,2025-07-18,SYNTHETIC_ARM_LENGTH_TRANSACTION,RPO-EU_UTILITY_VOL_1.0Y-002,True,SYNTHETIC_RFET_EVIDENCE,Synthetic transaction or committed-quote event; not an observed public closing price
EU_UTILITY_VOL_1.0Y,2025-07-23,SYNTHETIC_ARM_LENGTH_TRANSACTION,RPO-EU_UTILITY_VOL_1.0Y-003,True,SYNTHETIC_RFET_EVIDENCE,Synthetic transaction or committed-quote event; not an observed public closing price
EU_UTILITY_VOL_1.0Y,2025-07-28,SYNTHETIC_ARM_LENGTH_TRANSACTION,RPO-EU_UTILITY_VOL_1.0Y-004,True,SYNTHETIC_RFET_EVIDENCE,Synthetic transaction or committed-quote event; not an observed public closing price
EU_UTILITY_VOL_1.0Y,2025-07-29,SYNTHETIC_ARM_LENGTH_TRANSACTION,RPO-EU_UTILITY_VOL_1.0Y-005,True,SYNTHETIC_RFET_EVIDENCE,Synthetic transaction or committed-quote event; not an observed public closing price
EU_UTILITY_VOL_1.0Y,2025-08-01,SYNTHETIC_ARM_LENGTH_TRANSACTION,RPO-EU_UTILITY_VOL_1.0Y-006,True,SYNTHETIC_RFET_EVIDENCE,Synthetic transaction or committed-quote event; not an observed public closing price
EU_UTILITY_VOL_1.0Y,2025-08-05,SYNTHETIC_ARM_LENGTH_TRANSACTION,RPO-EU_UTILITY_VOL_1.0Y-007,True,SYNTHETIC_RFET_EVIDENCE,Synthetic transaction or committed-quote event; not an observed public closing price
EU_UTILITY_VOL_1.0Y,2025-08-20,SYNTHETIC_ARM_LENGTH_TRANSACTION,RPO-EU_UTILITY_VOL_1.0Y-008,True,SYNTHETIC_RFET_EVIDENCE,Synthetic transaction or committed-quote event; not an observed public closing price
EU_UTILITY_VOL_1.0Y,2025-08-21,SYNTHETIC_ARM_LENGTH_TRANSACTION,RPO-EU_UTILITY_VOL_1.0Y-009,True,SYNTHETIC_RFET_EVIDENCE,Synthetic transaction or committed-quote event; not an observed public closing price
EU_UTILITY_VOL_1.0Y,2025-08-28,SYNTHETIC_ARM_LENGTH_TRANSACTION,RPO-EU_UTILITY_VOL_1.0Y-010,True,SYNTHETIC_RFET_EVIDENCE,Synthetic transaction or committed-quote event; not an observed public closing price
EU_UTILITY_VOL_1.0Y,2025-09-08,SYNTHETIC_ARM_LENGTH_TRANSACTION,RPO-EU_UTILITY_VOL_1.0Y-011,True,SYNTHETIC_RFET_EVIDENCE,Synthetic transaction or committed-quote event; not an observed public closing price
EU_UTILITY_VOL_1.0Y,2025-09-29,SYNTHETIC_ARM_LENGTH_TRANSACTION,RPO-EU_UTILITY_VOL_1.0Y-012,True,SYNTHETIC_RFET_EVIDENCE,Synthetic transaction or committed-quote event; not an observed public closing price
EU_UTILITY_VOL_1.0Y,2025-11-10,SYNTHETIC_ARM_LENGTH_TRANSACTION,RPO-EU_UTILITY_VOL_1.0Y-013,True,SYNTHETIC_RFET_EVIDENCE,Synthetic transaction or committed-quote event; not an observed public closing price
EU_UTILITY_VOL_1.0Y,2025-12-04,SYNTHETIC_ARM_LENGTH_TRANSACTION,RPO-EU_UTILITY_VOL_1.0Y-014,True,SYNTHETIC_RFET_EVIDENCE,Synthetic transaction or committed-quote event; not an observed public closing price
EU_UTILITY_VOL_3.0Y,2025-07-01,SYNTHETIC_ARM_LENGTH_TRANSACTION,RPO-EU_UTILITY_VOL_3.0Y-001,True,SYNTHETIC_RFET_EVIDENCE,Synthetic transaction or committed-quote event; not an observed public closing price
EU_UTILITY_VOL_3.0Y,2025-07-07,SYNTHETIC_ARM_LENGTH_TRANSACTION,RPO-EU_UTILITY_VOL_3.0Y-002,True,SYNTHETIC_RFET_EVIDENCE,Synthetic transaction or committed-quote event; not an observed public closing price
EU_UTILITY_VOL_3.0Y,2025-07-10,SYNTHETIC_ARM_LENGTH_TRANSACTION,RPO-EU_UTILITY_VOL_3.0Y-003,True,SYNTHETIC_RFET_EVIDENCE,Synthetic transaction or committed-quote event; not an observed public closing price
EU_UTILITY_VOL_3.0Y,2025-07-15,SYNTHETIC_ARM_LENGTH_TRANSACTION,RPO-EU_UTILITY_VOL_3.0Y-004,True,SYNTHETIC_RFET_EVIDENCE,Synthetic transaction or committed-quote event; not an observed public closing price
EU_UTILITY_VOL_3.0Y,2025-09-10,SYNTHETIC_ARM_LENGTH_TRANSACTION,RPO-EU_UTILITY_VOL_3.0Y-005,True,SYNTHETIC_RFET_EVIDENCE,Synthetic transaction or committed-quote event; not an observed public closing price
EU_UTILITY_VOL_3.0Y,2025-09-18,SYNTHETIC_ARM_LENGTH_TRANSACTION,RPO-EU_UTILITY_VOL_3.0Y-006,True,SYNTHETIC_RFET_EVIDENCE,Synthetic transaction or committed-quote event; not an observed public closing price
EU_UTILITY_VOL_3.0Y,2025-09-26,SYNTHETIC_ARM_LENGTH_TRANSACTION,RPO-EU_UTILITY_VOL_3.0Y-007,True,SYNTHETIC_RFET_EVIDENCE,Synthetic transaction or committed-quote event; not an observed public closing price
EU_UTILITY_VOL_3.0Y,2025-10-02,SYNTHETIC_ARM_LENGTH_TRANSACTION,RPO-EU_UTILITY_VOL_3.0Y-008,True,SYNTHETIC_RFET_EVIDENCE,Synthetic transaction or committed-quote event; not an observed public closing price
EU_UTILITY_VOL_3.0Y,2025-10-06,SYNTHETIC_ARM_LENGTH_TRANSACTION,RPO-EU_UTILITY_VOL_3.0Y-009,True,SYNTHETIC_RFET_EVIDENCE,Synthetic transaction or committed-quote event; not an observed public closing price
EU_UTILITY_VOL_3.0Y,2025-10-23,SYNTHETIC_ARM_LENGTH_TRANSACTION,RPO-EU_UTILITY_VOL_3.0Y-010,True,SYNTHETIC_RFET_EVIDENCE,Synthetic transaction or committed-quote event; not an observed public closing price
EU_UTILITY_VOL_3.0Y,2025-10-24,SYNTHETIC_ARM_LENGTH_TRANSACTION,RPO-EU_UTILITY_VOL_3.0Y-011,True,SYNTHETIC_RFET_EVIDENCE,Synthetic transaction or committed-quote event; not an observed public closing price
EU_UTILITY_VOL_3.0Y,2025-11-28,SYNTHETIC_ARM_LENGTH_TRANSACTION,RPO-EU_UTILITY_VOL_3.0Y-012,True,SYNTHETIC_RFET_EVIDENCE,Synthetic transaction or committed-quote event; not an observed public closing price
EU_UTILITY_VOL_3.0Y,2025-12-02,SYNTHETIC_ARM_LENGTH_TRANSACTION,RPO-EU_UTILITY_VOL_3.0Y-013,True,SYNTHETIC_RFET_EVIDENCE,Synthetic transaction or committed-quote event; not an observed public closing price
EU_UTILITY_VOL_3.0Y,2025-12-11,SYNTHETIC_ARM_LENGTH_TRANSACTION,RPO-EU_UTILITY_VOL_3.0Y-014,True,SYNTHETIC_RFET_EVIDENCE,Synthetic transaction or committed-quote event; not an observed public closing price
GOLD_0.25Y_GLOBAL,2025-07-01,SYNTHETIC_ARM_LENGTH_TRANSACTION,RPO-GOLD_0.25Y_GLOBAL-001,True,SYNTHETIC_RFET_EVIDENCE,Synthetic transaction or committed-quote event; not an observed public closing price
GOLD_0.25Y_GLOBAL,2025-07-03,SYNTHETIC_ARM_LENGTH_TRANSACTION,RPO-GOLD_0.25Y_GLOBAL-002,True,SYNTHETIC_RFET_EVIDENCE,Synthetic transaction or committed-quote event; not an observed public closing price
GOLD_0.25Y_GLOBAL,2025-07-07,SYNTHETIC_ARM_LENGTH_TRANSACTION,RPO-GOLD_0.25Y_GLOBAL-003,True,SYNTHETIC_RFET_EVIDENCE,Synthetic transaction or committed-quote event; not an observed public closing price
GOLD_0.25Y_GLOBAL,2025-07-09,SYNTHETIC_ARM_LENGTH_TRANSACTION,RPO-GOLD_0.25Y_GLOBAL-004,True,SYNTHETIC_RFET_EVIDENCE,Synthetic transaction or committed-quote event; not an observed public closing price
GOLD_0.25Y_GLOBAL,2025-07-11,SYNTHETIC_ARM_LENGTH_TRANSACTION,RPO-GOLD_0.25Y_GLOBAL-005,True,SYNTHETIC_RFET_EVIDENCE,Synthetic transaction or committed-quote event; not an observed public closing price
GOLD_0.25Y_GLOBAL,2025-07-16,SYNTHETIC_ARM_LENGTH_TRANSACTION,RPO-GOLD_0.25Y_GLOBAL-006,True,SYNTHETIC_RFET_EVIDENCE,Synthetic transaction or committed-quote event; not an observed public closing price
GOLD_0.25Y_GLOBAL,2025-07-18,SYNTHETIC_ARM_LENGTH_TRANSACTION,RPO-GOLD_0.25Y_GLOBAL-007,True,SYNTHETIC_RFET_EVIDENCE,Synthetic transaction or committed-quote event; not an observed public closing price
GOLD_0.25Y_GLOBAL,2025-07-22,SYNTHETIC_ARM_LENGTH_TRANSACTION,RPO-GOLD_0.25Y_GLOBAL-008,True,SYNTHETIC_RFET_EVIDENCE,Synthetic transaction or committed-quote event; not an observed public closing price
GOLD_0.25Y_GLOBAL,2025-07-24,SYNTHETIC_ARM_LENGTH_TRANSACTION,RPO-GOLD_0.25Y_GLOBAL-009,True,SYNTHETIC_RFET_EVIDENCE,Synthetic transaction or committed-quote event; not an observed public closing price
GOLD_0.25Y_GLOBAL,2025-07-29,SYNTHETIC_ARM_LENGTH_TRANSACTION,RPO-GOLD_0.25Y_GLOBAL-010,True,SYNTHETIC_RFET_EVIDENCE,Synthetic transaction or committed-quote event; not an observed public closing price
GOLD_0.25Y_GLOBAL,2025-07-31,SYNTHETIC_ARM_LENGTH_TRANSACTION,RPO-GOLD_0.25Y_GLOBAL-011,True,SYNTHETIC_RFET_EVIDENCE,Synthetic transaction or committed-quote event; not an observed public closing price
GOLD_0.25Y_GLOBAL,2025-08-04,SYNTHETIC_ARM_LENGTH_TRANSACTION,RPO-GOLD_0.25Y_GLOBAL-012,True,SYNTHETIC_RFET_EVIDENCE,Synthetic transaction or committed-quote event; not an observed public closing price
GOLD_0.25Y_GLOBAL,2025-08-06,SYNTHETIC_ARM_LENGTH_TRANSACTION,RPO-GOLD_0.25Y_GLOBAL-013,True,SYNTHETIC_RFET_EVIDENCE,Synthetic transaction or committed-quote event; not an observed public closing price
GOLD_0.25Y_GLOBAL,2025-08-08,SYNTHETIC_ARM_LENGTH_TRANSACTION,RPO-GOLD_0.25Y_GLOBAL-014,True,SYNTHETIC_RFET_EVIDENCE,Synthetic transaction or committed-quote event; not an observed public closing price
GOLD_0.25Y_GLOBAL,2025-08-13,SYNTHETIC_ARM_LENGTH_TRANSACTION,RPO-GOLD_0.25Y_GLOBAL-015,True,SYNTHETIC_RFET_EVIDENCE,Synthetic transaction or committed-quote event; not an observed public closing price
GOLD_0.25Y_GLOBAL,2025-08-15,SYNTHETIC_ARM_LENGTH_TRANSACTION,RPO-GOLD_0.25Y_GLOBAL-016,True,SYNTHETIC_RFET_EVIDENCE,Synthetic transaction or committed-quote event; not an observed public closing price
GOLD_0.25Y_GLOBAL,2025-08-19,SYNTHETIC_ARM_LENGTH_TRANSACTION,RPO-GOLD_0.25Y_GLOBAL-017,True,SYNTHETIC_RFET_EVIDENCE,Synthetic transaction or committed-quote event; not an observed public closing price
GOLD_0.25Y_GLOBAL,2025-08-21,SYNTHETIC_ARM_LENGTH_TRANSACTION,RPO-GOLD_0.25Y_GLOBAL-018,True,SYNTHETIC_RFET_EVIDENCE,Synthetic transaction or committed-quote event; not an observed public closing price
GOLD_0.25Y_GLOBAL,2025-08-26,SYNTHETIC_ARM_LENGTH_TRANSACTION,RPO-GOLD_0.25Y_GLOBAL-019,True,SYNTHETIC_RFET_EVIDENCE,Synthetic transaction or committed-quote event; not an observed public closing price
GOLD_0.25Y_GLOBAL,2025-08-28,SYNTHETIC_ARM_LENGTH_TRANSACTION,RPO-GOLD_0.25Y_GLOBAL-020,True,SYNTHETIC_RFET_EVIDENCE,Synthetic transaction or committed-quote event; not an observed public closing price
GOLD_0.25Y_GLOBAL,2025-09-01,SYNTHETIC_ARM_LENGTH_TRANSACTION,RPO-GOLD_0.25Y_GLOBAL-021,True,SYNTHETIC_RFET_EVIDENCE,Synthetic transaction or committed-quote event; not an observed public closing price
GOLD_0.25Y_GLOBAL,2025-09-03,SYNTHETIC_ARM_LENGTH_TRANSACTION,RPO-GOLD_0.25Y_GLOBAL-022,True,SYNTHETIC_RFET_EVIDENCE,Synthetic transaction or committed-quote event; not an observed public closing price
GOLD_0.25Y_GLOBAL,2025-09-05,SYNTHETIC_ARM_LENGTH_TRANSACTION,RPO-GOLD_0.25Y_GLOBAL-023,True,SYNTHETIC_RFET_EVIDENCE,Synthetic transaction or committed-quote event; not an observed public closing price
GOLD_0.25Y_GLOBAL,2025-09-10,SYNTHETIC_ARM_LENGTH_TRANSACTION,RPO-GOLD_0.25Y_GLOBAL-024,True,SYNTHETIC_RFET_EVIDENCE,Synthetic transaction or committed-quote event; not an observed public closing price
GOLD_0.25Y_GLOBAL,2025-09-12,SYNTHETIC_ARM_LENGTH_TRANSACTION,RPO-GOLD_0.25Y_GLOBAL-025,True,SYNTHETIC_RFET_EVIDENCE,Synthetic transaction or committed-quote event; not an observed public closing price
GOLD_0.25Y_GLOBAL,2025-09-16,SYNTHETIC_ARM_LENGTH_TRANSACTION,RPO-GOLD_0.25Y_GLOBAL-026,True,SYNTHETIC_RFET_EVIDENCE,Synthetic transaction or committed-quote event; not an observed public closing price
GOLD_0.25Y_GLOBAL,2025-09-18,SYNTHETIC_ARM_LENGTH_TRANSACTION,RPO-GOLD_0.25Y_GLOBAL-027,True,SYNTHETIC_RFET_EVIDENCE,Synthetic transaction or committed-quote event; not an observed public closing price
GOLD_0.25Y_GLOBAL,2025-09-23,SYNTHETIC_ARM_LENGTH_TRANSACTION,RPO-GOLD_0.25Y_GLOBAL-028,True,SYNTHETIC_RFET_EVIDENCE,Synthetic transaction or committed-quote event; not an observed public closing price
GOLD_0.25Y_GLOBAL,2025-09-25,SYNTHETIC_ARM_LENGTH_TRANSACTION,RPO-GOLD_0.25Y_GLOBAL-029,True,SYNTHETIC_RFET_EVIDENCE,Synthetic transaction or committed-quote event; not an observed public closing price
GOLD_0.25Y_GLOBAL,2025-09-29,SYNTHETIC_ARM_LENGTH_TRANSACTION,RPO-GOLD_0.25Y_GLOBAL-030,True,SYNTHETIC_RFET_EVIDENCE,Synthetic transaction or committed-quote event; not an observed public closing price
GOLD_0.25Y_GLOBAL,2025-10-01,SYNTHETIC_ARM_LENGTH_TRANSACTION,RPO-GOLD_0.25Y_GLOBAL-031,True,SYNTHETIC_RFET_EVIDENCE,Synthetic transaction or committed-quote event; not an observed public closing price
GOLD_0.25Y_GLOBAL,2025-10-03,SYNTHETIC_ARM_LENGTH_TRANSACTION,RPO-GOLD_0.25Y_GLOBAL-032,True,SYNTHETIC_RFET_EVIDENCE,Synthetic transaction or committed-quote event; not an observed public closing price
GOLD_0.25Y_GLOBAL,2025-10-08,SYNTHETIC_ARM_LENGTH_TRANSACTION,RPO-GOLD_0.25Y_GLOBAL-033,True,SYNTHETIC_RFET_EVIDENCE,Synthetic transaction or committed-quote event; not an observed public closing price
GOLD_0.25Y_GLOBAL,2025-10-10,SYNTHETIC_ARM_LENGTH_TRANSACTION,RPO-GOLD_0.25Y_GLOBAL-034,True,SYNTHETIC_RFET_EVIDENCE,Synthetic transaction or committed-quote event; not an observed public closing price
GOLD_0.25Y_GLOBAL,2025-10-14,SYNTHETIC_ARM_LENGTH_TRANSACTION,RPO-GOLD_0.25Y_GLOBAL-035,True,SYNTHETIC_RFET_EVIDENCE,Synthetic transaction or committed-quote event; not an observed public closing price
GOLD_0.25Y_GLOBAL,2025-10-16,SYNTHETIC_ARM_LENGTH_TRANSACTION,RPO-GOLD_0.25Y_GLOBAL-036,True,SYNTHETIC_RFET_EVIDENCE,Synthetic transaction or committed-quote event; not an observed public closing price
GOLD_0.25Y_GLOBAL,2025-10-21,SYNTHETIC_ARM_LENGTH_TRANSACTION,RPO-GOLD_0.25Y_GLOBAL-037,True,SYNTHETIC_RFET_EVIDENCE,Synthetic transaction or committed-quote event; not an observed public closing price
GOLD_0.25Y_GLOBAL,2025-10-23,SYNTHETIC_ARM_LENGTH_TRANSACTION,RPO-GOLD_0.25Y_GLOBAL-038,True,SYNTHETIC_RFET_EVIDENCE,Synthetic transaction or committed-quote event; not an observed public closing price
GOLD_0.25Y_GLOBAL,2025-10-27,SYNTHETIC_ARM_LENGTH_TRANSACTION,RPO-GOLD_0.25Y_GLOBAL-039,True,SYNTHETIC_RFET_EVIDENCE,Synthetic transaction or committed-quote event; not an observed public closing price
GOLD_0.25Y_GLOBAL,2025-10-29,SYNTHETIC_ARM_LENGTH_TRANSACTION,RPO-GOLD_0.25Y_GLOBAL-040,True,SYNTHETIC_RFET_EVIDENCE,Synthetic transaction or committed-quote event; not an observed public closing price
GOLD_0.25Y_GLOBAL,2025-10-31,SYNTHETIC_ARM_LENGTH_TRANSACTION,RPO-GOLD_0.25Y_GLOBAL-041,True,SYNTHETIC_RFET_EVIDENCE,Synthetic transaction or committed-quote event; not an observed public closing price
GOLD_0.25Y_GLOBAL,2025-11-05,SYNTHETIC_ARM_LENGTH_TRANSACTION,RPO-GOLD_0.25Y_GLOBAL-042,True,SYNTHETIC_RFET_EVIDENCE,Synthetic transaction or committed-quote event; not an observed public closing price
GOLD_0.25Y_GLOBAL,2025-11-07,SYNTHETIC_ARM_LENGTH_TRANSACTION,RPO-GOLD_0.25Y_GLOBAL-043,True,SYNTHETIC_RFET_EVIDENCE,Synthetic transaction or committed-quote event; not an observed public closing price
GOLD_0.25Y_GLOBAL,2025-11-11,SYNTHETIC_ARM_LENGTH_TRANSACTION,RPO-GOLD_0.25Y_GLOBAL-044,True,SYNTHETIC_RFET_EVIDENCE,Synthetic transaction or committed-quote event; not an observed public closing price
GOLD_0.25Y_GLOBAL,2025-11-13,SYNTHETIC_ARM_LENGTH_TRANSACTION,RPO-GOLD_0.25Y_GLOBAL-045,True,SYNTHETIC_RFET_EVIDENCE,Synthetic transaction or committed-quote event; not an observed public closing price
GOLD_0.25Y_GLOBAL,2025-11-18,SYNTHETIC_ARM_LENGTH_TRANSACTION,RPO-GOLD_0.25Y_GLOBAL-046,True,SYNTHETIC_RFET_EVIDENCE,Synthetic transaction or committed-quote event; not an observed public closing price
GOLD_0.25Y_GLOBAL,2025-11-20,SYNTHETIC_ARM_LENGTH_TRANSACTION,RPO-GOLD_0.25Y_GLOBAL-047,True,SYNTHETIC_RFET_EVIDENCE,Synthetic transaction or committed-quote event; not an observed public closing price
GOLD_0.25Y_GLOBAL,2025-11-24,SYNTHETIC_ARM_LENGTH_TRANSACTION,RPO-GOLD_0.25Y_GLOBAL-048,True,SYNTHETIC_RFET_EVIDENCE,Synthetic transaction or committed-quote event; not an observed public closing price
GOLD_0.25Y_GLOBAL,2025-11-26,SYNTHETIC_ARM_LENGTH_TRANSACTION,RPO-GOLD_0.25Y_GLOBAL-049,True,SYNTHETIC_RFET_EVIDENCE,Synthetic transaction or committed-quote event; not an observed public closing price
GOLD_0.25Y_GLOBAL,2025-11-28,SYNTHETIC_ARM_LENGTH_TRANSACTION,RPO-GOLD_0.25Y_GLOBAL-050,True,SYNTHETIC_RFET_EVIDENCE,Synthetic transaction or committed-quote event; not an observed public closing price
GOLD_0.25Y_GLOBAL,2025-12-03,SYNTHETIC_ARM_LENGTH_TRANSACTION,RPO-GOLD_0.25Y_GLOBAL-051,True,SYNTHETIC_RFET_EVIDENCE,Synthetic transaction or committed-quote event; not an observed public closing price
GOLD_0.25Y_GLOBAL,2025-12-05,SYNTHETIC_ARM_LENGTH_TRANSACTION,RPO-GOLD_0.25Y_GLOBAL-052,True,SYNTHETIC_RFET_EVIDENCE,Synthetic transaction or committed-quote event; not an observed public closing price
GOLD_0.25Y_GLOBAL,2025-12-09,SYNTHETIC_ARM_LENGTH_TRANSACTION,RPO-GOLD_0.25Y_GLOBAL-053,True,SYNTHETIC_RFET_EVIDENCE,Synthetic transaction or committed-quote event; not an observed public closing price
GOLD_0.25Y_GLOBAL,2025-12-11,SYNTHETIC_ARM_LENGTH_TRANSACTION,RPO-GOLD_0.25Y_GLOBAL-054,True,SYNTHETIC_RFET_EVIDENCE,Synthetic transaction or committed-quote event; not an observed public closing price
GOLD_0.25Y_GLOBAL,2025-12-16,SYNTHETIC_ARM_LENGTH_TRANSACTION,RPO-GOLD_0.25Y_GLOBAL-055,True,SYNTHETIC_RFET_EVIDENCE,Synthetic transaction or committed-quote event; not an observed public closing price
GOLD_0.25Y_GLOBAL,2025-12-18,SYNTHETIC_ARM_LENGTH_TRANSACTION,RPO-GOLD_0.25Y_GLOBAL-056,True,SYNTHETIC_RFET_EVIDENCE,Synthetic transaction or committed-quote event; not an observed public closing price
GOLD_0.25Y_GLOBAL,2025-12-22,SYNTHETIC_ARM_LENGTH_TRANSACTION,RPO-GOLD_0.25Y_GLOBAL-057,True,SYNTHETIC_RFET_EVIDENCE,Synthetic transaction or committed-quote event; not an observed public closing price
GOLD_0.25Y_GLOBAL,2025-12-24,SYNTHETIC_ARM_LENGTH_TRANSACTION,RPO-GOLD_0.25Y_GLOBAL-058,True,SYNTHETIC_RFET_EVIDENCE,Synthetic transaction or committed-quote event; not an observed public closing price
GOLD_0.25Y_GLOBAL,2025-12-26,SYNTHETIC_ARM_LENGTH_TRANSACTION,RPO-GOLD_0.25Y_GLOBAL-059,True,SYNTHETIC_RFET_EVIDENCE,Synthetic transaction or committed-quote event; not an observed public closing price
GOLD_0.25Y_GLOBAL,2025-12-31,SYNTHETIC_ARM_LENGTH_TRANSACTION,RPO-GOLD_0.25Y_GLOBAL-060,True,SYNTHETIC_RFET_EVIDENCE,Synthetic transaction or committed-quote event; not an observed public closing price
GOLD_0.25Y_GLOBAL,2026-01-02,SYNTHETIC_ARM_LENGTH_TRANSACTION,RPO-GOLD_0.25Y_GLOBAL-061,True,SYNTHETIC_RFET_EVIDENCE,Synthetic transaction or committed-quote event; not an observed public closing price
GOLD_0.25Y_GLOBAL,2026-01-06,SYNTHETIC_ARM_LENGTH_TRANSACTION,RPO-GOLD_0.25Y_GLOBAL-062,True,SYNTHETIC_RFET_EVIDENCE,Synthetic transaction or committed-quote event; not an observed public closing price
GOLD_0.25Y_GLOBAL,2026-01-08,SYNTHETIC_ARM_LENGTH_TRANSACTION,RPO-GOLD_0.25Y_GLOBAL-063,True,SYNTHETIC_RFET_EVIDENCE,Synthetic transaction or committed-quote event; not an observed public closing price
GOLD_0.25Y_GLOBAL,2026-01-13,SYNTHETIC_ARM_LENGTH_TRANSACTION,RPO-GOLD_0.25Y_GLOBAL-064,True,SYNTHETIC_RFET_EVIDENCE,Synthetic transaction or committed-quote event; not an observed public closing price
GOLD_0.25Y_GLOBAL,2026-01-15,SYNTHETIC_ARM_LENGTH_TRANSACTION,RPO-GOLD_0.25Y_GLOBAL-065,True,SYNTHETIC_RFET_EVIDENCE,Synthetic transaction or committed-quote event; not an observed public closing price
GOLD_0.25Y_GLOBAL,2026-01-19,SYNTHETIC_ARM_LENGTH_TRANSACTION,RPO-GOLD_0.25Y_GLOBAL-066,True,SYNTHETIC_RFET_EVIDENCE,Synthetic transaction or committed-quote event; not an observed public closing price
GOLD_0.25Y_GLOBAL,2026-01-21,SYNTHETIC_ARM_LENGTH_TRANSACTION,RPO-GOLD_0.25Y_GLOBAL-067,True,SYNTHETIC_RFET_EVIDENCE,Synthetic transaction or committed-quote event; not an observed public closing price
GOLD_0.25Y_GLOBAL,2026-01-23,SYNTHETIC_ARM_LENGTH_TRANSACTION,RPO-GOLD_0.25Y_GLOBAL-068,True,SYNTHETIC_RFET_EVIDENCE,Synthetic transaction or committed-quote event; not an observed public closing price
GOLD_0.25Y_GLOBAL,2026-01-28,SYNTHETIC_ARM_LENGTH_TRANSACTION,RPO-GOLD_0.25Y_GLOBAL-069,True,SYNTHETIC_RFET_EVIDENCE,Synthetic transaction or committed-quote event; not an observed public closing price
GOLD_0.25Y_GLOBAL,2026-01-30,SYNTHETIC_ARM_LENGTH_TRANSACTION,RPO-GOLD_0.25Y_GLOBAL-070,True,SYNTHETIC_RFET_EVIDENCE,Synthetic transaction or committed-quote event; not an observed public closing price
GOLD_0.25Y_GLOBAL,2026-02-03,SYNTHETIC_ARM_LENGTH_TRANSACTION,RPO-GOLD_0.25Y_GLOBAL-071,True,SYNTHETIC_RFET_EVIDENCE,Synthetic transaction or committed-quote event; not an observed public closing price
GOLD_0.25Y_GLOBAL,2026-02-05,SYNTHETIC_ARM_LENGTH_TRANSACTION,RPO-GOLD_0.25Y_GLOBAL-072,True,SYNTHETIC_RFET_EVIDENCE,Synthetic transaction or committed-quote event; not an observed public closing price
GOLD_0.25Y_GLOBAL,2026-02-10,SYNTHETIC_ARM_LENGTH_TRANSACTION,RPO-GOLD_0.25Y_GLOBAL-073,True,SYNTHETIC_RFET_EVIDENCE,Synthetic transaction or committed-quote event; not an observed public closing price
GOLD_0.25Y_GLOBAL,2026-02-12,SYNTHETIC_ARM_LENGTH_TRANSACTION,RPO-GOLD_0.25Y_GLOBAL-074,True,SYNTHETIC_RFET_EVIDENCE,Synthetic transaction or committed-quote event; not an observed public closing price
GOLD_0.25Y_GLOBAL,2026-02-16,SYNTHETIC_ARM_LENGTH_TRANSACTION,RPO-GOLD_0.25Y_GLOBAL-075,True,SYNTHETIC_RFET_EVIDENCE,Synthetic transaction or committed-quote event; not an observed public closing price
GOLD_0.25Y_GLOBAL,2026-02-18,SYNTHETIC_ARM_LENGTH_TRANSACTION,RPO-GOLD_0.25Y_GLOBAL-076,True,SYNTHETIC_RFET_EVIDENCE,Synthetic transaction or committed-quote event; not an observed public closing price
GOLD_0.25Y_GLOBAL,2026-02-20,SYNTHETIC_ARM_LENGTH_TRANSACTION,RPO-GOLD_0.25Y_GLOBAL-077,True,SYNTHETIC_RFET_EVIDENCE,Synthetic transaction or committed-quote event; not an observed public closing price
GOLD_0.25Y_GLOBAL,2026-02-25,SYNTHETIC_ARM_LENGTH_TRANSACTION,RPO-GOLD_0.25Y_GLOBAL-078,True,SYNTHETIC_RFET_EVIDENCE,Synthetic transaction or committed-quote event; not an observed public closing price
GOLD_0.25Y_GLOBAL,2026-02-27,SYNTHETIC_ARM_LENGTH_TRANSACTION,RPO-GOLD_0.25Y_GLOBAL-079,True,SYNTHETIC_RFET_EVIDENCE,Synthetic transaction or committed-quote event; not an observed public closing price
GOLD_0.25Y_GLOBAL,2026-03-03,SYNTHETIC_ARM_LENGTH_TRANSACTION,RPO-GOLD_0.25Y_GLOBAL-080,True,SYNTHETIC_RFET_EVIDENCE,Synthetic transaction or committed-quote event; not an observed public closing price
GOLD_0.25Y_GLOBAL,2026-03-05,SYNTHETIC_ARM_LENGTH_TRANSACTION,RPO-GOLD_0.25Y_GLOBAL-081,True,SYNTHETIC_RFET_EVIDENCE,Synthetic transaction or committed-quote event; not an observed public closing price
GOLD_0.25Y_GLOBAL,2026-03-10,SYNTHETIC_ARM_LENGTH_TRANSACTION,RPO-GOLD_0.25Y_GLOBAL-082,True,SYNTHETIC_RFET_EVIDENCE,Synthetic transaction or committed-quote event; not an observed public closing price
GOLD_0.25Y_GLOBAL,2026-03-12,SYNTHETIC_ARM_LENGTH_TRANSACTION,RPO-GOLD_0.25Y_GLOBAL-083,True,SYNTHETIC_RFET_EVIDENCE,Synthetic transaction or committed-quote event; not an observed public closing price
GOLD_0.25Y_GLOBAL,2026-03-16,SYNTHETIC_ARM_LENGTH_TRANSACTION,RPO-GOLD_0.25Y_GLOBAL-084,True,SYNTHETIC_RFET_EVIDENCE,Synthetic transaction or committed-quote event; not an observed public closing price
GOLD_0.25Y_GLOBAL,2026-03-18,SYNTHETIC_ARM_LENGTH_TRANSACTION,RPO-GOLD_0.25Y_GLOBAL-085,True,SYNTHETIC_RFET_EVIDENCE,Synthetic transaction or committed-quote event; not an observed public closing price
GOLD_0.25Y_GLOBAL,2026-03-20,SYNTHETIC_ARM_LENGTH_TRANSACTION,RPO-GOLD_0.25Y_GLOBAL-086,True,SYNTHETIC_RFET_EVIDENCE,Synthetic transaction or committed-quote event; not an observed public closing price
GOLD_0.25Y_GLOBAL,2026-03-25,SYNTHETIC_ARM_LENGTH_TRANSACTION,RPO-GOLD_0.25Y_GLOBAL-087,True,SYNTHETIC_RFET_EVIDENCE,Synthetic transaction or committed-quote event; not an observed public closing price
GOLD_0.25Y_GLOBAL,2026-03-27,SYNTHETIC_ARM_LENGTH_TRANSACTION,RPO-GOLD_0.25Y_GLOBAL-088,True,SYNTHETIC_RFET_EVIDENCE,Synthetic transaction or committed-quote event; not an observed public closing price
GOLD_0.25Y_GLOBAL,2026-03-31,SYNTHETIC_ARM_LENGTH_TRANSACTION,RPO-GOLD_0.25Y_GLOBAL-089,True,SYNTHETIC_RFET_EVIDENCE,Synthetic transaction or committed-quote event; not an observed public closing price
GOLD_0.25Y_GLOBAL,2026-04-02,SYNTHETIC_ARM_LENGTH_TRANSACTION,RPO-GOLD_0.25Y_GLOBAL-090,True,SYNTHETIC_RFET_EVIDENCE,Synthetic transaction or committed-quote event; not an observed public closing price
GOLD_0.25Y_GLOBAL,2026-04-07,SYNTHETIC_ARM_LENGTH_TRANSACTION,RPO-GOLD_0.25Y_GLOBAL-091,True,SYNTHETIC_RFET_EVIDENCE,Synthetic transaction or committed-quote event; not an observed public closing price
GOLD_0.25Y_GLOBAL,2026-04-09,SYNTHETIC_ARM_LENGTH_TRANSACTION,RPO-GOLD_0.25Y_GLOBAL-092,True,SYNTHETIC_RFET_EVIDENCE,Synthetic transaction or committed-quote event; not an observed public closing price
GOLD_0.25Y_GLOBAL,2026-04-13,SYNTHETIC_ARM_LENGTH_TRANSACTION,RPO-GOLD_0.25Y_GLOBAL-093,True,SYNTHETIC_RFET_EVIDENCE,Synthetic transaction or committed-quote event; not an observed public closing price
GOLD_0.25Y_GLOBAL,2026-04-15,SYNTHETIC_ARM_LENGTH_TRANSACTION,RPO-GOLD_0.25Y_GLOBAL-094,True,SYNTHETIC_RFET_EVIDENCE,Synthetic transaction or committed-quote event; not an observed public closing price
GOLD_0.25Y_GLOBAL,2026-04-17,SYNTHETIC_ARM_LENGTH_TRANSACTION,RPO-GOLD_0.25Y_GLOBAL-095,True,SYNTHETIC_RFET_EVIDENCE,Synthetic transaction or committed-quote event; not an observed public closing price
GOLD_0.25Y_GLOBAL,2026-04-22,SYNTHETIC_ARM_LENGTH_TRANSACTION,RPO-GOLD_0.25Y_GLOBAL-096,True,SYNTHETIC_RFET_EVIDENCE,Synthetic transaction or committed-quote event; not an observed public closing price
GOLD_0.25Y_GLOBAL,2026-04-24,SYNTHETIC_ARM_LENGTH_TRANSACTION,RPO-GOLD_0.25Y_GLOBAL-097,True,SYNTHETIC_RFET_EVIDENCE,Synthetic transaction or committed-quote event; not an observed public closing price
GOLD_0.25Y_GLOBAL,2026-04-28,SYNTHETIC_ARM_LENGTH_TRANSACTION,RPO-GOLD_0.25Y_GLOBAL-098,True,SYNTHETIC_RFET_EVIDENCE,Synthetic transaction or committed-quote event; not an observed public closing price
GOLD_0.25Y_GLOBAL,2026-04-30,SYNTHETIC_ARM_LENGTH_TRANSACTION,RPO-GOLD_0.25Y_GLOBAL-099,True,SYNTHETIC_RFET_EVIDENCE,Synthetic transaction or committed-quote event; not an observed public closing price
GOLD_0.25Y_GLOBAL,2026-05-05,SYNTHETIC_ARM_LENGTH_TRANSACTION,RPO-GOLD_0.25Y_GLOBAL-100,True,SYNTHETIC_RFET_EVIDENCE,Synthetic transaction or committed-quote event; not an observed public closing price
GOLD_0.25Y_GLOBAL,2026-05-07,SYNTHETIC_ARM_LENGTH_TRANSACTION,RPO-GOLD_0.25Y_GLOBAL-101,True,SYNTHETIC_RFET_EVIDENCE,Synthetic transaction or committed-quote event; not an observed public closing price
GOLD_0.25Y_GLOBAL,2026-05-11,SYNTHETIC_ARM_LENGTH_TRANSACTION,RPO-GOLD_0.25Y_GLOBAL-102,True,SYNTHETIC_RFET_EVIDENCE,Synthetic transaction or committed-quote event; not an observed public closing price
GOLD_0.25Y_GLOBAL,2026-05-13,SYNTHETIC_ARM_LENGTH_TRANSACTION,RPO-GOLD_0.25Y_GLOBAL-103,True,SYNTHETIC_RFET_EVIDENCE,Synthetic transaction or committed-quote event; not an observed public closing price
GOLD_0.25Y_GLOBAL,2026-05-15,SYNTHETIC_ARM_LENGTH_TRANSACTION,RPO-GOLD_0.25Y_GLOBAL-104,True,SYNTHETIC_RFET_EVIDENCE,Synthetic transaction or committed-quote event; not an observed public closing price
GOLD_0.25Y_GLOBAL,2026-05-20,SYNTHETIC_ARM_LENGTH_TRANSACTION,RPO-GOLD_0.25Y_GLOBAL-105,True,SYNTHETIC_RFET_EVIDENCE,Synthetic transaction or committed-quote event; not an observed public closing price
GOLD_0.25Y_GLOBAL,2026-05-22,SYNTHETIC_ARM_LENGTH_TRANSACTION,RPO-GOLD_0.25Y_GLOBAL-106,True,SYNTHETIC_RFET_EVIDENCE,Synthetic transaction or committed-quote event; not an observed public closing price
GOLD_0.25Y_GLOBAL,2026-05-26,SYNTHETIC_ARM_LENGTH_TRANSACTION,RPO-GOLD_0.25Y_GLOBAL-107,True,SYNTHETIC_RFET_EVIDENCE,Synthetic transaction or committed-quote event; not an observed public closing price
GOLD_0.25Y_GLOBAL,2026-05-28,SYNTHETIC_ARM_LENGTH_TRANSACTION,RPO-GOLD_0.25Y_GLOBAL-108,True,SYNTHETIC_RFET_EVIDENCE,Synthetic transaction or committed-quote event; not an observed public closing price
GOLD_0.25Y_GLOBAL,2026-06-02,SYNTHETIC_ARM_LENGTH_TRANSACTION,RPO-GOLD_0.25Y_GLOBAL-109,True,SYNTHETIC_RFET_EVIDENCE,Synthetic transaction or committed-quote event; not an observed public closing price
GOLD_0.25Y_GLOBAL,2026-06-04,SYNTHETIC_ARM_LENGTH_TRANSACTION,RPO-GOLD_0.25Y_GLOBAL-110,True,SYNTHETIC_RFET_EVIDENCE,Synthetic transaction or committed-quote event; not an observed public closing price
GOLD_0.25Y_GLOBAL,2026-06-08,SYNTHETIC_ARM_LENGTH_TRANSACTION,RPO-GOLD_0.25Y_GLOBAL-111,True,SYNTHETIC_RFET_EVIDENCE,Synthetic transaction or committed-quote event; not an observed public closing price
GOLD_0.25Y_GLOBAL,2026-06-10,SYNTHETIC_ARM_LENGTH_TRANSACTION,RPO-GOLD_0.25Y_GLOBAL-112,True,SYNTHETIC_RFET_EVIDENCE,Synthetic transaction or committed-quote event; not an observed public closing price
GOLD_0.25Y_GLOBAL,2026-06-12,SYNTHETIC_ARM_LENGTH_TRANSACTION,RPO-GOLD_0.25Y_GLOBAL-113,True,SYNTHETIC_RFET_EVIDENCE,Synthetic transaction or committed-quote event; not an observed public closing price
GOLD_0.25Y_GLOBAL,2026-06-17,SYNTHETIC_ARM_LENGTH_TRANSACTION,RPO-GOLD_0.25Y_GLOBAL-114,True,SYNTHETIC_RFET_EVIDENCE,Synthetic transaction or committed-quote event; not an observed public closing price
GOLD_0.25Y_GLOBAL,2026-06-19,SYNTHETIC_ARM_LENGTH_TRANSACTION,RPO-GOLD_0.25Y_GLOBAL-115,True,SYNTHETIC_RFET_EVIDENCE,Synthetic transaction or committed-quote event; not an observed public closing price
GOLD_0.25Y_GLOBAL,2026-06-23,SYNTHETIC_ARM_LENGTH_TRANSACTION,RPO-GOLD_0.25Y_GLOBAL-116,True,SYNTHETIC_RFET_EVIDENCE,Synthetic transaction or committed-quote event; not an observed public closing price
GOLD_0.25Y_GLOBAL,2026-06-25,SYNTHETIC_ARM_LENGTH_TRANSACTION,RPO-GOLD_0.25Y_GLOBAL-117,True,SYNTHETIC_RFET_EVIDENCE,Synthetic transaction or committed-quote event; not an observed public closing price
GOLD_0.25Y_GLOBAL,2026-06-30,SYNTHETIC_ARM_LENGTH_TRANSACTION,RPO-GOLD_0.25Y_GLOBAL-118,True,SYNTHETIC_RFET_EVIDENCE,Synthetic transaction or committed-quote event; not an observed public closing price
GOLD_1.0Y_GLOBAL,2025-07-01,SYNTHETIC_ARM_LENGTH_TRANSACTION,RPO-GOLD_1.0Y_GLOBAL-001,True,SYNTHETIC_RFET_EVIDENCE,Synthetic transaction or committed-quote event; not an observed public closing price
GOLD_1.0Y_GLOBAL,2025-07-03,SYNTHETIC_ARM_LENGTH_TRANSACTION,RPO-GOLD_1.0Y_GLOBAL-002,True,SYNTHETIC_RFET_EVIDENCE,Synthetic transaction or committed-quote event; not an observed public closing price
GOLD_1.0Y_GLOBAL,2025-07-07,SYNTHETIC_ARM_LENGTH_TRANSACTION,RPO-GOLD_1.0Y_GLOBAL-003,True,SYNTHETIC_RFET_EVIDENCE,Synthetic transaction or committed-quote event; not an observed public closing price
GOLD_1.0Y_GLOBAL,2025-07-09,SYNTHETIC_ARM_LENGTH_TRANSACTION,RPO-GOLD_1.0Y_GLOBAL-004,True,SYNTHETIC_RFET_EVIDENCE,Synthetic transaction or committed-quote event; not an observed public closing price
GOLD_1.0Y_GLOBAL,2025-07-11,SYNTHETIC_ARM_LENGTH_TRANSACTION,RPO-GOLD_1.0Y_GLOBAL-005,True,SYNTHETIC_RFET_EVIDENCE,Synthetic transaction or committed-quote event; not an observed public closing price
GOLD_1.0Y_GLOBAL,2025-07-16,SYNTHETIC_ARM_LENGTH_TRANSACTION,RPO-GOLD_1.0Y_GLOBAL-006,True,SYNTHETIC_RFET_EVIDENCE,Synthetic transaction or committed-quote event; not an observed public closing price
GOLD_1.0Y_GLOBAL,2025-07-18,SYNTHETIC_ARM_LENGTH_TRANSACTION,RPO-GOLD_1.0Y_GLOBAL-007,True,SYNTHETIC_RFET_EVIDENCE,Synthetic transaction or committed-quote event; not an observed public closing price
GOLD_1.0Y_GLOBAL,2025-07-22,SYNTHETIC_ARM_LENGTH_TRANSACTION,RPO-GOLD_1.0Y_GLOBAL-008,True,SYNTHETIC_RFET_EVIDENCE,Synthetic transaction or committed-quote event; not an observed public closing price
GOLD_1.0Y_GLOBAL,2025-07-24,SYNTHETIC_ARM_LENGTH_TRANSACTION,RPO-GOLD_1.0Y_GLOBAL-009,True,SYNTHETIC_RFET_EVIDENCE,Synthetic transaction or committed-quote event; not an observed public closing price
GOLD_1.0Y_GLOBAL,2025-07-29,SYNTHETIC_ARM_LENGTH_TRANSACTION,RPO-GOLD_1.0Y_GLOBAL-010,True,SYNTHETIC_RFET_EVIDENCE,Synthetic transaction or committed-quote event; not an observed public closing price
GOLD_1.0Y_GLOBAL,2025-07-31,SYNTHETIC_ARM_LENGTH_TRANSACTION,RPO-GOLD_1.0Y_GLOBAL-011,True,SYNTHETIC_RFET_EVIDENCE,Synthetic transaction or committed-quote event; not an observed public closing price
GOLD_1.0Y_GLOBAL,2025-08-04,SYNTHETIC_ARM_LENGTH_TRANSACTION,RPO-GOLD_1.0Y_GLOBAL-012,True,SYNTHETIC_RFET_EVIDENCE,Synthetic transaction or committed-quote event; not an observed public closing price
GOLD_1.0Y_GLOBAL,2025-08-06,SYNTHETIC_ARM_LENGTH_TRANSACTION,RPO-GOLD_1.0Y_GLOBAL-013,True,SYNTHETIC_RFET_EVIDENCE,Synthetic transaction or committed-quote event; not an observed public closing price
GOLD_1.0Y_GLOBAL,2025-08-08,SYNTHETIC_ARM_LENGTH_TRANSACTION,RPO-GOLD_1.0Y_GLOBAL-014,True,SYNTHETIC_RFET_EVIDENCE,Synthetic transaction or committed-quote event; not an observed public closing price
GOLD_1.0Y_GLOBAL,2025-08-13,SYNTHETIC_ARM_LENGTH_TRANSACTION,RPO-GOLD_1.0Y_GLOBAL-015,True,SYNTHETIC_RFET_EVIDENCE,Synthetic transaction or committed-quote event; not an observed public closing price
GOLD_1.0Y_GLOBAL,2025-08-15,SYNTHETIC_ARM_LENGTH_TRANSACTION,RPO-GOLD_1.0Y_GLOBAL-016,True,SYNTHETIC_RFET_EVIDENCE,Synthetic transaction or committed-quote event; not an observed public closing price
GOLD_1.0Y_GLOBAL,2025-08-19,SYNTHETIC_ARM_LENGTH_TRANSACTION,RPO-GOLD_1.0Y_GLOBAL-017,True,SYNTHETIC_RFET_EVIDENCE,Synthetic transaction or committed-quote event; not an observed public closing price
GOLD_1.0Y_GLOBAL,2025-08-21,SYNTHETIC_ARM_LENGTH_TRANSACTION,RPO-GOLD_1.0Y_GLOBAL-018,True,SYNTHETIC_RFET_EVIDENCE,Synthetic transaction or committed-quote event; not an observed public closing price
GOLD_1.0Y_GLOBAL,2025-08-26,SYNTHETIC_ARM_LENGTH_TRANSACTION,RPO-GOLD_1.0Y_GLOBAL-019,True,SYNTHETIC_RFET_EVIDENCE,Synthetic transaction or committed-quote event; not an observed public closing price
GOLD_1.0Y_GLOBAL,2025-08-28,SYNTHETIC_ARM_LENGTH_TRANSACTION,RPO-GOLD_1.0Y_GLOBAL-020,True,SYNTHETIC_RFET_EVIDENCE,Synthetic transaction or committed-quote event; not an observed public closing price
GOLD_1.0Y_GLOBAL,2025-09-01,SYNTHETIC_ARM_LENGTH_TRANSACTION,RPO-GOLD_1.0Y_GLOBAL-021,True,SYNTHETIC_RFET_EVIDENCE,Synthetic transaction or committed-quote event; not an observed public closing price
GOLD_1.0Y_GLOBAL,2025-09-03,SYNTHETIC_ARM_LENGTH_TRANSACTION,RPO-GOLD_1.0Y_GLOBAL-022,True,SYNTHETIC_RFET_EVIDENCE,Synthetic transaction or committed-quote event; not an observed public closing price
GOLD_1.0Y_GLOBAL,2025-09-05,SYNTHETIC_ARM_LENGTH_TRANSACTION,RPO-GOLD_1.0Y_GLOBAL-023,True,SYNTHETIC_RFET_EVIDENCE,Synthetic transaction or committed-quote event; not an observed public closing price
GOLD_1.0Y_GLOBAL,2025-09-10,SYNTHETIC_ARM_LENGTH_TRANSACTION,RPO-GOLD_1.0Y_GLOBAL-024,True,SYNTHETIC_RFET_EVIDENCE,Synthetic transaction or committed-quote event; not an observed public closing price
GOLD_1.0Y_GLOBAL,2025-09-12,SYNTHETIC_ARM_LENGTH_TRANSACTION,RPO-GOLD_1.0Y_GLOBAL-025,True,SYNTHETIC_RFET_EVIDENCE,Synthetic transaction or committed-quote event; not an observed public closing price
GOLD_1.0Y_GLOBAL,2025-09-16,SYNTHETIC_ARM_LENGTH_TRANSACTION,RPO-GOLD_1.0Y_GLOBAL-026,True,SYNTHETIC_RFET_EVIDENCE,Synthetic transaction or committed-quote event; not an observed public closing price
GOLD_1.0Y_GLOBAL,2025-09-18,SYNTHETIC_ARM_LENGTH_TRANSACTION,RPO-GOLD_1.0Y_GLOBAL-027,True,SYNTHETIC_RFET_EVIDENCE,Synthetic transaction or committed-quote event; not an observed public closing price
GOLD_1.0Y_GLOBAL,2025-09-23,SYNTHETIC_ARM_LENGTH_TRANSACTION,RPO-GOLD_1.0Y_GLOBAL-028,True,SYNTHETIC_RFET_EVIDENCE,Synthetic transaction or committed-quote event; not an observed public closing price
GOLD_1.0Y_GLOBAL,2025-09-25,SYNTHETIC_ARM_LENGTH_TRANSACTION,RPO-GOLD_1.0Y_GLOBAL-029,True,SYNTHETIC_RFET_EVIDENCE,Synthetic transaction or committed-quote event; not an observed public closing price
GOLD_1.0Y_GLOBAL,2025-09-29,SYNTHETIC_ARM_LENGTH_TRANSACTION,RPO-GOLD_1.0Y_GLOBAL-030,True,SYNTHETIC_RFET_EVIDENCE,Synthetic transaction or committed-quote event; not an observed public closing price
GOLD_1.0Y_GLOBAL,2025-10-01,SYNTHETIC_ARM_LENGTH_TRANSACTION,RPO-GOLD_1.0Y_GLOBAL-031,True,SYNTHETIC_RFET_EVIDENCE,Synthetic transaction or committed-quote event; not an observed public closing price
GOLD_1.0Y_GLOBAL,2025-10-03,SYNTHETIC_ARM_LENGTH_TRANSACTION,RPO-GOLD_1.0Y_GLOBAL-032,True,SYNTHETIC_RFET_EVIDENCE,Synthetic transaction or committed-quote event; not an observed public closing price
GOLD_1.0Y_GLOBAL,2025-10-08,SYNTHETIC_ARM_LENGTH_TRANSACTION,RPO-GOLD_1.0Y_GLOBAL-033,True,SYNTHETIC_RFET_EVIDENCE,Synthetic transaction or committed-quote event; not an observed public closing price
GOLD_1.0Y_GLOBAL,2025-10-10,SYNTHETIC_ARM_LENGTH_TRANSACTION,RPO-GOLD_1.0Y_GLOBAL-034,True,SYNTHETIC_RFET_EVIDENCE,Synthetic transaction or committed-quote event; not an observed public closing price
GOLD_1.0Y_GLOBAL,2025-10-14,SYNTHETIC_ARM_LENGTH_TRANSACTION,RPO-GOLD_1.0Y_GLOBAL-035,True,SYNTHETIC_RFET_EVIDENCE,Synthetic transaction or committed-quote event; not an observed public closing price
GOLD_1.0Y_GLOBAL,2025-10-16,SYNTHETIC_ARM_LENGTH_TRANSACTION,RPO-GOLD_1.0Y_GLOBAL-036,True,SYNTHETIC_RFET_EVIDENCE,Synthetic transaction or committed-quote event; not an observed public closing price
GOLD_1.0Y_GLOBAL,2025-10-21,SYNTHETIC_ARM_LENGTH_TRANSACTION,RPO-GOLD_1.0Y_GLOBAL-037,True,SYNTHETIC_RFET_EVIDENCE,Synthetic transaction or committed-quote event; not an observed public closing price
GOLD_1.0Y_GLOBAL,2025-10-23,SYNTHETIC_ARM_LENGTH_TRANSACTION,RPO-GOLD_1.0Y_GLOBAL-038,True,SYNTHETIC_RFET_EVIDENCE,Synthetic transaction or committed-quote event; not an observed public closing price
GOLD_1.0Y_GLOBAL,2025-10-27,SYNTHETIC_ARM_LENGTH_TRANSACTION,RPO-GOLD_1.0Y_GLOBAL-039,True,SYNTHETIC_RFET_EVIDENCE,Synthetic transaction or committed-quote event; not an observed public closing price
GOLD_1.0Y_GLOBAL,2025-10-29,SYNTHETIC_ARM_LENGTH_TRANSACTION,RPO-GOLD_1.0Y_GLOBAL-040,True,SYNTHETIC_RFET_EVIDENCE,Synthetic transaction or committed-quote event; not an observed public closing price
GOLD_1.0Y_GLOBAL,2025-10-31,SYNTHETIC_ARM_LENGTH_TRANSACTION,RPO-GOLD_1.0Y_GLOBAL-041,True,SYNTHETIC_RFET_EVIDENCE,Synthetic transaction or committed-quote event; not an observed public closing price
GOLD_1.0Y_GLOBAL,2025-11-05,SYNTHETIC_ARM_LENGTH_TRANSACTION,RPO-GOLD_1.0Y_GLOBAL-042,True,SYNTHETIC_RFET_EVIDENCE,Synthetic transaction or committed-quote event; not an observed public closing price
GOLD_1.0Y_GLOBAL,2025-11-07,SYNTHETIC_ARM_LENGTH_TRANSACTION,RPO-GOLD_1.0Y_GLOBAL-043,True,SYNTHETIC_RFET_EVIDENCE,Synthetic transaction or committed-quote event; not an observed public closing price
GOLD_1.0Y_GLOBAL,2025-11-11,SYNTHETIC_ARM_LENGTH_TRANSACTION,RPO-GOLD_1.0Y_GLOBAL-044,True,SYNTHETIC_RFET_EVIDENCE,Synthetic transaction or committed-quote event; not an observed public closing price
GOLD_1.0Y_GLOBAL,2025-11-13,SYNTHETIC_ARM_LENGTH_TRANSACTION,RPO-GOLD_1.0Y_GLOBAL-045,True,SYNTHETIC_RFET_EVIDENCE,Synthetic transaction or committed-quote event; not an observed public closing price
GOLD_1.0Y_GLOBAL,2025-11-18,SYNTHETIC_ARM_LENGTH_TRANSACTION,RPO-GOLD_1.0Y_GLOBAL-046,True,SYNTHETIC_RFET_EVIDENCE,Synthetic transaction or committed-quote event; not an observed public closing price
GOLD_1.0Y_GLOBAL,2025-11-20,SYNTHETIC_ARM_LENGTH_TRANSACTION,RPO-GOLD_1.0Y_GLOBAL-047,True,SYNTHETIC_RFET_EVIDENCE,Synthetic transaction or committed-quote event; not an observed public closing price
GOLD_1.0Y_GLOBAL,2025-11-24,SYNTHETIC_ARM_LENGTH_TRANSACTION,RPO-GOLD_1.0Y_GLOBAL-048,True,SYNTHETIC_RFET_EVIDENCE,Synthetic transaction or committed-quote event; not an observed public closing price
GOLD_1.0Y_GLOBAL,2025-11-26,SYNTHETIC_ARM_LENGTH_TRANSACTION,RPO-GOLD_1.0Y_GLOBAL-049,True,SYNTHETIC_RFET_EVIDENCE,Synthetic transaction or committed-quote event; not an observed public closing price
GOLD_1.0Y_GLOBAL,2025-11-28,SYNTHETIC_ARM_LENGTH_TRANSACTION,RPO-GOLD_1.0Y_GLOBAL-050,True,SYNTHETIC_RFET_EVIDENCE,Synthetic transaction or committed-quote event; not an observed public closing price
GOLD_1.0Y_GLOBAL,2025-12-03,SYNTHETIC_ARM_LENGTH_TRANSACTION,RPO-GOLD_1.0Y_GLOBAL-051,True,SYNTHETIC_RFET_EVIDENCE,Synthetic transaction or committed-quote event; not an observed public closing price
GOLD_1.0Y_GLOBAL,2025-12-05,SYNTHETIC_ARM_LENGTH_TRANSACTION,RPO-GOLD_1.0Y_GLOBAL-052,True,SYNTHETIC_RFET_EVIDENCE,Synthetic transaction or committed-quote event; not an observed public closing price
GOLD_1.0Y_GLOBAL,2025-12-09,SYNTHETIC_ARM_LENGTH_TRANSACTION,RPO-GOLD_1.0Y_GLOBAL-053,True,SYNTHETIC_RFET_EVIDENCE,Synthetic transaction or committed-quote event; not an observed public closing price
GOLD_1.0Y_GLOBAL,2025-12-11,SYNTHETIC_ARM_LENGTH_TRANSACTION,RPO-GOLD_1.0Y_GLOBAL-054,True,SYNTHETIC_RFET_EVIDENCE,Synthetic transaction or committed-quote event; not an observed public closing price
GOLD_1.0Y_GLOBAL,2025-12-16,SYNTHETIC_ARM_LENGTH_TRANSACTION,RPO-GOLD_1.0Y_GLOBAL-055,True,SYNTHETIC_RFET_EVIDENCE,Synthetic transaction or committed-quote event; not an observed public closing price
GOLD_1.0Y_GLOBAL,2025-12-18,SYNTHETIC_ARM_LENGTH_TRANSACTION,RPO-GOLD_1.0Y_GLOBAL-056,True,SYNTHETIC_RFET_EVIDENCE,Synthetic transaction or committed-quote event; not an observed public closing price
GOLD_1.0Y_GLOBAL,2025-12-22,SYNTHETIC_ARM_LENGTH_TRANSACTION,RPO-GOLD_1.0Y_GLOBAL-057,True,SYNTHETIC_RFET_EVIDENCE,Synthetic transaction or committed-quote event; not an observed public closing price
GOLD_1.0Y_GLOBAL,2025-12-24,SYNTHETIC_ARM_LENGTH_TRANSACTION,RPO-GOLD_1.0Y_GLOBAL-058,True,SYNTHETIC_RFET_EVIDENCE,Synthetic transaction or committed-quote event; not an observed public closing price
GOLD_1.0Y_GLOBAL,2025-12-26,SYNTHETIC_ARM_LENGTH_TRANSACTION,RPO-GOLD_1.0Y_GLOBAL-059,True,SYNTHETIC_RFET_EVIDENCE,Synthetic transaction or committed-quote event; not an observed public closing price
GOLD_1.0Y_GLOBAL,2025-12-31,SYNTHETIC_ARM_LENGTH_TRANSACTION,RPO-GOLD_1.0Y_GLOBAL-060,True,SYNTHETIC_RFET_EVIDENCE,Synthetic transaction or committed-quote event; not an observed public closing price
GOLD_1.0Y_GLOBAL,2026-01-02,SYNTHETIC_ARM_LENGTH_TRANSACTION,RPO-GOLD_1.0Y_GLOBAL-061,True,SYNTHETIC_RFET_EVIDENCE,Synthetic transaction or committed-quote event; not an observed public closing price
GOLD_1.0Y_GLOBAL,2026-01-06,SYNTHETIC_ARM_LENGTH_TRANSACTION,RPO-GOLD_1.0Y_GLOBAL-062,True,SYNTHETIC_RFET_EVIDENCE,Synthetic transaction or committed-quote event; not an observed public closing price
GOLD_1.0Y_GLOBAL,2026-01-08,SYNTHETIC_ARM_LENGTH_TRANSACTION,RPO-GOLD_1.0Y_GLOBAL-063,True,SYNTHETIC_RFET_EVIDENCE,Synthetic transaction or committed-quote event; not an observed public closing price
GOLD_1.0Y_GLOBAL,2026-01-13,SYNTHETIC_ARM_LENGTH_TRANSACTION,RPO-GOLD_1.0Y_GLOBAL-064,True,SYNTHETIC_RFET_EVIDENCE,Synthetic transaction or committed-quote event; not an observed public closing price
GOLD_1.0Y_GLOBAL,2026-01-15,SYNTHETIC_ARM_LENGTH_TRANSACTION,RPO-GOLD_1.0Y_GLOBAL-065,True,SYNTHETIC_RFET_EVIDENCE,Synthetic transaction or committed-quote event; not an observed public closing price
GOLD_1.0Y_GLOBAL,2026-01-19,SYNTHETIC_ARM_LENGTH_TRANSACTION,RPO-GOLD_1.0Y_GLOBAL-066,True,SYNTHETIC_RFET_EVIDENCE,Synthetic transaction or committed-quote event; not an observed public closing price
GOLD_1.0Y_GLOBAL,2026-01-21,SYNTHETIC_ARM_LENGTH_TRANSACTION,RPO-GOLD_1.0Y_GLOBAL-067,True,SYNTHETIC_RFET_EVIDENCE,Synthetic transaction or committed-quote event; not an observed public closing price
GOLD_1.0Y_GLOBAL,2026-01-23,SYNTHETIC_ARM_LENGTH_TRANSACTION,RPO-GOLD_1.0Y_GLOBAL-068,True,SYNTHETIC_RFET_EVIDENCE,Synthetic transaction or committed-quote event; not an observed public closing price
GOLD_1.0Y_GLOBAL,2026-01-28,SYNTHETIC_ARM_LENGTH_TRANSACTION,RPO-GOLD_1.0Y_GLOBAL-069,True,SYNTHETIC_RFET_EVIDENCE,Synthetic transaction or committed-quote event; not an observed public closing price
GOLD_1.0Y_GLOBAL,2026-01-30,SYNTHETIC_ARM_LENGTH_TRANSACTION,RPO-GOLD_1.0Y_GLOBAL-070,True,SYNTHETIC_RFET_EVIDENCE,Synthetic transaction or committed-quote event; not an observed public closing price
GOLD_1.0Y_GLOBAL,2026-02-03,SYNTHETIC_ARM_LENGTH_TRANSACTION,RPO-GOLD_1.0Y_GLOBAL-071,True,SYNTHETIC_RFET_EVIDENCE,Synthetic transaction or committed-quote event; not an observed public closing price
GOLD_1.0Y_GLOBAL,2026-02-05,SYNTHETIC_ARM_LENGTH_TRANSACTION,RPO-GOLD_1.0Y_GLOBAL-072,True,SYNTHETIC_RFET_EVIDENCE,Synthetic transaction or committed-quote event; not an observed public closing price
GOLD_1.0Y_GLOBAL,2026-02-10,SYNTHETIC_ARM_LENGTH_TRANSACTION,RPO-GOLD_1.0Y_GLOBAL-073,True,SYNTHETIC_RFET_EVIDENCE,Synthetic transaction or committed-quote event; not an observed public closing price
GOLD_1.0Y_GLOBAL,2026-02-12,SYNTHETIC_ARM_LENGTH_TRANSACTION,RPO-GOLD_1.0Y_GLOBAL-074,True,SYNTHETIC_RFET_EVIDENCE,Synthetic transaction or committed-quote event; not an observed public closing price
GOLD_1.0Y_GLOBAL,2026-02-16,SYNTHETIC_ARM_LENGTH_TRANSACTION,RPO-GOLD_1.0Y_GLOBAL-075,True,SYNTHETIC_RFET_EVIDENCE,Synthetic transaction or committed-quote event; not an observed public closing price
GOLD_1.0Y_GLOBAL,2026-02-18,SYNTHETIC_ARM_LENGTH_TRANSACTION,RPO-GOLD_1.0Y_GLOBAL-076,True,SYNTHETIC_RFET_EVIDENCE,Synthetic transaction or committed-quote event; not an observed public closing price
GOLD_1.0Y_GLOBAL,2026-02-20,SYNTHETIC_ARM_LENGTH_TRANSACTION,RPO-GOLD_1.0Y_GLOBAL-077,True,SYNTHETIC_RFET_EVIDENCE,Synthetic transaction or committed-quote event; not an observed public closing price
GOLD_1.0Y_GLOBAL,2026-02-25,SYNTHETIC_ARM_LENGTH_TRANSACTION,RPO-GOLD_1.0Y_GLOBAL-078,True,SYNTHETIC_RFET_EVIDENCE,Synthetic transaction or committed-quote event; not an observed public closing price
GOLD_1.0Y_GLOBAL,2026-02-27,SYNTHETIC_ARM_LENGTH_TRANSACTION,RPO-GOLD_1.0Y_GLOBAL-079,True,SYNTHETIC_RFET_EVIDENCE,Synthetic transaction or committed-quote event; not an observed public closing price
GOLD_1.0Y_GLOBAL,2026-03-03,SYNTHETIC_ARM_LENGTH_TRANSACTION,RPO-GOLD_1.0Y_GLOBAL-080,True,SYNTHETIC_RFET_EVIDENCE,Synthetic transaction or committed-quote event; not an observed public closing price
GOLD_1.0Y_GLOBAL,2026-03-05,SYNTHETIC_ARM_LENGTH_TRANSACTION,RPO-GOLD_1.0Y_GLOBAL-081,True,SYNTHETIC_RFET_EVIDENCE,Synthetic transaction or committed-quote event; not an observed public closing price
GOLD_1.0Y_GLOBAL,2026-03-10,SYNTHETIC_ARM_LENGTH_TRANSACTION,RPO-GOLD_1.0Y_GLOBAL-082,True,SYNTHETIC_RFET_EVIDENCE,Synthetic transaction or committed-quote event; not an observed public closing price
GOLD_1.0Y_GLOBAL,2026-03-12,SYNTHETIC_ARM_LENGTH_TRANSACTION,RPO-GOLD_1.0Y_GLOBAL-083,True,SYNTHETIC_RFET_EVIDENCE,Synthetic transaction or committed-quote event; not an observed public closing price
GOLD_1.0Y_GLOBAL,2026-03-16,SYNTHETIC_ARM_LENGTH_TRANSACTION,RPO-GOLD_1.0Y_GLOBAL-084,True,SYNTHETIC_RFET_EVIDENCE,Synthetic transaction or committed-quote event; not an observed public closing price
GOLD_1.0Y_GLOBAL,2026-03-18,SYNTHETIC_ARM_LENGTH_TRANSACTION,RPO-GOLD_1.0Y_GLOBAL-085,True,SYNTHETIC_RFET_EVIDENCE,Synthetic transaction or committed-quote event; not an observed public closing price
GOLD_1.0Y_GLOBAL,2026-03-20,SYNTHETIC_ARM_LENGTH_TRANSACTION,RPO-GOLD_1.0Y_GLOBAL-086,True,SYNTHETIC_RFET_EVIDENCE,Synthetic transaction or committed-quote event; not an observed public closing price
GOLD_1.0Y_GLOBAL,2026-03-25,SYNTHETIC_ARM_LENGTH_TRANSACTION,RPO-GOLD_1.0Y_GLOBAL-087,True,SYNTHETIC_RFET_EVIDENCE,Synthetic transaction or committed-quote event; not an observed public closing price
GOLD_1.0Y_GLOBAL,2026-03-27,SYNTHETIC_ARM_LENGTH_TRANSACTION,RPO-GOLD_1.0Y_GLOBAL-088,True,SYNTHETIC_RFET_EVIDENCE,Synthetic transaction or committed-quote event; not an observed public closing price
GOLD_1.0Y_GLOBAL,2026-03-31,SYNTHETIC_ARM_LENGTH_TRANSACTION,RPO-GOLD_1.0Y_GLOBAL-089,True,SYNTHETIC_RFET_EVIDENCE,Synthetic transaction or committed-quote event; not an observed public closing price
GOLD_1.0Y_GLOBAL,2026-04-02,SYNTHETIC_ARM_LENGTH_TRANSACTION,RPO-GOLD_1.0Y_GLOBAL-090,True,SYNTHETIC_RFET_EVIDENCE,Synthetic transaction or committed-quote event; not an observed public closing price
GOLD_1.0Y_GLOBAL,2026-04-07,SYNTHETIC_ARM_LENGTH_TRANSACTION,RPO-GOLD_1.0Y_GLOBAL-091,True,SYNTHETIC_RFET_EVIDENCE,Synthetic transaction or committed-quote event; not an observed public closing price
GOLD_1.0Y_GLOBAL,2026-04-09,SYNTHETIC_ARM_LENGTH_TRANSACTION,RPO-GOLD_1.0Y_GLOBAL-092,True,SYNTHETIC_RFET_EVIDENCE,Synthetic transaction or committed-quote event; not an observed public closing price
GOLD_1.0Y_GLOBAL,2026-04-13,SYNTHETIC_ARM_LENGTH_TRANSACTION,RPO-GOLD_1.0Y_GLOBAL-093,True,SYNTHETIC_RFET_EVIDENCE,Synthetic transaction or committed-quote event; not an observed public closing price
GOLD_1.0Y_GLOBAL,2026-04-15,SYNTHETIC_ARM_LENGTH_TRANSACTION,RPO-GOLD_1.0Y_GLOBAL-094,True,SYNTHETIC_RFET_EVIDENCE,Synthetic transaction or committed-quote event; not an observed public closing price
GOLD_1.0Y_GLOBAL,2026-04-17,SYNTHETIC_ARM_LENGTH_TRANSACTION,RPO-GOLD_1.0Y_GLOBAL-095,True,SYNTHETIC_RFET_EVIDENCE,Synthetic transaction or committed-quote event; not an observed public closing price
GOLD_1.0Y_GLOBAL,2026-04-22,SYNTHETIC_ARM_LENGTH_TRANSACTION,RPO-GOLD_1.0Y_GLOBAL-096,True,SYNTHETIC_RFET_EVIDENCE,Synthetic transaction or committed-quote event; not an observed public closing price
GOLD_1.0Y_GLOBAL,2026-04-24,SYNTHETIC_ARM_LENGTH_TRANSACTION,RPO-GOLD_1.0Y_GLOBAL-097,True,SYNTHETIC_RFET_EVIDENCE,Synthetic transaction or committed-quote event; not an observed public closing price
GOLD_1.0Y_GLOBAL,2026-04-28,SYNTHETIC_ARM_LENGTH_TRANSACTION,RPO-GOLD_1.0Y_GLOBAL-098,True,SYNTHETIC_RFET_EVIDENCE,Synthetic transaction or committed-quote event; not an observed public closing price
GOLD_1.0Y_GLOBAL,2026-04-30,SYNTHETIC_ARM_LENGTH_TRANSACTION,RPO-GOLD_1.0Y_GLOBAL-099,True,SYNTHETIC_RFET_EVIDENCE,Synthetic transaction or committed-quote event; not an observed public closing price
GOLD_1.0Y_GLOBAL,2026-05-05,SYNTHETIC_ARM_LENGTH_TRANSACTION,RPO-GOLD_1.0Y_GLOBAL-100,True,SYNTHETIC_RFET_EVIDENCE,Synthetic transaction or committed-quote event; not an observed public closing price
GOLD_1.0Y_GLOBAL,2026-05-07,SYNTHETIC_ARM_LENGTH_TRANSACTION,RPO-GOLD_1.0Y_GLOBAL-101,True,SYNTHETIC_RFET_EVIDENCE,Synthetic transaction or committed-quote event; not an observed public closing price
GOLD_1.0Y_GLOBAL,2026-05-11,SYNTHETIC_ARM_LENGTH_TRANSACTION,RPO-GOLD_1.0Y_GLOBAL-102,True,SYNTHETIC_RFET_EVIDENCE,Synthetic transaction or committed-quote event; not an observed public closing price
GOLD_1.0Y_GLOBAL,2026-05-13,SYNTHETIC_ARM_LENGTH_TRANSACTION,RPO-GOLD_1.0Y_GLOBAL-103,True,SYNTHETIC_RFET_EVIDENCE,Synthetic transaction or committed-quote event; not an observed public closing price
GOLD_1.0Y_GLOBAL,2026-05-15,SYNTHETIC_ARM_LENGTH_TRANSACTION,RPO-GOLD_1.0Y_GLOBAL-104,True,SYNTHETIC_RFET_EVIDENCE,Synthetic transaction or committed-quote event; not an observed public closing price
GOLD_1.0Y_GLOBAL,2026-05-20,SYNTHETIC_ARM_LENGTH_TRANSACTION,RPO-GOLD_1.0Y_GLOBAL-105,True,SYNTHETIC_RFET_EVIDENCE,Synthetic transaction or committed-quote event; not an observed public closing price
GOLD_1.0Y_GLOBAL,2026-05-22,SYNTHETIC_ARM_LENGTH_TRANSACTION,RPO-GOLD_1.0Y_GLOBAL-106,True,SYNTHETIC_RFET_EVIDENCE,Synthetic transaction or committed-quote event; not an observed public closing price
GOLD_1.0Y_GLOBAL,2026-05-26,SYNTHETIC_ARM_LENGTH_TRANSACTION,RPO-GOLD_1.0Y_GLOBAL-107,True,SYNTHETIC_RFET_EVIDENCE,Synthetic transaction or committed-quote event; not an observed public closing price
GOLD_1.0Y_GLOBAL,2026-05-28,SYNTHETIC_ARM_LENGTH_TRANSACTION,RPO-GOLD_1.0Y_GLOBAL-108,True,SYNTHETIC_RFET_EVIDENCE,Synthetic transaction or committed-quote event; not an observed public closing price
GOLD_1.0Y_GLOBAL,2026-06-02,SYNTHETIC_ARM_LENGTH_TRANSACTION,RPO-GOLD_1.0Y_GLOBAL-109,True,SYNTHETIC_RFET_EVIDENCE,Synthetic transaction or committed-quote event; not an observed public closing price
GOLD_1.0Y_GLOBAL,2026-06-04,SYNTHETIC_ARM_LENGTH_TRANSACTION,RPO-GOLD_1.0Y_GLOBAL-110,True,SYNTHETIC_RFET_EVIDENCE,Synthetic transaction or committed-quote event; not an observed public closing price
GOLD_1.0Y_GLOBAL,2026-06-08,SYNTHETIC_ARM_LENGTH_TRANSACTION,RPO-GOLD_1.0Y_GLOBAL-111,True,SYNTHETIC_RFET_EVIDENCE,Synthetic transaction or committed-quote event; not an observed public closing price
GOLD_1.0Y_GLOBAL,2026-06-10,SYNTHETIC_ARM_LENGTH_TRANSACTION,RPO-GOLD_1.0Y_GLOBAL-112,True,SYNTHETIC_RFET_EVIDENCE,Synthetic transaction or committed-quote event; not an observed public closing price
GOLD_1.0Y_GLOBAL,2026-06-12,SYNTHETIC_ARM_LENGTH_TRANSACTION,RPO-GOLD_1.0Y_GLOBAL-113,True,SYNTHETIC_RFET_EVIDENCE,Synthetic transaction or committed-quote event; not an observed public closing price
GOLD_1.0Y_GLOBAL,2026-06-17,SYNTHETIC_ARM_LENGTH_TRANSACTION,RPO-GOLD_1.0Y_GLOBAL-114,True,SYNTHETIC_RFET_EVIDENCE,Synthetic transaction or committed-quote event; not an observed public closing price
GOLD_1.0Y_GLOBAL,2026-06-19,SYNTHETIC_ARM_LENGTH_TRANSACTION,RPO-GOLD_1.0Y_GLOBAL-115,True,SYNTHETIC_RFET_EVIDENCE,Synthetic transaction or committed-quote event; not an observed public closing price
GOLD_1.0Y_GLOBAL,2026-06-23,SYNTHETIC_ARM_LENGTH_TRANSACTION,RPO-GOLD_1.0Y_GLOBAL-116,True,SYNTHETIC_RFET_EVIDENCE,Synthetic transaction or committed-quote event; not an observed public closing price
GOLD_1.0Y_GLOBAL,2026-06-25,SYNTHETIC_ARM_LENGTH_TRANSACTION,RPO-GOLD_1.0Y_GLOBAL-117,True,SYNTHETIC_RFET_EVIDENCE,Synthetic transaction or committed-quote event; not an observed public closing price
GOLD_1.0Y_GLOBAL,2026-06-30,SYNTHETIC_ARM_LENGTH_TRANSACTION,RPO-GOLD_1.0Y_GLOBAL-118,True,SYNTHETIC_RFET_EVIDENCE,Synthetic transaction or committed-quote event; not an observed public closing price
GOLD_VOL_1.0Y,2025-07-01,SYNTHETIC_COMMITTED_QUOTE,RPO-GOLD_VOL_1.0Y-001,True,SYNTHETIC_RFET_EVIDENCE,Synthetic transaction or committed-quote event; not an observed public closing price
GOLD_VOL_1.0Y,2025-07-11,SYNTHETIC_COMMITTED_QUOTE,RPO-GOLD_VOL_1.0Y-002,True,SYNTHETIC_RFET_EVIDENCE,Synthetic transaction or committed-quote event; not an observed public closing price
GOLD_VOL_1.0Y,2025-07-23,SYNTHETIC_COMMITTED_QUOTE,RPO-GOLD_VOL_1.0Y-003,True,SYNTHETIC_RFET_EVIDENCE,Synthetic transaction or committed-quote event; not an observed public closing price
GOLD_VOL_1.0Y,2025-08-05,SYNTHETIC_COMMITTED_QUOTE,RPO-GOLD_VOL_1.0Y-004,True,SYNTHETIC_RFET_EVIDENCE,Synthetic transaction or committed-quote event; not an observed public closing price
GOLD_VOL_1.0Y,2025-08-15,SYNTHETIC_COMMITTED_QUOTE,RPO-GOLD_VOL_1.0Y-005,True,SYNTHETIC_RFET_EVIDENCE,Synthetic transaction or committed-quote event; not an observed public closing price
GOLD_VOL_1.0Y,2025-08-27,SYNTHETIC_COMMITTED_QUOTE,RPO-GOLD_VOL_1.0Y-006,True,SYNTHETIC_RFET_EVIDENCE,Synthetic transaction or committed-quote event; not an observed public closing price
GOLD_VOL_1.0Y,2025-09-09,SYNTHETIC_COMMITTED_QUOTE,RPO-GOLD_VOL_1.0Y-007,True,SYNTHETIC_RFET_EVIDENCE,Synthetic transaction or committed-quote event; not an observed public closing price
GOLD_VOL_1.0Y,2025-09-19,SYNTHETIC_COMMITTED_QUOTE,RPO-GOLD_VOL_1.0Y-008,True,SYNTHETIC_RFET_EVIDENCE,Synthetic transaction or committed-quote event; not an observed public closing price
GOLD_VOL_1.0Y,2025-10-02,SYNTHETIC_COMMITTED_QUOTE,RPO-GOLD_VOL_1.0Y-009,True,SYNTHETIC_RFET_EVIDENCE,Synthetic transaction or committed-quote event; not an observed public closing price
GOLD_VOL_1.0Y,2025-10-14,SYNTHETIC_COMMITTED_QUOTE,RPO-GOLD_VOL_1.0Y-010,True,SYNTHETIC_RFET_EVIDENCE,Synthetic transaction or committed-quote event; not an observed public closing price
GOLD_VOL_1.0Y,2025-10-24,SYNTHETIC_COMMITTED_QUOTE,RPO-GOLD_VOL_1.0Y-011,True,SYNTHETIC_RFET_EVIDENCE,Synthetic transaction or committed-quote event; not an observed public closing price
GOLD_VOL_1.0Y,2025-11-06,SYNTHETIC_COMMITTED_QUOTE,RPO-GOLD_VOL_1.0Y-012,True,SYNTHETIC_RFET_EVIDENCE,Synthetic transaction or committed-quote event; not an observed public closing price
GOLD_VOL_1.0Y,2025-11-18,SYNTHETIC_COMMITTED_QUOTE,RPO-GOLD_VOL_1.0Y-013,True,SYNTHETIC_RFET_EVIDENCE,Synthetic transaction or committed-quote event; not an observed public closing price
GOLD_VOL_1.0Y,2025-12-01,SYNTHETIC_COMMITTED_QUOTE,RPO-GOLD_VOL_1.0Y-014,True,SYNTHETIC_RFET_EVIDENCE,Synthetic transaction or committed-quote event; not an observed public closing price
GOLD_VOL_1.0Y,2025-12-11,SYNTHETIC_COMMITTED_QUOTE,RPO-GOLD_VOL_1.0Y-015,True,SYNTHETIC_RFET_EVIDENCE,Synthetic transaction or committed-quote event; not an observed public closing price
GOLD_VOL_1.0Y,2025-12-23,SYNTHETIC_COMMITTED_QUOTE,RPO-GOLD_VOL_1.0Y-016,True,SYNTHETIC_RFET_EVIDENCE,Synthetic transaction or committed-quote event; not an observed public closing price
GOLD_VOL_1.0Y,2026-01-05,SYNTHETIC_COMMITTED_QUOTE,RPO-GOLD_VOL_1.0Y-017,True,SYNTHETIC_RFET_EVIDENCE,Synthetic transaction or committed-quote event; not an observed public closing price
GOLD_VOL_1.0Y,2026-01-15,SYNTHETIC_COMMITTED_QUOTE,RPO-GOLD_VOL_1.0Y-018,True,SYNTHETIC_RFET_EVIDENCE,Synthetic transaction or committed-quote event; not an observed public closing price
GOLD_VOL_1.0Y,2026-01-27,SYNTHETIC_COMMITTED_QUOTE,RPO-GOLD_VOL_1.0Y-019,True,SYNTHETIC_RFET_EVIDENCE,Synthetic transaction or committed-quote event; not an observed public closing price
GOLD_VOL_1.0Y,2026-02-09,SYNTHETIC_COMMITTED_QUOTE,RPO-GOLD_VOL_1.0Y-020,True,SYNTHETIC_RFET_EVIDENCE,Synthetic transaction or committed-quote event; not an observed public closing price
GOLD_VOL_1.0Y,2026-02-19,SYNTHETIC_COMMITTED_QUOTE,RPO-GOLD_VOL_1.0Y-021,True,SYNTHETIC_RFET_EVIDENCE,Synthetic transaction or committed-quote event; not an observed public closing price
GOLD_VOL_1.0Y,2026-03-04,SYNTHETIC_COMMITTED_QUOTE,RPO-GOLD_VOL_1.0Y-022,True,SYNTHETIC_RFET_EVIDENCE,Synthetic transaction or committed-quote event; not an observed public closing price
GOLD_VOL_1.0Y,2026-03-16,SYNTHETIC_COMMITTED_QUOTE,RPO-GOLD_VOL_1.0Y-023,True,SYNTHETIC_RFET_EVIDENCE,Synthetic transaction or committed-quote event; not an observed public closing price
GOLD_VOL_1.0Y,2026-03-26,SYNTHETIC_COMMITTED_QUOTE,RPO-GOLD_VOL_1.0Y-024,True,SYNTHETIC_RFET_EVIDENCE,Synthetic transaction or committed-quote event; not an observed public closing price
GOLD_VOL_1.0Y,2026-04-08,SYNTHETIC_COMMITTED_QUOTE,RPO-GOLD_VOL_1.0Y-025,True,SYNTHETIC_RFET_EVIDENCE,Synthetic transaction or committed-quote event; not an observed public closing price
GOLD_VOL_1.0Y,2026-04-20,SYNTHETIC_COMMITTED_QUOTE,RPO-GOLD_VOL_1.0Y-026,True,SYNTHETIC_RFET_EVIDENCE,Synthetic transaction or committed-quote event; not an observed public closing price
GOLD_VOL_1.0Y,2026-05-01,SYNTHETIC_COMMITTED_QUOTE,RPO-GOLD_VOL_1.0Y-027,True,SYNTHETIC_RFET_EVIDENCE,Synthetic transaction or committed-quote event; not an observed public closing price
GOLD_VOL_1.0Y,2026-05-13,SYNTHETIC_COMMITTED_QUOTE,RPO-GOLD_VOL_1.0Y-028,True,SYNTHETIC_RFET_EVIDENCE,Synthetic transaction or committed-quote event; not an observed public closing price
GOLD_VOL_1.0Y,2026-05-25,SYNTHETIC_COMMITTED_QUOTE,RPO-GOLD_VOL_1.0Y-029,True,SYNTHETIC_RFET_EVIDENCE,Synthetic transaction or committed-quote event; not an observed public closing price
GOLD_VOL_1.0Y,2026-06-05,SYNTHETIC_COMMITTED_QUOTE,RPO-GOLD_VOL_1.0Y-030,True,SYNTHETIC_RFET_EVIDENCE,Synthetic transaction or committed-quote event; not an observed public closing price
GOLD_VOL_1.0Y,2026-06-17,SYNTHETIC_COMMITTED_QUOTE,RPO-GOLD_VOL_1.0Y-031,True,SYNTHETIC_RFET_EVIDENCE,Synthetic transaction or committed-quote event; not an observed public closing price
GOLD_VOL_1.0Y,2026-06-30,SYNTHETIC_COMMITTED_QUOTE,RPO-GOLD_VOL_1.0Y-032,True,SYNTHETIC_RFET_EVIDENCE,Synthetic transaction or committed-quote event; not an observed public closing price
HDFC_BANK,2025-07-01,SYNTHETIC_ARM_LENGTH_TRANSACTION,RPO-HDFC_BANK-001,True,SYNTHETIC_RFET_EVIDENCE,Synthetic transaction or committed-quote event; not an observed public closing price
HDFC_BANK,2025-07-03,SYNTHETIC_ARM_LENGTH_TRANSACTION,RPO-HDFC_BANK-002,True,SYNTHETIC_RFET_EVIDENCE,Synthetic transaction or committed-quote event; not an observed public closing price
HDFC_BANK,2025-07-07,SYNTHETIC_ARM_LENGTH_TRANSACTION,RPO-HDFC_BANK-003,True,SYNTHETIC_RFET_EVIDENCE,Synthetic transaction or committed-quote event; not an observed public closing price
HDFC_BANK,2025-07-09,SYNTHETIC_ARM_LENGTH_TRANSACTION,RPO-HDFC_BANK-004,True,SYNTHETIC_RFET_EVIDENCE,Synthetic transaction or committed-quote event; not an observed public closing price
HDFC_BANK,2025-07-11,SYNTHETIC_ARM_LENGTH_TRANSACTION,RPO-HDFC_BANK-005,True,SYNTHETIC_RFET_EVIDENCE,Synthetic transaction or committed-quote event; not an observed public closing price
HDFC_BANK,2025-07-16,SYNTHETIC_ARM_LENGTH_TRANSACTION,RPO-HDFC_BANK-006,True,SYNTHETIC_RFET_EVIDENCE,Synthetic transaction or committed-quote event; not an observed public closing price
HDFC_BANK,2025-07-18,SYNTHETIC_ARM_LENGTH_TRANSACTION,RPO-HDFC_BANK-007,True,SYNTHETIC_RFET_EVIDENCE,Synthetic transaction or committed-quote event; not an observed public closing price
HDFC_BANK,2025-07-22,SYNTHETIC_ARM_LENGTH_TRANSACTION,RPO-HDFC_BANK-008,True,SYNTHETIC_RFET_EVIDENCE,Synthetic transaction or committed-quote event; not an observed public closing price
HDFC_BANK,2025-07-24,SYNTHETIC_ARM_LENGTH_TRANSACTION,RPO-HDFC_BANK-009,True,SYNTHETIC_RFET_EVIDENCE,Synthetic transaction or committed-quote event; not an observed public closing price
HDFC_BANK,2025-07-29,SYNTHETIC_ARM_LENGTH_TRANSACTION,RPO-HDFC_BANK-010,True,SYNTHETIC_RFET_EVIDENCE,Synthetic transaction or committed-quote event; not an observed public closing price
HDFC_BANK,2025-07-31,SYNTHETIC_ARM_LENGTH_TRANSACTION,RPO-HDFC_BANK-011,True,SYNTHETIC_RFET_EVIDENCE,Synthetic transaction or committed-quote event; not an observed public closing price
HDFC_BANK,2025-08-04,SYNTHETIC_ARM_LENGTH_TRANSACTION,RPO-HDFC_BANK-012,True,SYNTHETIC_RFET_EVIDENCE,Synthetic transaction or committed-quote event; not an observed public closing price
HDFC_BANK,2025-08-06,SYNTHETIC_ARM_LENGTH_TRANSACTION,RPO-HDFC_BANK-013,True,SYNTHETIC_RFET_EVIDENCE,Synthetic transaction or committed-quote event; not an observed public closing price
HDFC_BANK,2025-08-08,SYNTHETIC_ARM_LENGTH_TRANSACTION,RPO-HDFC_BANK-014,True,SYNTHETIC_RFET_EVIDENCE,Synthetic transaction or committed-quote event; not an observed public closing price
HDFC_BANK,2025-08-13,SYNTHETIC_ARM_LENGTH_TRANSACTION,RPO-HDFC_BANK-015,True,SYNTHETIC_RFET_EVIDENCE,Synthetic transaction or committed-quote event; not an observed public closing price
HDFC_BANK,2025-08-15,SYNTHETIC_ARM_LENGTH_TRANSACTION,RPO-HDFC_BANK-016,True,SYNTHETIC_RFET_EVIDENCE,Synthetic transaction or committed-quote event; not an observed public closing price
HDFC_BANK,2025-08-19,SYNTHETIC_ARM_LENGTH_TRANSACTION,RPO-HDFC_BANK-017,True,SYNTHETIC_RFET_EVIDENCE,Synthetic transaction or committed-quote event; not an observed public closing price
HDFC_BANK,2025-08-21,SYNTHETIC_ARM_LENGTH_TRANSACTION,RPO-HDFC_BANK-018,True,SYNTHETIC_RFET_EVIDENCE,Synthetic transaction or committed-quote event; not an observed public closing price
HDFC_BANK,2025-08-26,SYNTHETIC_ARM_LENGTH_TRANSACTION,RPO-HDFC_BANK-019,True,SYNTHETIC_RFET_EVIDENCE,Synthetic transaction or committed-quote event; not an observed public closing price
HDFC_BANK,2025-08-28,SYNTHETIC_ARM_LENGTH_TRANSACTION,RPO-HDFC_BANK-020,True,SYNTHETIC_RFET_EVIDENCE,Synthetic transaction or committed-quote event; not an observed public closing price
HDFC_BANK,2025-09-01,SYNTHETIC_ARM_LENGTH_TRANSACTION,RPO-HDFC_BANK-021,True,SYNTHETIC_RFET_EVIDENCE,Synthetic transaction or committed-quote event; not an observed public closing price
HDFC_BANK,2025-09-03,SYNTHETIC_ARM_LENGTH_TRANSACTION,RPO-HDFC_BANK-022,True,SYNTHETIC_RFET_EVIDENCE,Synthetic transaction or committed-quote event; not an observed public closing price
HDFC_BANK,2025-09-05,SYNTHETIC_ARM_LENGTH_TRANSACTION,RPO-HDFC_BANK-023,True,SYNTHETIC_RFET_EVIDENCE,Synthetic transaction or committed-quote event; not an observed public closing price
HDFC_BANK,2025-09-10,SYNTHETIC_ARM_LENGTH_TRANSACTION,RPO-HDFC_BANK-024,True,SYNTHETIC_RFET_EVIDENCE,Synthetic transaction or committed-quote event; not an observed public closing price
HDFC_BANK,2025-09-12,SYNTHETIC_ARM_LENGTH_TRANSACTION,RPO-HDFC_BANK-025,True,SYNTHETIC_RFET_EVIDENCE,Synthetic transaction or committed-quote event; not an observed public closing price
HDFC_BANK,2025-09-16,SYNTHETIC_ARM_LENGTH_TRANSACTION,RPO-HDFC_BANK-026,True,SYNTHETIC_RFET_EVIDENCE,Synthetic transaction or committed-quote event; not an observed public closing price
HDFC_BANK,2025-09-18,SYNTHETIC_ARM_LENGTH_TRANSACTION,RPO-HDFC_BANK-027,True,SYNTHETIC_RFET_EVIDENCE,Synthetic transaction or committed-quote event; not an observed public closing price
HDFC_BANK,2025-09-23,SYNTHETIC_ARM_LENGTH_TRANSACTION,RPO-HDFC_BANK-028,True,SYNTHETIC_RFET_EVIDENCE,Synthetic transaction or committed-quote event; not an observed public closing price
HDFC_BANK,2025-09-25,SYNTHETIC_ARM_LENGTH_TRANSACTION,RPO-HDFC_BANK-029,True,SYNTHETIC_RFET_EVIDENCE,Synthetic transaction or committed-quote event; not an observed public closing price
HDFC_BANK,2025-09-29,SYNTHETIC_ARM_LENGTH_TRANSACTION,RPO-HDFC_BANK-030,True,SYNTHETIC_RFET_EVIDENCE,Synthetic transaction or committed-quote event; not an observed public closing price
HDFC_BANK,2025-10-01,SYNTHETIC_ARM_LENGTH_TRANSACTION,RPO-HDFC_BANK-031,True,SYNTHETIC_RFET_EVIDENCE,Synthetic transaction or committed-quote event; not an observed public closing price
HDFC_BANK,2025-10-03,SYNTHETIC_ARM_LENGTH_TRANSACTION,RPO-HDFC_BANK-032,True,SYNTHETIC_RFET_EVIDENCE,Synthetic transaction or committed-quote event; not an observed public closing price
HDFC_BANK,2025-10-08,SYNTHETIC_ARM_LENGTH_TRANSACTION,RPO-HDFC_BANK-033,True,SYNTHETIC_RFET_EVIDENCE,Synthetic transaction or committed-quote event; not an observed public closing price
HDFC_BANK,2025-10-10,SYNTHETIC_ARM_LENGTH_TRANSACTION,RPO-HDFC_BANK-034,True,SYNTHETIC_RFET_EVIDENCE,Synthetic transaction or committed-quote event; not an observed public closing price
HDFC_BANK,2025-10-14,SYNTHETIC_ARM_LENGTH_TRANSACTION,RPO-HDFC_BANK-035,True,SYNTHETIC_RFET_EVIDENCE,Synthetic transaction or committed-quote event; not an observed public closing price
HDFC_BANK,2025-10-16,SYNTHETIC_ARM_LENGTH_TRANSACTION,RPO-HDFC_BANK-036,True,SYNTHETIC_RFET_EVIDENCE,Synthetic transaction or committed-quote event; not an observed public closing price
HDFC_BANK,2025-10-21,SYNTHETIC_ARM_LENGTH_TRANSACTION,RPO-HDFC_BANK-037,True,SYNTHETIC_RFET_EVIDENCE,Synthetic transaction or committed-quote event; not an observed public closing price
HDFC_BANK,2025-10-23,SYNTHETIC_ARM_LENGTH_TRANSACTION,RPO-HDFC_BANK-038,True,SYNTHETIC_RFET_EVIDENCE,Synthetic transaction or committed-quote event; not an observed public closing price
HDFC_BANK,2025-10-27,SYNTHETIC_ARM_LENGTH_TRANSACTION,RPO-HDFC_BANK-039,True,SYNTHETIC_RFET_EVIDENCE,Synthetic transaction or committed-quote event; not an observed public closing price
HDFC_BANK,2025-10-29,SYNTHETIC_ARM_LENGTH_TRANSACTION,RPO-HDFC_BANK-040,True,SYNTHETIC_RFET_EVIDENCE,Synthetic transaction or committed-quote event; not an observed public closing price
HDFC_BANK,2025-10-31,SYNTHETIC_ARM_LENGTH_TRANSACTION,RPO-HDFC_BANK-041,True,SYNTHETIC_RFET_EVIDENCE,Synthetic transaction or committed-quote event; not an observed public closing price
HDFC_BANK,2025-11-05,SYNTHETIC_ARM_LENGTH_TRANSACTION,RPO-HDFC_BANK-042,True,SYNTHETIC_RFET_EVIDENCE,Synthetic transaction or committed-quote event; not an observed public closing price
HDFC_BANK,2025-11-07,SYNTHETIC_ARM_LENGTH_TRANSACTION,RPO-HDFC_BANK-043,True,SYNTHETIC_RFET_EVIDENCE,Synthetic transaction or committed-quote event; not an observed public closing price
HDFC_BANK,2025-11-11,SYNTHETIC_ARM_LENGTH_TRANSACTION,RPO-HDFC_BANK-044,True,SYNTHETIC_RFET_EVIDENCE,Synthetic transaction or committed-quote event; not an observed public closing price
HDFC_BANK,2025-11-13,SYNTHETIC_ARM_LENGTH_TRANSACTION,RPO-HDFC_BANK-045,True,SYNTHETIC_RFET_EVIDENCE,Synthetic transaction or committed-quote event; not an observed public closing price
HDFC_BANK,2025-11-18,SYNTHETIC_ARM_LENGTH_TRANSACTION,RPO-HDFC_BANK-046,True,SYNTHETIC_RFET_EVIDENCE,Synthetic transaction or committed-quote event; not an observed public closing price
HDFC_BANK,2025-11-20,SYNTHETIC_ARM_LENGTH_TRANSACTION,RPO-HDFC_BANK-047,True,SYNTHETIC_RFET_EVIDENCE,Synthetic transaction or committed-quote event; not an observed public closing price
HDFC_BANK,2025-11-24,SYNTHETIC_ARM_LENGTH_TRANSACTION,RPO-HDFC_BANK-048,True,SYNTHETIC_RFET_EVIDENCE,Synthetic transaction or committed-quote event; not an observed public closing price
HDFC_BANK,2025-11-26,SYNTHETIC_ARM_LENGTH_TRANSACTION,RPO-HDFC_BANK-049,True,SYNTHETIC_RFET_EVIDENCE,Synthetic transaction or committed-quote event; not an observed public closing price
HDFC_BANK,2025-11-28,SYNTHETIC_ARM_LENGTH_TRANSACTION,RPO-HDFC_BANK-050,True,SYNTHETIC_RFET_EVIDENCE,Synthetic transaction or committed-quote event; not an observed public closing price
HDFC_BANK,2025-12-03,SYNTHETIC_ARM_LENGTH_TRANSACTION,RPO-HDFC_BANK-051,True,SYNTHETIC_RFET_EVIDENCE,Synthetic transaction or committed-quote event; not an observed public closing price
HDFC_BANK,2025-12-05,SYNTHETIC_ARM_LENGTH_TRANSACTION,RPO-HDFC_BANK-052,True,SYNTHETIC_RFET_EVIDENCE,Synthetic transaction or committed-quote event; not an observed public closing price
HDFC_BANK,2025-12-09,SYNTHETIC_ARM_LENGTH_TRANSACTION,RPO-HDFC_BANK-053,True,SYNTHETIC_RFET_EVIDENCE,Synthetic transaction or committed-quote event; not an observed public closing price
HDFC_BANK,2025-12-11,SYNTHETIC_ARM_LENGTH_TRANSACTION,RPO-HDFC_BANK-054,True,SYNTHETIC_RFET_EVIDENCE,Synthetic transaction or committed-quote event; not an observed public closing price
HDFC_BANK,2025-12-16,SYNTHETIC_ARM_LENGTH_TRANSACTION,RPO-HDFC_BANK-055,True,SYNTHETIC_RFET_EVIDENCE,Synthetic transaction or committed-quote event; not an observed public closing price
HDFC_BANK,2025-12-18,SYNTHETIC_ARM_LENGTH_TRANSACTION,RPO-HDFC_BANK-056,True,SYNTHETIC_RFET_EVIDENCE,Synthetic transaction or committed-quote event; not an observed public closing price
HDFC_BANK,2025-12-22,SYNTHETIC_ARM_LENGTH_TRANSACTION,RPO-HDFC_BANK-057,True,SYNTHETIC_RFET_EVIDENCE,Synthetic transaction or committed-quote event; not an observed public closing price
HDFC_BANK,2025-12-24,SYNTHETIC_ARM_LENGTH_TRANSACTION,RPO-HDFC_BANK-058,True,SYNTHETIC_RFET_EVIDENCE,Synthetic transaction or committed-quote event; not an observed public closing price
HDFC_BANK,2025-12-26,SYNTHETIC_ARM_LENGTH_TRANSACTION,RPO-HDFC_BANK-059,True,SYNTHETIC_RFET_EVIDENCE,Synthetic transaction or committed-quote event; not an observed public closing price
HDFC_BANK,2025-12-31,SYNTHETIC_ARM_LENGTH_TRANSACTION,RPO-HDFC_BANK-060,True,SYNTHETIC_RFET_EVIDENCE,Synthetic transaction or committed-quote event; not an observed public closing price
HDFC_BANK,2026-01-02,SYNTHETIC_ARM_LENGTH_TRANSACTION,RPO-HDFC_BANK-061,True,SYNTHETIC_RFET_EVIDENCE,Synthetic transaction or committed-quote event; not an observed public closing price
HDFC_BANK,2026-01-06,SYNTHETIC_ARM_LENGTH_TRANSACTION,RPO-HDFC_BANK-062,True,SYNTHETIC_RFET_EVIDENCE,Synthetic transaction or committed-quote event; not an observed public closing price
HDFC_BANK,2026-01-08,SYNTHETIC_ARM_LENGTH_TRANSACTION,RPO-HDFC_BANK-063,True,SYNTHETIC_RFET_EVIDENCE,Synthetic transaction or committed-quote event; not an observed public closing price
HDFC_BANK,2026-01-13,SYNTHETIC_ARM_LENGTH_TRANSACTION,RPO-HDFC_BANK-064,True,SYNTHETIC_RFET_EVIDENCE,Synthetic transaction or committed-quote event; not an observed public closing price
HDFC_BANK,2026-01-15,SYNTHETIC_ARM_LENGTH_TRANSACTION,RPO-HDFC_BANK-065,True,SYNTHETIC_RFET_EVIDENCE,Synthetic transaction or committed-quote event; not an observed public closing price
HDFC_BANK,2026-01-19,SYNTHETIC_ARM_LENGTH_TRANSACTION,RPO-HDFC_BANK-066,True,SYNTHETIC_RFET_EVIDENCE,Synthetic transaction or committed-quote event; not an observed public closing price
HDFC_BANK,2026-01-21,SYNTHETIC_ARM_LENGTH_TRANSACTION,RPO-HDFC_BANK-067,True,SYNTHETIC_RFET_EVIDENCE,Synthetic transaction or committed-quote event; not an observed public closing price
HDFC_BANK,2026-01-23,SYNTHETIC_ARM_LENGTH_TRANSACTION,RPO-HDFC_BANK-068,True,SYNTHETIC_RFET_EVIDENCE,Synthetic transaction or committed-quote event; not an observed public closing price
HDFC_BANK,2026-01-28,SYNTHETIC_ARM_LENGTH_TRANSACTION,RPO-HDFC_BANK-069,True,SYNTHETIC_RFET_EVIDENCE,Synthetic transaction or committed-quote event; not an observed public closing price
HDFC_BANK,2026-01-30,SYNTHETIC_ARM_LENGTH_TRANSACTION,RPO-HDFC_BANK-070,True,SYNTHETIC_RFET_EVIDENCE,Synthetic transaction or committed-quote event; not an observed public closing price
HDFC_BANK,2026-02-03,SYNTHETIC_ARM_LENGTH_TRANSACTION,RPO-HDFC_BANK-071,True,SYNTHETIC_RFET_EVIDENCE,Synthetic transaction or committed-quote event; not an observed public closing price
HDFC_BANK,2026-02-05,SYNTHETIC_ARM_LENGTH_TRANSACTION,RPO-HDFC_BANK-072,True,SYNTHETIC_RFET_EVIDENCE,Synthetic transaction or committed-quote event; not an observed public closing price
HDFC_BANK,2026-02-10,SYNTHETIC_ARM_LENGTH_TRANSACTION,RPO-HDFC_BANK-073,True,SYNTHETIC_RFET_EVIDENCE,Synthetic transaction or committed-quote event; not an observed public closing price
HDFC_BANK,2026-02-12,SYNTHETIC_ARM_LENGTH_TRANSACTION,RPO-HDFC_BANK-074,True,SYNTHETIC_RFET_EVIDENCE,Synthetic transaction or committed-quote event; not an observed public closing price
HDFC_BANK,2026-02-16,SYNTHETIC_ARM_LENGTH_TRANSACTION,RPO-HDFC_BANK-075,True,SYNTHETIC_RFET_EVIDENCE,Synthetic transaction or committed-quote event; not an observed public closing price
HDFC_BANK,2026-02-18,SYNTHETIC_ARM_LENGTH_TRANSACTION,RPO-HDFC_BANK-076,True,SYNTHETIC_RFET_EVIDENCE,Synthetic transaction or committed-quote event; not an observed public closing price
HDFC_BANK,2026-02-20,SYNTHETIC_ARM_LENGTH_TRANSACTION,RPO-HDFC_BANK-077,True,SYNTHETIC_RFET_EVIDENCE,Synthetic transaction or committed-quote event; not an observed public closing price
HDFC_BANK,2026-02-25,SYNTHETIC_ARM_LENGTH_TRANSACTION,RPO-HDFC_BANK-078,True,SYNTHETIC_RFET_EVIDENCE,Synthetic transaction or committed-quote event; not an observed public closing price
HDFC_BANK,2026-02-27,SYNTHETIC_ARM_LENGTH_TRANSACTION,RPO-HDFC_BANK-079,True,SYNTHETIC_RFET_EVIDENCE,Synthetic transaction or committed-quote event; not an observed public closing price
HDFC_BANK,2026-03-03,SYNTHETIC_ARM_LENGTH_TRANSACTION,RPO-HDFC_BANK-080,True,SYNTHETIC_RFET_EVIDENCE,Synthetic transaction or committed-quote event; not an observed public closing price
HDFC_BANK,2026-03-05,SYNTHETIC_ARM_LENGTH_TRANSACTION,RPO-HDFC_BANK-081,True,SYNTHETIC_RFET_EVIDENCE,Synthetic transaction or committed-quote event; not an observed public closing price
HDFC_BANK,2026-03-10,SYNTHETIC_ARM_LENGTH_TRANSACTION,RPO-HDFC_BANK-082,True,SYNTHETIC_RFET_EVIDENCE,Synthetic transaction or committed-quote event; not an observed public closing price
HDFC_BANK,2026-03-12,SYNTHETIC_ARM_LENGTH_TRANSACTION,RPO-HDFC_BANK-083,True,SYNTHETIC_RFET_EVIDENCE,Synthetic transaction or committed-quote event; not an observed public closing price
HDFC_BANK,2026-03-16,SYNTHETIC_ARM_LENGTH_TRANSACTION,RPO-HDFC_BANK-084,True,SYNTHETIC_RFET_EVIDENCE,Synthetic transaction or committed-quote event; not an observed public closing price
HDFC_BANK,2026-03-18,SYNTHETIC_ARM_LENGTH_TRANSACTION,RPO-HDFC_BANK-085,True,SYNTHETIC_RFET_EVIDENCE,Synthetic transaction or committed-quote event; not an observed public closing price
HDFC_BANK,2026-03-20,SYNTHETIC_ARM_LENGTH_TRANSACTION,RPO-HDFC_BANK-086,True,SYNTHETIC_RFET_EVIDENCE,Synthetic transaction or committed-quote event; not an observed public closing price
HDFC_BANK,2026-03-25,SYNTHETIC_ARM_LENGTH_TRANSACTION,RPO-HDFC_BANK-087,True,SYNTHETIC_RFET_EVIDENCE,Synthetic transaction or committed-quote event; not an observed public closing price
HDFC_BANK,2026-03-27,SYNTHETIC_ARM_LENGTH_TRANSACTION,RPO-HDFC_BANK-088,True,SYNTHETIC_RFET_EVIDENCE,Synthetic transaction or committed-quote event; not an observed public closing price
HDFC_BANK,2026-03-31,SYNTHETIC_ARM_LENGTH_TRANSACTION,RPO-HDFC_BANK-089,True,SYNTHETIC_RFET_EVIDENCE,Synthetic transaction or committed-quote event; not an observed public closing price
HDFC_BANK,2026-04-02,SYNTHETIC_ARM_LENGTH_TRANSACTION,RPO-HDFC_BANK-090,True,SYNTHETIC_RFET_EVIDENCE,Synthetic transaction or committed-quote event; not an observed public closing price
HDFC_BANK,2026-04-07,SYNTHETIC_ARM_LENGTH_TRANSACTION,RPO-HDFC_BANK-091,True,SYNTHETIC_RFET_EVIDENCE,Synthetic transaction or committed-quote event; not an observed public closing price
HDFC_BANK,2026-04-09,SYNTHETIC_ARM_LENGTH_TRANSACTION,RPO-HDFC_BANK-092,True,SYNTHETIC_RFET_EVIDENCE,Synthetic transaction or committed-quote event; not an observed public closing price
HDFC_BANK,2026-04-13,SYNTHETIC_ARM_LENGTH_TRANSACTION,RPO-HDFC_BANK-093,True,SYNTHETIC_RFET_EVIDENCE,Synthetic transaction or committed-quote event; not an observed public closing price
HDFC_BANK,2026-04-15,SYNTHETIC_ARM_LENGTH_TRANSACTION,RPO-HDFC_BANK-094,True,SYNTHETIC_RFET_EVIDENCE,Synthetic transaction or committed-quote event; not an observed public closing price
HDFC_BANK,2026-04-17,SYNTHETIC_ARM_LENGTH_TRANSACTION,RPO-HDFC_BANK-095,True,SYNTHETIC_RFET_EVIDENCE,Synthetic transaction or committed-quote event; not an observed public closing price
HDFC_BANK,2026-04-22,SYNTHETIC_ARM_LENGTH_TRANSACTION,RPO-HDFC_BANK-096,True,SYNTHETIC_RFET_EVIDENCE,Synthetic transaction or committed-quote event; not an observed public closing price
HDFC_BANK,2026-04-24,SYNTHETIC_ARM_LENGTH_TRANSACTION,RPO-HDFC_BANK-097,True,SYNTHETIC_RFET_EVIDENCE,Synthetic transaction or committed-quote event; not an observed public closing price
HDFC_BANK,2026-04-28,SYNTHETIC_ARM_LENGTH_TRANSACTION,RPO-HDFC_BANK-098,True,SYNTHETIC_RFET_EVIDENCE,Synthetic transaction or committed-quote event; not an observed public closing price
HDFC_BANK,2026-04-30,SYNTHETIC_ARM_LENGTH_TRANSACTION,RPO-HDFC_BANK-099,True,SYNTHETIC_RFET_EVIDENCE,Synthetic transaction or committed-quote event; not an observed public closing price
HDFC_BANK,2026-05-05,SYNTHETIC_ARM_LENGTH_TRANSACTION,RPO-HDFC_BANK-100,True,SYNTHETIC_RFET_EVIDENCE,Synthetic transaction or committed-quote event; not an observed public closing price
HDFC_BANK,2026-05-07,SYNTHETIC_ARM_LENGTH_TRANSACTION,RPO-HDFC_BANK-101,True,SYNTHETIC_RFET_EVIDENCE,Synthetic transaction or committed-quote event; not an observed public closing price
HDFC_BANK,2026-05-11,SYNTHETIC_ARM_LENGTH_TRANSACTION,RPO-HDFC_BANK-102,True,SYNTHETIC_RFET_EVIDENCE,Synthetic transaction or committed-quote event; not an observed public closing price
HDFC_BANK,2026-05-13,SYNTHETIC_ARM_LENGTH_TRANSACTION,RPO-HDFC_BANK-103,True,SYNTHETIC_RFET_EVIDENCE,Synthetic transaction or committed-quote event; not an observed public closing price
HDFC_BANK,2026-05-15,SYNTHETIC_ARM_LENGTH_TRANSACTION,RPO-HDFC_BANK-104,True,SYNTHETIC_RFET_EVIDENCE,Synthetic transaction or committed-quote event; not an observed public closing price
HDFC_BANK,2026-05-20,SYNTHETIC_ARM_LENGTH_TRANSACTION,RPO-HDFC_BANK-105,True,SYNTHETIC_RFET_EVIDENCE,Synthetic transaction or committed-quote event; not an observed public closing price
HDFC_BANK,2026-05-22,SYNTHETIC_ARM_LENGTH_TRANSACTION,RPO-HDFC_BANK-106,True,SYNTHETIC_RFET_EVIDENCE,Synthetic transaction or committed-quote event; not an observed public closing price
HDFC_BANK,2026-05-26,SYNTHETIC_ARM_LENGTH_TRANSACTION,RPO-HDFC_BANK-107,True,SYNTHETIC_RFET_EVIDENCE,Synthetic transaction or committed-quote event; not an observed public closing price
HDFC_BANK,2026-05-28,SYNTHETIC_ARM_LENGTH_TRANSACTION,RPO-HDFC_BANK-108,True,SYNTHETIC_RFET_EVIDENCE,Synthetic transaction or committed-quote event; not an observed public closing price
HDFC_BANK,2026-06-02,SYNTHETIC_ARM_LENGTH_TRANSACTION,RPO-HDFC_BANK-109,True,SYNTHETIC_RFET_EVIDENCE,Synthetic transaction or committed-quote event; not an observed public closing price
HDFC_BANK,2026-06-04,SYNTHETIC_ARM_LENGTH_TRANSACTION,RPO-HDFC_BANK-110,True,SYNTHETIC_RFET_EVIDENCE,Synthetic transaction or committed-quote event; not an observed public closing price
HDFC_BANK,2026-06-08,SYNTHETIC_ARM_LENGTH_TRANSACTION,RPO-HDFC_BANK-111,True,SYNTHETIC_RFET_EVIDENCE,Synthetic transaction or committed-quote event; not an observed public closing price
HDFC_BANK,2026-06-10,SYNTHETIC_ARM_LENGTH_TRANSACTION,RPO-HDFC_BANK-112,True,SYNTHETIC_RFET_EVIDENCE,Synthetic transaction or committed-quote event; not an observed public closing price
HDFC_BANK,2026-06-12,SYNTHETIC_ARM_LENGTH_TRANSACTION,RPO-HDFC_BANK-113,True,SYNTHETIC_RFET_EVIDENCE,Synthetic transaction or committed-quote event; not an observed public closing price
HDFC_BANK,2026-06-17,SYNTHETIC_ARM_LENGTH_TRANSACTION,RPO-HDFC_BANK-114,True,SYNTHETIC_RFET_EVIDENCE,Synthetic transaction or committed-quote event; not an observed public closing price
HDFC_BANK,2026-06-19,SYNTHETIC_ARM_LENGTH_TRANSACTION,RPO-HDFC_BANK-115,True,SYNTHETIC_RFET_EVIDENCE,Synthetic transaction or committed-quote event; not an observed public closing price
HDFC_BANK,2026-06-23,SYNTHETIC_ARM_LENGTH_TRANSACTION,RPO-HDFC_BANK-116,True,SYNTHETIC_RFET_EVIDENCE,Synthetic transaction or committed-quote event; not an observed public closing price
HDFC_BANK,2026-06-25,SYNTHETIC_ARM_LENGTH_TRANSACTION,RPO-HDFC_BANK-117,True,SYNTHETIC_RFET_EVIDENCE,Synthetic transaction or committed-quote event; not an observed public closing price
HDFC_BANK,2026-06-30,SYNTHETIC_ARM_LENGTH_TRANSACTION,RPO-HDFC_BANK-118,True,SYNTHETIC_RFET_EVIDENCE,Synthetic transaction or committed-quote event; not an observed public closing price
INDIA_METALS_3.0Y,2025-09-02,SYNTHETIC_ARM_LENGTH_TRANSACTION,RPO-INDIA_METALS_3.0Y-001,True,SYNTHETIC_RFET_EVIDENCE,Synthetic transaction or committed-quote event; not an observed public closing price
INDIA_METALS_3.0Y,2025-09-09,SYNTHETIC_ARM_LENGTH_TRANSACTION,RPO-INDIA_METALS_3.0Y-002,True,SYNTHETIC_RFET_EVIDENCE,Synthetic transaction or committed-quote event; not an observed public closing price
INDIA_METALS_3.0Y,2025-09-26,SYNTHETIC_ARM_LENGTH_TRANSACTION,RPO-INDIA_METALS_3.0Y-003,True,SYNTHETIC_RFET_EVIDENCE,Synthetic transaction or committed-quote event; not an observed public closing price
INDIA_METALS_3.0Y,2025-10-03,SYNTHETIC_ARM_LENGTH_TRANSACTION,RPO-INDIA_METALS_3.0Y-004,True,SYNTHETIC_RFET_EVIDENCE,Synthetic transaction or committed-quote event; not an observed public closing price
INDIA_METALS_3.0Y,2025-10-08,SYNTHETIC_ARM_LENGTH_TRANSACTION,RPO-INDIA_METALS_3.0Y-005,True,SYNTHETIC_RFET_EVIDENCE,Synthetic transaction or committed-quote event; not an observed public closing price
INDIA_METALS_3.0Y,2025-10-13,SYNTHETIC_ARM_LENGTH_TRANSACTION,RPO-INDIA_METALS_3.0Y-006,True,SYNTHETIC_RFET_EVIDENCE,Synthetic transaction or committed-quote event; not an observed public closing price
INDIA_METALS_3.0Y,2025-10-20,SYNTHETIC_ARM_LENGTH_TRANSACTION,RPO-INDIA_METALS_3.0Y-007,True,SYNTHETIC_RFET_EVIDENCE,Synthetic transaction or committed-quote event; not an observed public closing price
INDIA_METALS_3.0Y,2025-10-21,SYNTHETIC_ARM_LENGTH_TRANSACTION,RPO-INDIA_METALS_3.0Y-008,True,SYNTHETIC_RFET_EVIDENCE,Synthetic transaction or committed-quote event; not an observed public closing price
INDIA_METALS_3.0Y,2025-11-05,SYNTHETIC_ARM_LENGTH_TRANSACTION,RPO-INDIA_METALS_3.0Y-009,True,SYNTHETIC_RFET_EVIDENCE,Synthetic transaction or committed-quote event; not an observed public closing price
INDIA_METALS_3.0Y,2025-11-07,SYNTHETIC_ARM_LENGTH_TRANSACTION,RPO-INDIA_METALS_3.0Y-010,True,SYNTHETIC_RFET_EVIDENCE,Synthetic transaction or committed-quote event; not an observed public closing price
INDIA_METALS_3.0Y,2025-12-03,SYNTHETIC_ARM_LENGTH_TRANSACTION,RPO-INDIA_METALS_3.0Y-011,True,SYNTHETIC_RFET_EVIDENCE,Synthetic transaction or committed-quote event; not an observed public closing price
INDIA_METALS_3.0Y,2025-12-16,SYNTHETIC_ARM_LENGTH_TRANSACTION,RPO-INDIA_METALS_3.0Y-012,True,SYNTHETIC_RFET_EVIDENCE,Synthetic transaction or committed-quote event; not an observed public closing price
INDIA_METALS_3.0Y,2025-12-22,SYNTHETIC_ARM_LENGTH_TRANSACTION,RPO-INDIA_METALS_3.0Y-013,True,SYNTHETIC_RFET_EVIDENCE,Synthetic transaction or committed-quote event; not an observed public closing price
INDIA_METALS_3.0Y,2025-12-23,SYNTHETIC_ARM_LENGTH_TRANSACTION,RPO-INDIA_METALS_3.0Y-014,True,SYNTHETIC_RFET_EVIDENCE,Synthetic transaction or committed-quote event; not an observed public closing price
INDIA_METALS_5.0Y,2025-07-07,SYNTHETIC_ARM_LENGTH_TRANSACTION,RPO-INDIA_METALS_5.0Y-001,True,SYNTHETIC_RFET_EVIDENCE,Synthetic transaction or committed-quote event; not an observed public closing price
INDIA_METALS_5.0Y,2025-07-09,SYNTHETIC_ARM_LENGTH_TRANSACTION,RPO-INDIA_METALS_5.0Y-002,True,SYNTHETIC_RFET_EVIDENCE,Synthetic transaction or committed-quote event; not an observed public closing price
INDIA_METALS_5.0Y,2025-07-11,SYNTHETIC_ARM_LENGTH_TRANSACTION,RPO-INDIA_METALS_5.0Y-003,True,SYNTHETIC_RFET_EVIDENCE,Synthetic transaction or committed-quote event; not an observed public closing price
INDIA_METALS_5.0Y,2025-08-29,SYNTHETIC_ARM_LENGTH_TRANSACTION,RPO-INDIA_METALS_5.0Y-004,True,SYNTHETIC_RFET_EVIDENCE,Synthetic transaction or committed-quote event; not an observed public closing price
INDIA_METALS_5.0Y,2025-09-12,SYNTHETIC_ARM_LENGTH_TRANSACTION,RPO-INDIA_METALS_5.0Y-005,True,SYNTHETIC_RFET_EVIDENCE,Synthetic transaction or committed-quote event; not an observed public closing price
INDIA_METALS_5.0Y,2025-09-26,SYNTHETIC_ARM_LENGTH_TRANSACTION,RPO-INDIA_METALS_5.0Y-006,True,SYNTHETIC_RFET_EVIDENCE,Synthetic transaction or committed-quote event; not an observed public closing price
INDIA_METALS_5.0Y,2025-10-09,SYNTHETIC_ARM_LENGTH_TRANSACTION,RPO-INDIA_METALS_5.0Y-007,True,SYNTHETIC_RFET_EVIDENCE,Synthetic transaction or committed-quote event; not an observed public closing price
INDIA_METALS_5.0Y,2025-10-16,SYNTHETIC_ARM_LENGTH_TRANSACTION,RPO-INDIA_METALS_5.0Y-008,True,SYNTHETIC_RFET_EVIDENCE,Synthetic transaction or committed-quote event; not an observed public closing price
INDIA_METALS_5.0Y,2025-10-24,SYNTHETIC_ARM_LENGTH_TRANSACTION,RPO-INDIA_METALS_5.0Y-009,True,SYNTHETIC_RFET_EVIDENCE,Synthetic transaction or committed-quote event; not an observed public closing price
INDIA_METALS_5.0Y,2025-10-31,SYNTHETIC_ARM_LENGTH_TRANSACTION,RPO-INDIA_METALS_5.0Y-010,True,SYNTHETIC_RFET_EVIDENCE,Synthetic transaction or committed-quote event; not an observed public closing price
INDIA_METALS_5.0Y,2025-11-18,SYNTHETIC_ARM_LENGTH_TRANSACTION,RPO-INDIA_METALS_5.0Y-011,True,SYNTHETIC_RFET_EVIDENCE,Synthetic transaction or committed-quote event; not an observed public closing price
INDIA_METALS_5.0Y,2025-11-26,SYNTHETIC_ARM_LENGTH_TRANSACTION,RPO-INDIA_METALS_5.0Y-012,True,SYNTHETIC_RFET_EVIDENCE,Synthetic transaction or committed-quote event; not an observed public closing price
INDIA_METALS_5.0Y,2025-12-17,SYNTHETIC_ARM_LENGTH_TRANSACTION,RPO-INDIA_METALS_5.0Y-013,True,SYNTHETIC_RFET_EVIDENCE,Synthetic transaction or committed-quote event; not an observed public closing price
INDIA_METALS_5.0Y,2025-12-22,SYNTHETIC_ARM_LENGTH_TRANSACTION,RPO-INDIA_METALS_5.0Y-014,True,SYNTHETIC_RFET_EVIDENCE,Synthetic transaction or committed-quote event; not an observed public closing price
INDIA_SMALLCAP,2025-07-01,SYNTHETIC_ARM_LENGTH_TRANSACTION,RPO-INDIA_SMALLCAP-001,True,SYNTHETIC_RFET_EVIDENCE,Synthetic transaction or committed-quote event; not an observed public closing price
INDIA_SMALLCAP,2025-07-03,SYNTHETIC_ARM_LENGTH_TRANSACTION,RPO-INDIA_SMALLCAP-002,True,SYNTHETIC_RFET_EVIDENCE,Synthetic transaction or committed-quote event; not an observed public closing price
INDIA_SMALLCAP,2025-07-15,SYNTHETIC_ARM_LENGTH_TRANSACTION,RPO-INDIA_SMALLCAP-003,True,SYNTHETIC_RFET_EVIDENCE,Synthetic transaction or committed-quote event; not an observed public closing price
INDIA_SMALLCAP,2025-08-26,SYNTHETIC_ARM_LENGTH_TRANSACTION,RPO-INDIA_SMALLCAP-004,True,SYNTHETIC_RFET_EVIDENCE,Synthetic transaction or committed-quote event; not an observed public closing price
INDIA_SMALLCAP,2025-09-18,SYNTHETIC_ARM_LENGTH_TRANSACTION,RPO-INDIA_SMALLCAP-005,True,SYNTHETIC_RFET_EVIDENCE,Synthetic transaction or committed-quote event; not an observed public closing price
INDIA_SMALLCAP,2025-10-01,SYNTHETIC_ARM_LENGTH_TRANSACTION,RPO-INDIA_SMALLCAP-006,True,SYNTHETIC_RFET_EVIDENCE,Synthetic transaction or committed-quote event; not an observed public closing price
INDIA_SMALLCAP,2025-10-07,SYNTHETIC_ARM_LENGTH_TRANSACTION,RPO-INDIA_SMALLCAP-007,True,SYNTHETIC_RFET_EVIDENCE,Synthetic transaction or committed-quote event; not an observed public closing price
INDIA_SMALLCAP,2025-10-16,SYNTHETIC_ARM_LENGTH_TRANSACTION,RPO-INDIA_SMALLCAP-008,True,SYNTHETIC_RFET_EVIDENCE,Synthetic transaction or committed-quote event; not an observed public closing price
INDIA_SMALLCAP,2025-10-22,SYNTHETIC_ARM_LENGTH_TRANSACTION,RPO-INDIA_SMALLCAP-009,True,SYNTHETIC_RFET_EVIDENCE,Synthetic transaction or committed-quote event; not an observed public closing price
INDIA_SMALLCAP,2025-10-27,SYNTHETIC_ARM_LENGTH_TRANSACTION,RPO-INDIA_SMALLCAP-010,True,SYNTHETIC_RFET_EVIDENCE,Synthetic transaction or committed-quote event; not an observed public closing price
INDIA_SMALLCAP,2025-10-31,SYNTHETIC_ARM_LENGTH_TRANSACTION,RPO-INDIA_SMALLCAP-011,True,SYNTHETIC_RFET_EVIDENCE,Synthetic transaction or committed-quote event; not an observed public closing price
INDIA_SMALLCAP,2025-12-03,SYNTHETIC_ARM_LENGTH_TRANSACTION,RPO-INDIA_SMALLCAP-012,True,SYNTHETIC_RFET_EVIDENCE,Synthetic transaction or committed-quote event; not an observed public closing price
INDIA_SMALLCAP,2025-12-05,SYNTHETIC_ARM_LENGTH_TRANSACTION,RPO-INDIA_SMALLCAP-013,True,SYNTHETIC_RFET_EVIDENCE,Synthetic transaction or committed-quote event; not an observed public closing price
INDIA_SMALLCAP,2025-12-08,SYNTHETIC_ARM_LENGTH_TRANSACTION,RPO-INDIA_SMALLCAP-014,True,SYNTHETIC_RFET_EVIDENCE,Synthetic transaction or committed-quote event; not an observed public closing price
INFOSYS,2025-07-01,SYNTHETIC_ARM_LENGTH_TRANSACTION,RPO-INFOSYS-001,True,SYNTHETIC_RFET_EVIDENCE,Synthetic transaction or committed-quote event; not an observed public closing price
INFOSYS,2025-07-03,SYNTHETIC_ARM_LENGTH_TRANSACTION,RPO-INFOSYS-002,True,SYNTHETIC_RFET_EVIDENCE,Synthetic transaction or committed-quote event; not an observed public closing price
INFOSYS,2025-07-07,SYNTHETIC_ARM_LENGTH_TRANSACTION,RPO-INFOSYS-003,True,SYNTHETIC_RFET_EVIDENCE,Synthetic transaction or committed-quote event; not an observed public closing price
INFOSYS,2025-07-09,SYNTHETIC_ARM_LENGTH_TRANSACTION,RPO-INFOSYS-004,True,SYNTHETIC_RFET_EVIDENCE,Synthetic transaction or committed-quote event; not an observed public closing price
INFOSYS,2025-07-11,SYNTHETIC_ARM_LENGTH_TRANSACTION,RPO-INFOSYS-005,True,SYNTHETIC_RFET_EVIDENCE,Synthetic transaction or committed-quote event; not an observed public closing price
INFOSYS,2025-07-16,SYNTHETIC_ARM_LENGTH_TRANSACTION,RPO-INFOSYS-006,True,SYNTHETIC_RFET_EVIDENCE,Synthetic transaction or committed-quote event; not an observed public closing price
INFOSYS,2025-07-18,SYNTHETIC_ARM_LENGTH_TRANSACTION,RPO-INFOSYS-007,True,SYNTHETIC_RFET_EVIDENCE,Synthetic transaction or committed-quote event; not an observed public closing price
INFOSYS,2025-07-22,SYNTHETIC_ARM_LENGTH_TRANSACTION,RPO-INFOSYS-008,True,SYNTHETIC_RFET_EVIDENCE,Synthetic transaction or committed-quote event; not an observed public closing price
INFOSYS,2025-07-24,SYNTHETIC_ARM_LENGTH_TRANSACTION,RPO-INFOSYS-009,True,SYNTHETIC_RFET_EVIDENCE,Synthetic transaction or committed-quote event; not an observed public closing price
INFOSYS,2025-07-29,SYNTHETIC_ARM_LENGTH_TRANSACTION,RPO-INFOSYS-010,True,SYNTHETIC_RFET_EVIDENCE,Synthetic transaction or committed-quote event; not an observed public closing price
INFOSYS,2025-07-31,SYNTHETIC_ARM_LENGTH_TRANSACTION,RPO-INFOSYS-011,True,SYNTHETIC_RFET_EVIDENCE,Synthetic transaction or committed-quote event; not an observed public closing price
INFOSYS,2025-08-04,SYNTHETIC_ARM_LENGTH_TRANSACTION,RPO-INFOSYS-012,True,SYNTHETIC_RFET_EVIDENCE,Synthetic transaction or committed-quote event; not an observed public closing price
INFOSYS,2025-08-06,SYNTHETIC_ARM_LENGTH_TRANSACTION,RPO-INFOSYS-013,True,SYNTHETIC_RFET_EVIDENCE,Synthetic transaction or committed-quote event; not an observed public closing price
INFOSYS,2025-08-08,SYNTHETIC_ARM_LENGTH_TRANSACTION,RPO-INFOSYS-014,True,SYNTHETIC_RFET_EVIDENCE,Synthetic transaction or committed-quote event; not an observed public closing price
INFOSYS,2025-08-13,SYNTHETIC_ARM_LENGTH_TRANSACTION,RPO-INFOSYS-015,True,SYNTHETIC_RFET_EVIDENCE,Synthetic transaction or committed-quote event; not an observed public closing price
INFOSYS,2025-08-15,SYNTHETIC_ARM_LENGTH_TRANSACTION,RPO-INFOSYS-016,True,SYNTHETIC_RFET_EVIDENCE,Synthetic transaction or committed-quote event; not an observed public closing price
INFOSYS,2025-08-19,SYNTHETIC_ARM_LENGTH_TRANSACTION,RPO-INFOSYS-017,True,SYNTHETIC_RFET_EVIDENCE,Synthetic transaction or committed-quote event; not an observed public closing price
INFOSYS,2025-08-21,SYNTHETIC_ARM_LENGTH_TRANSACTION,RPO-INFOSYS-018,True,SYNTHETIC_RFET_EVIDENCE,Synthetic transaction or committed-quote event; not an observed public closing price
INFOSYS,2025-08-26,SYNTHETIC_ARM_LENGTH_TRANSACTION,RPO-INFOSYS-019,True,SYNTHETIC_RFET_EVIDENCE,Synthetic transaction or committed-quote event; not an observed public closing price
INFOSYS,2025-08-28,SYNTHETIC_ARM_LENGTH_TRANSACTION,RPO-INFOSYS-020,True,SYNTHETIC_RFET_EVIDENCE,Synthetic transaction or committed-quote event; not an observed public closing price
INFOSYS,2025-09-01,SYNTHETIC_ARM_LENGTH_TRANSACTION,RPO-INFOSYS-021,True,SYNTHETIC_RFET_EVIDENCE,Synthetic transaction or committed-quote event; not an observed public closing price
INFOSYS,2025-09-03,SYNTHETIC_ARM_LENGTH_TRANSACTION,RPO-INFOSYS-022,True,SYNTHETIC_RFET_EVIDENCE,Synthetic transaction or committed-quote event; not an observed public closing price
INFOSYS,2025-09-05,SYNTHETIC_ARM_LENGTH_TRANSACTION,RPO-INFOSYS-023,True,SYNTHETIC_RFET_EVIDENCE,Synthetic transaction or committed-quote event; not an observed public closing price
INFOSYS,2025-09-10,SYNTHETIC_ARM_LENGTH_TRANSACTION,RPO-INFOSYS-024,True,SYNTHETIC_RFET_EVIDENCE,Synthetic transaction or committed-quote event; not an observed public closing price
INFOSYS,2025-09-12,SYNTHETIC_ARM_LENGTH_TRANSACTION,RPO-INFOSYS-025,True,SYNTHETIC_RFET_EVIDENCE,Synthetic transaction or committed-quote event; not an observed public closing price
INFOSYS,2025-09-16,SYNTHETIC_ARM_LENGTH_TRANSACTION,RPO-INFOSYS-026,True,SYNTHETIC_RFET_EVIDENCE,Synthetic transaction or committed-quote event; not an observed public closing price
INFOSYS,2025-09-18,SYNTHETIC_ARM_LENGTH_TRANSACTION,RPO-INFOSYS-027,True,SYNTHETIC_RFET_EVIDENCE,Synthetic transaction or committed-quote event; not an observed public closing price
INFOSYS,2025-09-23,SYNTHETIC_ARM_LENGTH_TRANSACTION,RPO-INFOSYS-028,True,SYNTHETIC_RFET_EVIDENCE,Synthetic transaction or committed-quote event; not an observed public closing price
INFOSYS,2025-09-25,SYNTHETIC_ARM_LENGTH_TRANSACTION,RPO-INFOSYS-029,True,SYNTHETIC_RFET_EVIDENCE,Synthetic transaction or committed-quote event; not an observed public closing price
INFOSYS,2025-09-29,SYNTHETIC_ARM_LENGTH_TRANSACTION,RPO-INFOSYS-030,True,SYNTHETIC_RFET_EVIDENCE,Synthetic transaction or committed-quote event; not an observed public closing price
INFOSYS,2025-10-01,SYNTHETIC_ARM_LENGTH_TRANSACTION,RPO-INFOSYS-031,True,SYNTHETIC_RFET_EVIDENCE,Synthetic transaction or committed-quote event; not an observed public closing price
INFOSYS,2025-10-03,SYNTHETIC_ARM_LENGTH_TRANSACTION,RPO-INFOSYS-032,True,SYNTHETIC_RFET_EVIDENCE,Synthetic transaction or committed-quote event; not an observed public closing price
INFOSYS,2025-10-08,SYNTHETIC_ARM_LENGTH_TRANSACTION,RPO-INFOSYS-033,True,SYNTHETIC_RFET_EVIDENCE,Synthetic transaction or committed-quote event; not an observed public closing price
INFOSYS,2025-10-10,SYNTHETIC_ARM_LENGTH_TRANSACTION,RPO-INFOSYS-034,True,SYNTHETIC_RFET_EVIDENCE,Synthetic transaction or committed-quote event; not an observed public closing price
INFOSYS,2025-10-14,SYNTHETIC_ARM_LENGTH_TRANSACTION,RPO-INFOSYS-035,True,SYNTHETIC_RFET_EVIDENCE,Synthetic transaction or committed-quote event; not an observed public closing price
INFOSYS,2025-10-16,SYNTHETIC_ARM_LENGTH_TRANSACTION,RPO-INFOSYS-036,True,SYNTHETIC_RFET_EVIDENCE,Synthetic transaction or committed-quote event; not an observed public closing price
INFOSYS,2025-10-21,SYNTHETIC_ARM_LENGTH_TRANSACTION,RPO-INFOSYS-037,True,SYNTHETIC_RFET_EVIDENCE,Synthetic transaction or committed-quote event; not an observed public closing price
INFOSYS,2025-10-23,SYNTHETIC_ARM_LENGTH_TRANSACTION,RPO-INFOSYS-038,True,SYNTHETIC_RFET_EVIDENCE,Synthetic transaction or committed-quote event; not an observed public closing price
INFOSYS,2025-10-27,SYNTHETIC_ARM_LENGTH_TRANSACTION,RPO-INFOSYS-039,True,SYNTHETIC_RFET_EVIDENCE,Synthetic transaction or committed-quote event; not an observed public closing price
INFOSYS,2025-10-29,SYNTHETIC_ARM_LENGTH_TRANSACTION,RPO-INFOSYS-040,True,SYNTHETIC_RFET_EVIDENCE,Synthetic transaction or committed-quote event; not an observed public closing price
INFOSYS,2025-10-31,SYNTHETIC_ARM_LENGTH_TRANSACTION,RPO-INFOSYS-041,True,SYNTHETIC_RFET_EVIDENCE,Synthetic transaction or committed-quote event; not an observed public closing price
INFOSYS,2025-11-05,SYNTHETIC_ARM_LENGTH_TRANSACTION,RPO-INFOSYS-042,True,SYNTHETIC_RFET_EVIDENCE,Synthetic transaction or committed-quote event; not an observed public closing price
INFOSYS,2025-11-07,SYNTHETIC_ARM_LENGTH_TRANSACTION,RPO-INFOSYS-043,True,SYNTHETIC_RFET_EVIDENCE,Synthetic transaction or committed-quote event; not an observed public closing price
INFOSYS,2025-11-11,SYNTHETIC_ARM_LENGTH_TRANSACTION,RPO-INFOSYS-044,True,SYNTHETIC_RFET_EVIDENCE,Synthetic transaction or committed-quote event; not an observed public closing price
INFOSYS,2025-11-13,SYNTHETIC_ARM_LENGTH_TRANSACTION,RPO-INFOSYS-045,True,SYNTHETIC_RFET_EVIDENCE,Synthetic transaction or committed-quote event; not an observed public closing price
INFOSYS,2025-11-18,SYNTHETIC_ARM_LENGTH_TRANSACTION,RPO-INFOSYS-046,True,SYNTHETIC_RFET_EVIDENCE,Synthetic transaction or committed-quote event; not an observed public closing price
INFOSYS,2025-11-20,SYNTHETIC_ARM_LENGTH_TRANSACTION,RPO-INFOSYS-047,True,SYNTHETIC_RFET_EVIDENCE,Synthetic transaction or committed-quote event; not an observed public closing price
INFOSYS,2025-11-24,SYNTHETIC_ARM_LENGTH_TRANSACTION,RPO-INFOSYS-048,True,SYNTHETIC_RFET_EVIDENCE,Synthetic transaction or committed-quote event; not an observed public closing price
INFOSYS,2025-11-26,SYNTHETIC_ARM_LENGTH_TRANSACTION,RPO-INFOSYS-049,True,SYNTHETIC_RFET_EVIDENCE,Synthetic transaction or committed-quote event; not an observed public closing price
INFOSYS,2025-11-28,SYNTHETIC_ARM_LENGTH_TRANSACTION,RPO-INFOSYS-050,True,SYNTHETIC_RFET_EVIDENCE,Synthetic transaction or committed-quote event; not an observed public closing price
INFOSYS,2025-12-03,SYNTHETIC_ARM_LENGTH_TRANSACTION,RPO-INFOSYS-051,True,SYNTHETIC_RFET_EVIDENCE,Synthetic transaction or committed-quote event; not an observed public closing price
INFOSYS,2025-12-05,SYNTHETIC_ARM_LENGTH_TRANSACTION,RPO-INFOSYS-052,True,SYNTHETIC_RFET_EVIDENCE,Synthetic transaction or committed-quote event; not an observed public closing price
INFOSYS,2025-12-09,SYNTHETIC_ARM_LENGTH_TRANSACTION,RPO-INFOSYS-053,True,SYNTHETIC_RFET_EVIDENCE,Synthetic transaction or committed-quote event; not an observed public closing price
INFOSYS,2025-12-11,SYNTHETIC_ARM_LENGTH_TRANSACTION,RPO-INFOSYS-054,True,SYNTHETIC_RFET_EVIDENCE,Synthetic transaction or committed-quote event; not an observed public closing price
INFOSYS,2025-12-16,SYNTHETIC_ARM_LENGTH_TRANSACTION,RPO-INFOSYS-055,True,SYNTHETIC_RFET_EVIDENCE,Synthetic transaction or committed-quote event; not an observed public closing price
INFOSYS,2025-12-18,SYNTHETIC_ARM_LENGTH_TRANSACTION,RPO-INFOSYS-056,True,SYNTHETIC_RFET_EVIDENCE,Synthetic transaction or committed-quote event; not an observed public closing price
INFOSYS,2025-12-22,SYNTHETIC_ARM_LENGTH_TRANSACTION,RPO-INFOSYS-057,True,SYNTHETIC_RFET_EVIDENCE,Synthetic transaction or committed-quote event; not an observed public closing price
INFOSYS,2025-12-24,SYNTHETIC_ARM_LENGTH_TRANSACTION,RPO-INFOSYS-058,True,SYNTHETIC_RFET_EVIDENCE,Synthetic transaction or committed-quote event; not an observed public closing price
INFOSYS,2025-12-26,SYNTHETIC_ARM_LENGTH_TRANSACTION,RPO-INFOSYS-059,True,SYNTHETIC_RFET_EVIDENCE,Synthetic transaction or committed-quote event; not an observed public closing price
INFOSYS,2025-12-31,SYNTHETIC_ARM_LENGTH_TRANSACTION,RPO-INFOSYS-060,True,SYNTHETIC_RFET_EVIDENCE,Synthetic transaction or committed-quote event; not an observed public closing price
INFOSYS,2026-01-02,SYNTHETIC_ARM_LENGTH_TRANSACTION,RPO-INFOSYS-061,True,SYNTHETIC_RFET_EVIDENCE,Synthetic transaction or committed-quote event; not an observed public closing price
INFOSYS,2026-01-06,SYNTHETIC_ARM_LENGTH_TRANSACTION,RPO-INFOSYS-062,True,SYNTHETIC_RFET_EVIDENCE,Synthetic transaction or committed-quote event; not an observed public closing price
INFOSYS,2026-01-08,SYNTHETIC_ARM_LENGTH_TRANSACTION,RPO-INFOSYS-063,True,SYNTHETIC_RFET_EVIDENCE,Synthetic transaction or committed-quote event; not an observed public closing price
INFOSYS,2026-01-13,SYNTHETIC_ARM_LENGTH_TRANSACTION,RPO-INFOSYS-064,True,SYNTHETIC_RFET_EVIDENCE,Synthetic transaction or committed-quote event; not an observed public closing price
INFOSYS,2026-01-15,SYNTHETIC_ARM_LENGTH_TRANSACTION,RPO-INFOSYS-065,True,SYNTHETIC_RFET_EVIDENCE,Synthetic transaction or committed-quote event; not an observed public closing price
INFOSYS,2026-01-19,SYNTHETIC_ARM_LENGTH_TRANSACTION,RPO-INFOSYS-066,True,SYNTHETIC_RFET_EVIDENCE,Synthetic transaction or committed-quote event; not an observed public closing price
INFOSYS,2026-01-21,SYNTHETIC_ARM_LENGTH_TRANSACTION,RPO-INFOSYS-067,True,SYNTHETIC_RFET_EVIDENCE,Synthetic transaction or committed-quote event; not an observed public closing price
INFOSYS,2026-01-23,SYNTHETIC_ARM_LENGTH_TRANSACTION,RPO-INFOSYS-068,True,SYNTHETIC_RFET_EVIDENCE,Synthetic transaction or committed-quote event; not an observed public closing price
INFOSYS,2026-01-28,SYNTHETIC_ARM_LENGTH_TRANSACTION,RPO-INFOSYS-069,True,SYNTHETIC_RFET_EVIDENCE,Synthetic transaction or committed-quote event; not an observed public closing price
INFOSYS,2026-01-30,SYNTHETIC_ARM_LENGTH_TRANSACTION,RPO-INFOSYS-070,True,SYNTHETIC_RFET_EVIDENCE,Synthetic transaction or committed-quote event; not an observed public closing price
INFOSYS,2026-02-03,SYNTHETIC_ARM_LENGTH_TRANSACTION,RPO-INFOSYS-071,True,SYNTHETIC_RFET_EVIDENCE,Synthetic transaction or committed-quote event; not an observed public closing price
INFOSYS,2026-02-05,SYNTHETIC_ARM_LENGTH_TRANSACTION,RPO-INFOSYS-072,True,SYNTHETIC_RFET_EVIDENCE,Synthetic transaction or committed-quote event; not an observed public closing price
INFOSYS,2026-02-10,SYNTHETIC_ARM_LENGTH_TRANSACTION,RPO-INFOSYS-073,True,SYNTHETIC_RFET_EVIDENCE,Synthetic transaction or committed-quote event; not an observed public closing price
INFOSYS,2026-02-12,SYNTHETIC_ARM_LENGTH_TRANSACTION,RPO-INFOSYS-074,True,SYNTHETIC_RFET_EVIDENCE,Synthetic transaction or committed-quote event; not an observed public closing price
INFOSYS,2026-02-16,SYNTHETIC_ARM_LENGTH_TRANSACTION,RPO-INFOSYS-075,True,SYNTHETIC_RFET_EVIDENCE,Synthetic transaction or committed-quote event; not an observed public closing price
INFOSYS,2026-02-18,SYNTHETIC_ARM_LENGTH_TRANSACTION,RPO-INFOSYS-076,True,SYNTHETIC_RFET_EVIDENCE,Synthetic transaction or committed-quote event; not an observed public closing price
INFOSYS,2026-02-20,SYNTHETIC_ARM_LENGTH_TRANSACTION,RPO-INFOSYS-077,True,SYNTHETIC_RFET_EVIDENCE,Synthetic transaction or committed-quote event; not an observed public closing price
INFOSYS,2026-02-25,SYNTHETIC_ARM_LENGTH_TRANSACTION,RPO-INFOSYS-078,True,SYNTHETIC_RFET_EVIDENCE,Synthetic transaction or committed-quote event; not an observed public closing price
INFOSYS,2026-02-27,SYNTHETIC_ARM_LENGTH_TRANSACTION,RPO-INFOSYS-079,True,SYNTHETIC_RFET_EVIDENCE,Synthetic transaction or committed-quote event; not an observed public closing price
INFOSYS,2026-03-03,SYNTHETIC_ARM_LENGTH_TRANSACTION,RPO-INFOSYS-080,True,SYNTHETIC_RFET_EVIDENCE,Synthetic transaction or committed-quote event; not an observed public closing price
INFOSYS,2026-03-05,SYNTHETIC_ARM_LENGTH_TRANSACTION,RPO-INFOSYS-081,True,SYNTHETIC_RFET_EVIDENCE,Synthetic transaction or committed-quote event; not an observed public closing price
INFOSYS,2026-03-10,SYNTHETIC_ARM_LENGTH_TRANSACTION,RPO-INFOSYS-082,True,SYNTHETIC_RFET_EVIDENCE,Synthetic transaction or committed-quote event; not an observed public closing price
INFOSYS,2026-03-12,SYNTHETIC_ARM_LENGTH_TRANSACTION,RPO-INFOSYS-083,True,SYNTHETIC_RFET_EVIDENCE,Synthetic transaction or committed-quote event; not an observed public closing price
INFOSYS,2026-03-16,SYNTHETIC_ARM_LENGTH_TRANSACTION,RPO-INFOSYS-084,True,SYNTHETIC_RFET_EVIDENCE,Synthetic transaction or committed-quote event; not an observed public closing price
INFOSYS,2026-03-18,SYNTHETIC_ARM_LENGTH_TRANSACTION,RPO-INFOSYS-085,True,SYNTHETIC_RFET_EVIDENCE,Synthetic transaction or committed-quote event; not an observed public closing price
INFOSYS,2026-03-20,SYNTHETIC_ARM_LENGTH_TRANSACTION,RPO-INFOSYS-086,True,SYNTHETIC_RFET_EVIDENCE,Synthetic transaction or committed-quote event; not an observed public closing price
INFOSYS,2026-03-25,SYNTHETIC_ARM_LENGTH_TRANSACTION,RPO-INFOSYS-087,True,SYNTHETIC_RFET_EVIDENCE,Synthetic transaction or committed-quote event; not an observed public closing price
INFOSYS,2026-03-27,SYNTHETIC_ARM_LENGTH_TRANSACTION,RPO-INFOSYS-088,True,SYNTHETIC_RFET_EVIDENCE,Synthetic transaction or committed-quote event; not an observed public closing price
INFOSYS,2026-03-31,SYNTHETIC_ARM_LENGTH_TRANSACTION,RPO-INFOSYS-089,True,SYNTHETIC_RFET_EVIDENCE,Synthetic transaction or committed-quote event; not an observed public closing price
INFOSYS,2026-04-02,SYNTHETIC_ARM_LENGTH_TRANSACTION,RPO-INFOSYS-090,True,SYNTHETIC_RFET_EVIDENCE,Synthetic transaction or committed-quote event; not an observed public closing price
INFOSYS,2026-04-07,SYNTHETIC_ARM_LENGTH_TRANSACTION,RPO-INFOSYS-091,True,SYNTHETIC_RFET_EVIDENCE,Synthetic transaction or committed-quote event; not an observed public closing price
INFOSYS,2026-04-09,SYNTHETIC_ARM_LENGTH_TRANSACTION,RPO-INFOSYS-092,True,SYNTHETIC_RFET_EVIDENCE,Synthetic transaction or committed-quote event; not an observed public closing price
INFOSYS,2026-04-13,SYNTHETIC_ARM_LENGTH_TRANSACTION,RPO-INFOSYS-093,True,SYNTHETIC_RFET_EVIDENCE,Synthetic transaction or committed-quote event; not an observed public closing price
INFOSYS,2026-04-15,SYNTHETIC_ARM_LENGTH_TRANSACTION,RPO-INFOSYS-094,True,SYNTHETIC_RFET_EVIDENCE,Synthetic transaction or committed-quote event; not an observed public closing price
INFOSYS,2026-04-17,SYNTHETIC_ARM_LENGTH_TRANSACTION,RPO-INFOSYS-095,True,SYNTHETIC_RFET_EVIDENCE,Synthetic transaction or committed-quote event; not an observed public closing price
INFOSYS,2026-04-22,SYNTHETIC_ARM_LENGTH_TRANSACTION,RPO-INFOSYS-096,True,SYNTHETIC_RFET_EVIDENCE,Synthetic transaction or committed-quote event; not an observed public closing price
INFOSYS,2026-04-24,SYNTHETIC_ARM_LENGTH_TRANSACTION,RPO-INFOSYS-097,True,SYNTHETIC_RFET_EVIDENCE,Synthetic transaction or committed-quote event; not an observed public closing price
INFOSYS,2026-04-28,SYNTHETIC_ARM_LENGTH_TRANSACTION,RPO-INFOSYS-098,True,SYNTHETIC_RFET_EVIDENCE,Synthetic transaction or committed-quote event; not an observed public closing price
INFOSYS,2026-04-30,SYNTHETIC_ARM_LENGTH_TRANSACTION,RPO-INFOSYS-099,True,SYNTHETIC_RFET_EVIDENCE,Synthetic transaction or committed-quote event; not an observed public closing price
INFOSYS,2026-05-05,SYNTHETIC_ARM_LENGTH_TRANSACTION,RPO-INFOSYS-100,True,SYNTHETIC_RFET_EVIDENCE,Synthetic transaction or committed-quote event; not an observed public closing price
INFOSYS,2026-05-07,SYNTHETIC_ARM_LENGTH_TRANSACTION,RPO-INFOSYS-101,True,SYNTHETIC_RFET_EVIDENCE,Synthetic transaction or committed-quote event; not an observed public closing price
INFOSYS,2026-05-11,SYNTHETIC_ARM_LENGTH_TRANSACTION,RPO-INFOSYS-102,True,SYNTHETIC_RFET_EVIDENCE,Synthetic transaction or committed-quote event; not an observed public closing price
INFOSYS,2026-05-13,SYNTHETIC_ARM_LENGTH_TRANSACTION,RPO-INFOSYS-103,True,SYNTHETIC_RFET_EVIDENCE,Synthetic transaction or committed-quote event; not an observed public closing price
INFOSYS,2026-05-15,SYNTHETIC_ARM_LENGTH_TRANSACTION,RPO-INFOSYS-104,True,SYNTHETIC_RFET_EVIDENCE,Synthetic transaction or committed-quote event; not an observed public closing price
INFOSYS,2026-05-20,SYNTHETIC_ARM_LENGTH_TRANSACTION,RPO-INFOSYS-105,True,SYNTHETIC_RFET_EVIDENCE,Synthetic transaction or committed-quote event; not an observed public closing price
INFOSYS,2026-05-22,SYNTHETIC_ARM_LENGTH_TRANSACTION,RPO-INFOSYS-106,True,SYNTHETIC_RFET_EVIDENCE,Synthetic transaction or committed-quote event; not an observed public closing price
INFOSYS,2026-05-26,SYNTHETIC_ARM_LENGTH_TRANSACTION,RPO-INFOSYS-107,True,SYNTHETIC_RFET_EVIDENCE,Synthetic transaction or committed-quote event; not an observed public closing price
INFOSYS,2026-05-28,SYNTHETIC_ARM_LENGTH_TRANSACTION,RPO-INFOSYS-108,True,SYNTHETIC_RFET_EVIDENCE,Synthetic transaction or committed-quote event; not an observed public closing price
INFOSYS,2026-06-02,SYNTHETIC_ARM_LENGTH_TRANSACTION,RPO-INFOSYS-109,True,SYNTHETIC_RFET_EVIDENCE,Synthetic transaction or committed-quote event; not an observed public closing price
INFOSYS,2026-06-04,SYNTHETIC_ARM_LENGTH_TRANSACTION,RPO-INFOSYS-110,True,SYNTHETIC_RFET_EVIDENCE,Synthetic transaction or committed-quote event; not an observed public closing price
INFOSYS,2026-06-08,SYNTHETIC_ARM_LENGTH_TRANSACTION,RPO-INFOSYS-111,True,SYNTHETIC_RFET_EVIDENCE,Synthetic transaction or committed-quote event; not an observed public closing price
INFOSYS,2026-06-10,SYNTHETIC_ARM_LENGTH_TRANSACTION,RPO-INFOSYS-112,True,SYNTHETIC_RFET_EVIDENCE,Synthetic transaction or committed-quote event; not an observed public closing price
INFOSYS,2026-06-12,SYNTHETIC_ARM_LENGTH_TRANSACTION,RPO-INFOSYS-113,True,SYNTHETIC_RFET_EVIDENCE,Synthetic transaction or committed-quote event; not an observed public closing price
INFOSYS,2026-06-17,SYNTHETIC_ARM_LENGTH_TRANSACTION,RPO-INFOSYS-114,True,SYNTHETIC_RFET_EVIDENCE,Synthetic transaction or committed-quote event; not an observed public closing price
INFOSYS,2026-06-19,SYNTHETIC_ARM_LENGTH_TRANSACTION,RPO-INFOSYS-115,True,SYNTHETIC_RFET_EVIDENCE,Synthetic transaction or committed-quote event; not an observed public closing price
INFOSYS,2026-06-23,SYNTHETIC_ARM_LENGTH_TRANSACTION,RPO-INFOSYS-116,True,SYNTHETIC_RFET_EVIDENCE,Synthetic transaction or committed-quote event; not an observed public closing price
INFOSYS,2026-06-25,SYNTHETIC_ARM_LENGTH_TRANSACTION,RPO-INFOSYS-117,True,SYNTHETIC_RFET_EVIDENCE,Synthetic transaction or committed-quote event; not an observed public closing price
INFOSYS,2026-06-30,SYNTHETIC_ARM_LENGTH_TRANSACTION,RPO-INFOSYS-118,True,SYNTHETIC_RFET_EVIDENCE,Synthetic transaction or committed-quote event; not an observed public closing price
INR_INFLATION,2025-07-01,SYNTHETIC_ARM_LENGTH_TRANSACTION,RPO-INR_INFLATION-001,True,SYNTHETIC_RFET_EVIDENCE,Synthetic transaction or committed-quote event; not an observed public closing price
INR_INFLATION,2025-07-03,SYNTHETIC_ARM_LENGTH_TRANSACTION,RPO-INR_INFLATION-002,True,SYNTHETIC_RFET_EVIDENCE,Synthetic transaction or committed-quote event; not an observed public closing price
INR_INFLATION,2025-07-07,SYNTHETIC_ARM_LENGTH_TRANSACTION,RPO-INR_INFLATION-003,True,SYNTHETIC_RFET_EVIDENCE,Synthetic transaction or committed-quote event; not an observed public closing price
INR_INFLATION,2025-07-09,SYNTHETIC_ARM_LENGTH_TRANSACTION,RPO-INR_INFLATION-004,True,SYNTHETIC_RFET_EVIDENCE,Synthetic transaction or committed-quote event; not an observed public closing price
INR_INFLATION,2025-07-11,SYNTHETIC_ARM_LENGTH_TRANSACTION,RPO-INR_INFLATION-005,True,SYNTHETIC_RFET_EVIDENCE,Synthetic transaction or committed-quote event; not an observed public closing price
INR_INFLATION,2025-07-16,SYNTHETIC_ARM_LENGTH_TRANSACTION,RPO-INR_INFLATION-006,True,SYNTHETIC_RFET_EVIDENCE,Synthetic transaction or committed-quote event; not an observed public closing price
INR_INFLATION,2025-07-18,SYNTHETIC_ARM_LENGTH_TRANSACTION,RPO-INR_INFLATION-007,True,SYNTHETIC_RFET_EVIDENCE,Synthetic transaction or committed-quote event; not an observed public closing price
INR_INFLATION,2025-07-22,SYNTHETIC_ARM_LENGTH_TRANSACTION,RPO-INR_INFLATION-008,True,SYNTHETIC_RFET_EVIDENCE,Synthetic transaction or committed-quote event; not an observed public closing price
INR_INFLATION,2025-07-24,SYNTHETIC_ARM_LENGTH_TRANSACTION,RPO-INR_INFLATION-009,True,SYNTHETIC_RFET_EVIDENCE,Synthetic transaction or committed-quote event; not an observed public closing price
INR_INFLATION,2025-07-29,SYNTHETIC_ARM_LENGTH_TRANSACTION,RPO-INR_INFLATION-010,True,SYNTHETIC_RFET_EVIDENCE,Synthetic transaction or committed-quote event; not an observed public closing price
INR_INFLATION,2025-07-31,SYNTHETIC_ARM_LENGTH_TRANSACTION,RPO-INR_INFLATION-011,True,SYNTHETIC_RFET_EVIDENCE,Synthetic transaction or committed-quote event; not an observed public closing price
INR_INFLATION,2025-08-04,SYNTHETIC_ARM_LENGTH_TRANSACTION,RPO-INR_INFLATION-012,True,SYNTHETIC_RFET_EVIDENCE,Synthetic transaction or committed-quote event; not an observed public closing price
INR_INFLATION,2025-08-06,SYNTHETIC_ARM_LENGTH_TRANSACTION,RPO-INR_INFLATION-013,True,SYNTHETIC_RFET_EVIDENCE,Synthetic transaction or committed-quote event; not an observed public closing price
INR_INFLATION,2025-08-08,SYNTHETIC_ARM_LENGTH_TRANSACTION,RPO-INR_INFLATION-014,True,SYNTHETIC_RFET_EVIDENCE,Synthetic transaction or committed-quote event; not an observed public closing price
INR_INFLATION,2025-08-13,SYNTHETIC_ARM_LENGTH_TRANSACTION,RPO-INR_INFLATION-015,True,SYNTHETIC_RFET_EVIDENCE,Synthetic transaction or committed-quote event; not an observed public closing price
INR_INFLATION,2025-08-15,SYNTHETIC_ARM_LENGTH_TRANSACTION,RPO-INR_INFLATION-016,True,SYNTHETIC_RFET_EVIDENCE,Synthetic transaction or committed-quote event; not an observed public closing price
INR_INFLATION,2025-08-19,SYNTHETIC_ARM_LENGTH_TRANSACTION,RPO-INR_INFLATION-017,True,SYNTHETIC_RFET_EVIDENCE,Synthetic transaction or committed-quote event; not an observed public closing price
INR_INFLATION,2025-08-21,SYNTHETIC_ARM_LENGTH_TRANSACTION,RPO-INR_INFLATION-018,True,SYNTHETIC_RFET_EVIDENCE,Synthetic transaction or committed-quote event; not an observed public closing price
INR_INFLATION,2025-08-26,SYNTHETIC_ARM_LENGTH_TRANSACTION,RPO-INR_INFLATION-019,True,SYNTHETIC_RFET_EVIDENCE,Synthetic transaction or committed-quote event; not an observed public closing price
INR_INFLATION,2025-08-28,SYNTHETIC_ARM_LENGTH_TRANSACTION,RPO-INR_INFLATION-020,True,SYNTHETIC_RFET_EVIDENCE,Synthetic transaction or committed-quote event; not an observed public closing price
INR_INFLATION,2025-09-01,SYNTHETIC_ARM_LENGTH_TRANSACTION,RPO-INR_INFLATION-021,True,SYNTHETIC_RFET_EVIDENCE,Synthetic transaction or committed-quote event; not an observed public closing price
INR_INFLATION,2025-09-03,SYNTHETIC_ARM_LENGTH_TRANSACTION,RPO-INR_INFLATION-022,True,SYNTHETIC_RFET_EVIDENCE,Synthetic transaction or committed-quote event; not an observed public closing price
INR_INFLATION,2025-09-05,SYNTHETIC_ARM_LENGTH_TRANSACTION,RPO-INR_INFLATION-023,True,SYNTHETIC_RFET_EVIDENCE,Synthetic transaction or committed-quote event; not an observed public closing price
INR_INFLATION,2025-09-10,SYNTHETIC_ARM_LENGTH_TRANSACTION,RPO-INR_INFLATION-024,True,SYNTHETIC_RFET_EVIDENCE,Synthetic transaction or committed-quote event; not an observed public closing price
INR_INFLATION,2025-09-12,SYNTHETIC_ARM_LENGTH_TRANSACTION,RPO-INR_INFLATION-025,True,SYNTHETIC_RFET_EVIDENCE,Synthetic transaction or committed-quote event; not an observed public closing price
INR_INFLATION,2025-09-16,SYNTHETIC_ARM_LENGTH_TRANSACTION,RPO-INR_INFLATION-026,True,SYNTHETIC_RFET_EVIDENCE,Synthetic transaction or committed-quote event; not an observed public closing price
INR_INFLATION,2025-09-18,SYNTHETIC_ARM_LENGTH_TRANSACTION,RPO-INR_INFLATION-027,True,SYNTHETIC_RFET_EVIDENCE,Synthetic transaction or committed-quote event; not an observed public closing price
INR_INFLATION,2025-09-23,SYNTHETIC_ARM_LENGTH_TRANSACTION,RPO-INR_INFLATION-028,True,SYNTHETIC_RFET_EVIDENCE,Synthetic transaction or committed-quote event; not an observed public closing price
INR_INFLATION,2025-09-25,SYNTHETIC_ARM_LENGTH_TRANSACTION,RPO-INR_INFLATION-029,True,SYNTHETIC_RFET_EVIDENCE,Synthetic transaction or committed-quote event; not an observed public closing price
INR_INFLATION,2025-09-29,SYNTHETIC_ARM_LENGTH_TRANSACTION,RPO-INR_INFLATION-030,True,SYNTHETIC_RFET_EVIDENCE,Synthetic transaction or committed-quote event; not an observed public closing price
INR_INFLATION,2025-10-01,SYNTHETIC_ARM_LENGTH_TRANSACTION,RPO-INR_INFLATION-031,True,SYNTHETIC_RFET_EVIDENCE,Synthetic transaction or committed-quote event; not an observed public closing price
INR_INFLATION,2025-10-03,SYNTHETIC_ARM_LENGTH_TRANSACTION,RPO-INR_INFLATION-032,True,SYNTHETIC_RFET_EVIDENCE,Synthetic transaction or committed-quote event; not an observed public closing price
INR_INFLATION,2025-10-08,SYNTHETIC_ARM_LENGTH_TRANSACTION,RPO-INR_INFLATION-033,True,SYNTHETIC_RFET_EVIDENCE,Synthetic transaction or committed-quote event; not an observed public closing price
INR_INFLATION,2025-10-10,SYNTHETIC_ARM_LENGTH_TRANSACTION,RPO-INR_INFLATION-034,True,SYNTHETIC_RFET_EVIDENCE,Synthetic transaction or committed-quote event; not an observed public closing price
INR_INFLATION,2025-10-14,SYNTHETIC_ARM_LENGTH_TRANSACTION,RPO-INR_INFLATION-035,True,SYNTHETIC_RFET_EVIDENCE,Synthetic transaction or committed-quote event; not an observed public closing price
INR_INFLATION,2025-10-16,SYNTHETIC_ARM_LENGTH_TRANSACTION,RPO-INR_INFLATION-036,True,SYNTHETIC_RFET_EVIDENCE,Synthetic transaction or committed-quote event; not an observed public closing price
INR_INFLATION,2025-10-21,SYNTHETIC_ARM_LENGTH_TRANSACTION,RPO-INR_INFLATION-037,True,SYNTHETIC_RFET_EVIDENCE,Synthetic transaction or committed-quote event; not an observed public closing price
INR_INFLATION,2025-10-23,SYNTHETIC_ARM_LENGTH_TRANSACTION,RPO-INR_INFLATION-038,True,SYNTHETIC_RFET_EVIDENCE,Synthetic transaction or committed-quote event; not an observed public closing price
INR_INFLATION,2025-10-27,SYNTHETIC_ARM_LENGTH_TRANSACTION,RPO-INR_INFLATION-039,True,SYNTHETIC_RFET_EVIDENCE,Synthetic transaction or committed-quote event; not an observed public closing price
INR_INFLATION,2025-10-29,SYNTHETIC_ARM_LENGTH_TRANSACTION,RPO-INR_INFLATION-040,True,SYNTHETIC_RFET_EVIDENCE,Synthetic transaction or committed-quote event; not an observed public closing price
INR_INFLATION,2025-10-31,SYNTHETIC_ARM_LENGTH_TRANSACTION,RPO-INR_INFLATION-041,True,SYNTHETIC_RFET_EVIDENCE,Synthetic transaction or committed-quote event; not an observed public closing price
INR_INFLATION,2025-11-05,SYNTHETIC_ARM_LENGTH_TRANSACTION,RPO-INR_INFLATION-042,True,SYNTHETIC_RFET_EVIDENCE,Synthetic transaction or committed-quote event; not an observed public closing price
INR_INFLATION,2025-11-07,SYNTHETIC_ARM_LENGTH_TRANSACTION,RPO-INR_INFLATION-043,True,SYNTHETIC_RFET_EVIDENCE,Synthetic transaction or committed-quote event; not an observed public closing price
INR_INFLATION,2025-11-11,SYNTHETIC_ARM_LENGTH_TRANSACTION,RPO-INR_INFLATION-044,True,SYNTHETIC_RFET_EVIDENCE,Synthetic transaction or committed-quote event; not an observed public closing price
INR_INFLATION,2025-11-13,SYNTHETIC_ARM_LENGTH_TRANSACTION,RPO-INR_INFLATION-045,True,SYNTHETIC_RFET_EVIDENCE,Synthetic transaction or committed-quote event; not an observed public closing price
INR_INFLATION,2025-11-18,SYNTHETIC_ARM_LENGTH_TRANSACTION,RPO-INR_INFLATION-046,True,SYNTHETIC_RFET_EVIDENCE,Synthetic transaction or committed-quote event; not an observed public closing price
INR_INFLATION,2025-11-20,SYNTHETIC_ARM_LENGTH_TRANSACTION,RPO-INR_INFLATION-047,True,SYNTHETIC_RFET_EVIDENCE,Synthetic transaction or committed-quote event; not an observed public closing price
INR_INFLATION,2025-11-24,SYNTHETIC_ARM_LENGTH_TRANSACTION,RPO-INR_INFLATION-048,True,SYNTHETIC_RFET_EVIDENCE,Synthetic transaction or committed-quote event; not an observed public closing price
INR_INFLATION,2025-11-26,SYNTHETIC_ARM_LENGTH_TRANSACTION,RPO-INR_INFLATION-049,True,SYNTHETIC_RFET_EVIDENCE,Synthetic transaction or committed-quote event; not an observed public closing price
INR_INFLATION,2025-11-28,SYNTHETIC_ARM_LENGTH_TRANSACTION,RPO-INR_INFLATION-050,True,SYNTHETIC_RFET_EVIDENCE,Synthetic transaction or committed-quote event; not an observed public closing price
INR_INFLATION,2025-12-03,SYNTHETIC_ARM_LENGTH_TRANSACTION,RPO-INR_INFLATION-051,True,SYNTHETIC_RFET_EVIDENCE,Synthetic transaction or committed-quote event; not an observed public closing price
INR_INFLATION,2025-12-05,SYNTHETIC_ARM_LENGTH_TRANSACTION,RPO-INR_INFLATION-052,True,SYNTHETIC_RFET_EVIDENCE,Synthetic transaction or committed-quote event; not an observed public closing price
INR_INFLATION,2025-12-09,SYNTHETIC_ARM_LENGTH_TRANSACTION,RPO-INR_INFLATION-053,True,SYNTHETIC_RFET_EVIDENCE,Synthetic transaction or committed-quote event; not an observed public closing price
INR_INFLATION,2025-12-11,SYNTHETIC_ARM_LENGTH_TRANSACTION,RPO-INR_INFLATION-054,True,SYNTHETIC_RFET_EVIDENCE,Synthetic transaction or committed-quote event; not an observed public closing price
INR_INFLATION,2025-12-16,SYNTHETIC_ARM_LENGTH_TRANSACTION,RPO-INR_INFLATION-055,True,SYNTHETIC_RFET_EVIDENCE,Synthetic transaction or committed-quote event; not an observed public closing price
INR_INFLATION,2025-12-18,SYNTHETIC_ARM_LENGTH_TRANSACTION,RPO-INR_INFLATION-056,True,SYNTHETIC_RFET_EVIDENCE,Synthetic transaction or committed-quote event; not an observed public closing price
INR_INFLATION,2025-12-22,SYNTHETIC_ARM_LENGTH_TRANSACTION,RPO-INR_INFLATION-057,True,SYNTHETIC_RFET_EVIDENCE,Synthetic transaction or committed-quote event; not an observed public closing price
INR_INFLATION,2025-12-24,SYNTHETIC_ARM_LENGTH_TRANSACTION,RPO-INR_INFLATION-058,True,SYNTHETIC_RFET_EVIDENCE,Synthetic transaction or committed-quote event; not an observed public closing price
INR_INFLATION,2025-12-26,SYNTHETIC_ARM_LENGTH_TRANSACTION,RPO-INR_INFLATION-059,True,SYNTHETIC_RFET_EVIDENCE,Synthetic transaction or committed-quote event; not an observed public closing price
INR_INFLATION,2025-12-31,SYNTHETIC_ARM_LENGTH_TRANSACTION,RPO-INR_INFLATION-060,True,SYNTHETIC_RFET_EVIDENCE,Synthetic transaction or committed-quote event; not an observed public closing price
INR_INFLATION,2026-01-02,SYNTHETIC_ARM_LENGTH_TRANSACTION,RPO-INR_INFLATION-061,True,SYNTHETIC_RFET_EVIDENCE,Synthetic transaction or committed-quote event; not an observed public closing price
INR_INFLATION,2026-01-06,SYNTHETIC_ARM_LENGTH_TRANSACTION,RPO-INR_INFLATION-062,True,SYNTHETIC_RFET_EVIDENCE,Synthetic transaction or committed-quote event; not an observed public closing price
INR_INFLATION,2026-01-08,SYNTHETIC_ARM_LENGTH_TRANSACTION,RPO-INR_INFLATION-063,True,SYNTHETIC_RFET_EVIDENCE,Synthetic transaction or committed-quote event; not an observed public closing price
INR_INFLATION,2026-01-13,SYNTHETIC_ARM_LENGTH_TRANSACTION,RPO-INR_INFLATION-064,True,SYNTHETIC_RFET_EVIDENCE,Synthetic transaction or committed-quote event; not an observed public closing price
INR_INFLATION,2026-01-15,SYNTHETIC_ARM_LENGTH_TRANSACTION,RPO-INR_INFLATION-065,True,SYNTHETIC_RFET_EVIDENCE,Synthetic transaction or committed-quote event; not an observed public closing price
INR_INFLATION,2026-01-19,SYNTHETIC_ARM_LENGTH_TRANSACTION,RPO-INR_INFLATION-066,True,SYNTHETIC_RFET_EVIDENCE,Synthetic transaction or committed-quote event; not an observed public closing price
INR_INFLATION,2026-01-21,SYNTHETIC_ARM_LENGTH_TRANSACTION,RPO-INR_INFLATION-067,True,SYNTHETIC_RFET_EVIDENCE,Synthetic transaction or committed-quote event; not an observed public closing price
INR_INFLATION,2026-01-23,SYNTHETIC_ARM_LENGTH_TRANSACTION,RPO-INR_INFLATION-068,True,SYNTHETIC_RFET_EVIDENCE,Synthetic transaction or committed-quote event; not an observed public closing price
INR_INFLATION,2026-01-28,SYNTHETIC_ARM_LENGTH_TRANSACTION,RPO-INR_INFLATION-069,True,SYNTHETIC_RFET_EVIDENCE,Synthetic transaction or committed-quote event; not an observed public closing price
INR_INFLATION,2026-01-30,SYNTHETIC_ARM_LENGTH_TRANSACTION,RPO-INR_INFLATION-070,True,SYNTHETIC_RFET_EVIDENCE,Synthetic transaction or committed-quote event; not an observed public closing price
INR_INFLATION,2026-02-03,SYNTHETIC_ARM_LENGTH_TRANSACTION,RPO-INR_INFLATION-071,True,SYNTHETIC_RFET_EVIDENCE,Synthetic transaction or committed-quote event; not an observed public closing price
INR_INFLATION,2026-02-05,SYNTHETIC_ARM_LENGTH_TRANSACTION,RPO-INR_INFLATION-072,True,SYNTHETIC_RFET_EVIDENCE,Synthetic transaction or committed-quote event; not an observed public closing price
INR_INFLATION,2026-02-10,SYNTHETIC_ARM_LENGTH_TRANSACTION,RPO-INR_INFLATION-073,True,SYNTHETIC_RFET_EVIDENCE,Synthetic transaction or committed-quote event; not an observed public closing price
INR_INFLATION,2026-02-12,SYNTHETIC_ARM_LENGTH_TRANSACTION,RPO-INR_INFLATION-074,True,SYNTHETIC_RFET_EVIDENCE,Synthetic transaction or committed-quote event; not an observed public closing price
INR_INFLATION,2026-02-16,SYNTHETIC_ARM_LENGTH_TRANSACTION,RPO-INR_INFLATION-075,True,SYNTHETIC_RFET_EVIDENCE,Synthetic transaction or committed-quote event; not an observed public closing price
INR_INFLATION,2026-02-18,SYNTHETIC_ARM_LENGTH_TRANSACTION,RPO-INR_INFLATION-076,True,SYNTHETIC_RFET_EVIDENCE,Synthetic transaction or committed-quote event; not an observed public closing price
INR_INFLATION,2026-02-20,SYNTHETIC_ARM_LENGTH_TRANSACTION,RPO-INR_INFLATION-077,True,SYNTHETIC_RFET_EVIDENCE,Synthetic transaction or committed-quote event; not an observed public closing price
INR_INFLATION,2026-02-25,SYNTHETIC_ARM_LENGTH_TRANSACTION,RPO-INR_INFLATION-078,True,SYNTHETIC_RFET_EVIDENCE,Synthetic transaction or committed-quote event; not an observed public closing price
INR_INFLATION,2026-02-27,SYNTHETIC_ARM_LENGTH_TRANSACTION,RPO-INR_INFLATION-079,True,SYNTHETIC_RFET_EVIDENCE,Synthetic transaction or committed-quote event; not an observed public closing price
INR_INFLATION,2026-03-03,SYNTHETIC_ARM_LENGTH_TRANSACTION,RPO-INR_INFLATION-080,True,SYNTHETIC_RFET_EVIDENCE,Synthetic transaction or committed-quote event; not an observed public closing price
INR_INFLATION,2026-03-05,SYNTHETIC_ARM_LENGTH_TRANSACTION,RPO-INR_INFLATION-081,True,SYNTHETIC_RFET_EVIDENCE,Synthetic transaction or committed-quote event; not an observed public closing price
INR_INFLATION,2026-03-10,SYNTHETIC_ARM_LENGTH_TRANSACTION,RPO-INR_INFLATION-082,True,SYNTHETIC_RFET_EVIDENCE,Synthetic transaction or committed-quote event; not an observed public closing price
INR_INFLATION,2026-03-12,SYNTHETIC_ARM_LENGTH_TRANSACTION,RPO-INR_INFLATION-083,True,SYNTHETIC_RFET_EVIDENCE,Synthetic transaction or committed-quote event; not an observed public closing price
INR_INFLATION,2026-03-16,SYNTHETIC_ARM_LENGTH_TRANSACTION,RPO-INR_INFLATION-084,True,SYNTHETIC_RFET_EVIDENCE,Synthetic transaction or committed-quote event; not an observed public closing price
INR_INFLATION,2026-03-18,SYNTHETIC_ARM_LENGTH_TRANSACTION,RPO-INR_INFLATION-085,True,SYNTHETIC_RFET_EVIDENCE,Synthetic transaction or committed-quote event; not an observed public closing price
INR_INFLATION,2026-03-20,SYNTHETIC_ARM_LENGTH_TRANSACTION,RPO-INR_INFLATION-086,True,SYNTHETIC_RFET_EVIDENCE,Synthetic transaction or committed-quote event; not an observed public closing price
INR_INFLATION,2026-03-25,SYNTHETIC_ARM_LENGTH_TRANSACTION,RPO-INR_INFLATION-087,True,SYNTHETIC_RFET_EVIDENCE,Synthetic transaction or committed-quote event; not an observed public closing price
INR_INFLATION,2026-03-27,SYNTHETIC_ARM_LENGTH_TRANSACTION,RPO-INR_INFLATION-088,True,SYNTHETIC_RFET_EVIDENCE,Synthetic transaction or committed-quote event; not an observed public closing price
INR_INFLATION,2026-03-31,SYNTHETIC_ARM_LENGTH_TRANSACTION,RPO-INR_INFLATION-089,True,SYNTHETIC_RFET_EVIDENCE,Synthetic transaction or committed-quote event; not an observed public closing price
INR_INFLATION,2026-04-02,SYNTHETIC_ARM_LENGTH_TRANSACTION,RPO-INR_INFLATION-090,True,SYNTHETIC_RFET_EVIDENCE,Synthetic transaction or committed-quote event; not an observed public closing price
INR_INFLATION,2026-04-07,SYNTHETIC_ARM_LENGTH_TRANSACTION,RPO-INR_INFLATION-091,True,SYNTHETIC_RFET_EVIDENCE,Synthetic transaction or committed-quote event; not an observed public closing price
INR_INFLATION,2026-04-09,SYNTHETIC_ARM_LENGTH_TRANSACTION,RPO-INR_INFLATION-092,True,SYNTHETIC_RFET_EVIDENCE,Synthetic transaction or committed-quote event; not an observed public closing price
INR_INFLATION,2026-04-13,SYNTHETIC_ARM_LENGTH_TRANSACTION,RPO-INR_INFLATION-093,True,SYNTHETIC_RFET_EVIDENCE,Synthetic transaction or committed-quote event; not an observed public closing price
INR_INFLATION,2026-04-15,SYNTHETIC_ARM_LENGTH_TRANSACTION,RPO-INR_INFLATION-094,True,SYNTHETIC_RFET_EVIDENCE,Synthetic transaction or committed-quote event; not an observed public closing price
INR_INFLATION,2026-04-17,SYNTHETIC_ARM_LENGTH_TRANSACTION,RPO-INR_INFLATION-095,True,SYNTHETIC_RFET_EVIDENCE,Synthetic transaction or committed-quote event; not an observed public closing price
INR_INFLATION,2026-04-22,SYNTHETIC_ARM_LENGTH_TRANSACTION,RPO-INR_INFLATION-096,True,SYNTHETIC_RFET_EVIDENCE,Synthetic transaction or committed-quote event; not an observed public closing price
INR_INFLATION,2026-04-24,SYNTHETIC_ARM_LENGTH_TRANSACTION,RPO-INR_INFLATION-097,True,SYNTHETIC_RFET_EVIDENCE,Synthetic transaction or committed-quote event; not an observed public closing price
INR_INFLATION,2026-04-28,SYNTHETIC_ARM_LENGTH_TRANSACTION,RPO-INR_INFLATION-098,True,SYNTHETIC_RFET_EVIDENCE,Synthetic transaction or committed-quote event; not an observed public closing price
INR_INFLATION,2026-04-30,SYNTHETIC_ARM_LENGTH_TRANSACTION,RPO-INR_INFLATION-099,True,SYNTHETIC_RFET_EVIDENCE,Synthetic transaction or committed-quote event; not an observed public closing price
INR_INFLATION,2026-05-05,SYNTHETIC_ARM_LENGTH_TRANSACTION,RPO-INR_INFLATION-100,True,SYNTHETIC_RFET_EVIDENCE,Synthetic transaction or committed-quote event; not an observed public closing price
INR_INFLATION,2026-05-07,SYNTHETIC_ARM_LENGTH_TRANSACTION,RPO-INR_INFLATION-101,True,SYNTHETIC_RFET_EVIDENCE,Synthetic transaction or committed-quote event; not an observed public closing price
INR_INFLATION,2026-05-11,SYNTHETIC_ARM_LENGTH_TRANSACTION,RPO-INR_INFLATION-102,True,SYNTHETIC_RFET_EVIDENCE,Synthetic transaction or committed-quote event; not an observed public closing price
INR_INFLATION,2026-05-13,SYNTHETIC_ARM_LENGTH_TRANSACTION,RPO-INR_INFLATION-103,True,SYNTHETIC_RFET_EVIDENCE,Synthetic transaction or committed-quote event; not an observed public closing price
INR_INFLATION,2026-05-15,SYNTHETIC_ARM_LENGTH_TRANSACTION,RPO-INR_INFLATION-104,True,SYNTHETIC_RFET_EVIDENCE,Synthetic transaction or committed-quote event; not an observed public closing price
INR_INFLATION,2026-05-20,SYNTHETIC_ARM_LENGTH_TRANSACTION,RPO-INR_INFLATION-105,True,SYNTHETIC_RFET_EVIDENCE,Synthetic transaction or committed-quote event; not an observed public closing price
INR_INFLATION,2026-05-22,SYNTHETIC_ARM_LENGTH_TRANSACTION,RPO-INR_INFLATION-106,True,SYNTHETIC_RFET_EVIDENCE,Synthetic transaction or committed-quote event; not an observed public closing price
INR_INFLATION,2026-05-26,SYNTHETIC_ARM_LENGTH_TRANSACTION,RPO-INR_INFLATION-107,True,SYNTHETIC_RFET_EVIDENCE,Synthetic transaction or committed-quote event; not an observed public closing price
INR_INFLATION,2026-05-28,SYNTHETIC_ARM_LENGTH_TRANSACTION,RPO-INR_INFLATION-108,True,SYNTHETIC_RFET_EVIDENCE,Synthetic transaction or committed-quote event; not an observed public closing price
INR_INFLATION,2026-06-02,SYNTHETIC_ARM_LENGTH_TRANSACTION,RPO-INR_INFLATION-109,True,SYNTHETIC_RFET_EVIDENCE,Synthetic transaction or committed-quote event; not an observed public closing price
INR_INFLATION,2026-06-04,SYNTHETIC_ARM_LENGTH_TRANSACTION,RPO-INR_INFLATION-110,True,SYNTHETIC_RFET_EVIDENCE,Synthetic transaction or committed-quote event; not an observed public closing price
INR_INFLATION,2026-06-08,SYNTHETIC_ARM_LENGTH_TRANSACTION,RPO-INR_INFLATION-111,True,SYNTHETIC_RFET_EVIDENCE,Synthetic transaction or committed-quote event; not an observed public closing price
INR_INFLATION,2026-06-10,SYNTHETIC_ARM_LENGTH_TRANSACTION,RPO-INR_INFLATION-112,True,SYNTHETIC_RFET_EVIDENCE,Synthetic transaction or committed-quote event; not an observed public closing price
INR_INFLATION,2026-06-12,SYNTHETIC_ARM_LENGTH_TRANSACTION,RPO-INR_INFLATION-113,True,SYNTHETIC_RFET_EVIDENCE,Synthetic transaction or committed-quote event; not an observed public closing price
INR_INFLATION,2026-06-17,SYNTHETIC_ARM_LENGTH_TRANSACTION,RPO-INR_INFLATION-114,True,SYNTHETIC_RFET_EVIDENCE,Synthetic transaction or committed-quote event; not an observed public closing price
INR_INFLATION,2026-06-19,SYNTHETIC_ARM_LENGTH_TRANSACTION,RPO-INR_INFLATION-115,True,SYNTHETIC_RFET_EVIDENCE,Synthetic transaction or committed-quote event; not an observed public closing price
INR_INFLATION,2026-06-23,SYNTHETIC_ARM_LENGTH_TRANSACTION,RPO-INR_INFLATION-116,True,SYNTHETIC_RFET_EVIDENCE,Synthetic transaction or committed-quote event; not an observed public closing price
INR_INFLATION,2026-06-25,SYNTHETIC_ARM_LENGTH_TRANSACTION,RPO-INR_INFLATION-117,True,SYNTHETIC_RFET_EVIDENCE,Synthetic transaction or committed-quote event; not an observed public closing price
INR_INFLATION,2026-06-30,SYNTHETIC_ARM_LENGTH_TRANSACTION,RPO-INR_INFLATION-118,True,SYNTHETIC_RFET_EVIDENCE,Synthetic transaction or committed-quote event; not an observed public closing price
INR_OIS_0.25Y,2025-07-01,SYNTHETIC_ARM_LENGTH_TRANSACTION,RPO-INR_OIS_0.25Y-001,True,SYNTHETIC_RFET_EVIDENCE,Synthetic transaction or committed-quote event; not an observed public closing price
INR_OIS_0.25Y,2025-07-03,SYNTHETIC_ARM_LENGTH_TRANSACTION,RPO-INR_OIS_0.25Y-002,True,SYNTHETIC_RFET_EVIDENCE,Synthetic transaction or committed-quote event; not an observed public closing price
INR_OIS_0.25Y,2025-07-07,SYNTHETIC_ARM_LENGTH_TRANSACTION,RPO-INR_OIS_0.25Y-003,True,SYNTHETIC_RFET_EVIDENCE,Synthetic transaction or committed-quote event; not an observed public closing price
INR_OIS_0.25Y,2025-07-09,SYNTHETIC_ARM_LENGTH_TRANSACTION,RPO-INR_OIS_0.25Y-004,True,SYNTHETIC_RFET_EVIDENCE,Synthetic transaction or committed-quote event; not an observed public closing price
INR_OIS_0.25Y,2025-07-11,SYNTHETIC_ARM_LENGTH_TRANSACTION,RPO-INR_OIS_0.25Y-005,True,SYNTHETIC_RFET_EVIDENCE,Synthetic transaction or committed-quote event; not an observed public closing price
INR_OIS_0.25Y,2025-07-16,SYNTHETIC_ARM_LENGTH_TRANSACTION,RPO-INR_OIS_0.25Y-006,True,SYNTHETIC_RFET_EVIDENCE,Synthetic transaction or committed-quote event; not an observed public closing price
INR_OIS_0.25Y,2025-07-18,SYNTHETIC_ARM_LENGTH_TRANSACTION,RPO-INR_OIS_0.25Y-007,True,SYNTHETIC_RFET_EVIDENCE,Synthetic transaction or committed-quote event; not an observed public closing price
INR_OIS_0.25Y,2025-07-22,SYNTHETIC_ARM_LENGTH_TRANSACTION,RPO-INR_OIS_0.25Y-008,True,SYNTHETIC_RFET_EVIDENCE,Synthetic transaction or committed-quote event; not an observed public closing price
INR_OIS_0.25Y,2025-07-24,SYNTHETIC_ARM_LENGTH_TRANSACTION,RPO-INR_OIS_0.25Y-009,True,SYNTHETIC_RFET_EVIDENCE,Synthetic transaction or committed-quote event; not an observed public closing price
INR_OIS_0.25Y,2025-07-29,SYNTHETIC_ARM_LENGTH_TRANSACTION,RPO-INR_OIS_0.25Y-010,True,SYNTHETIC_RFET_EVIDENCE,Synthetic transaction or committed-quote event; not an observed public closing price
INR_OIS_0.25Y,2025-07-31,SYNTHETIC_ARM_LENGTH_TRANSACTION,RPO-INR_OIS_0.25Y-011,True,SYNTHETIC_RFET_EVIDENCE,Synthetic transaction or committed-quote event; not an observed public closing price
INR_OIS_0.25Y,2025-08-04,SYNTHETIC_ARM_LENGTH_TRANSACTION,RPO-INR_OIS_0.25Y-012,True,SYNTHETIC_RFET_EVIDENCE,Synthetic transaction or committed-quote event; not an observed public closing price
INR_OIS_0.25Y,2025-08-06,SYNTHETIC_ARM_LENGTH_TRANSACTION,RPO-INR_OIS_0.25Y-013,True,SYNTHETIC_RFET_EVIDENCE,Synthetic transaction or committed-quote event; not an observed public closing price
INR_OIS_0.25Y,2025-08-08,SYNTHETIC_ARM_LENGTH_TRANSACTION,RPO-INR_OIS_0.25Y-014,True,SYNTHETIC_RFET_EVIDENCE,Synthetic transaction or committed-quote event; not an observed public closing price
INR_OIS_0.25Y,2025-08-13,SYNTHETIC_ARM_LENGTH_TRANSACTION,RPO-INR_OIS_0.25Y-015,True,SYNTHETIC_RFET_EVIDENCE,Synthetic transaction or committed-quote event; not an observed public closing price
INR_OIS_0.25Y,2025-08-15,SYNTHETIC_ARM_LENGTH_TRANSACTION,RPO-INR_OIS_0.25Y-016,True,SYNTHETIC_RFET_EVIDENCE,Synthetic transaction or committed-quote event; not an observed public closing price
INR_OIS_0.25Y,2025-08-19,SYNTHETIC_ARM_LENGTH_TRANSACTION,RPO-INR_OIS_0.25Y-017,True,SYNTHETIC_RFET_EVIDENCE,Synthetic transaction or committed-quote event; not an observed public closing price
INR_OIS_0.25Y,2025-08-21,SYNTHETIC_ARM_LENGTH_TRANSACTION,RPO-INR_OIS_0.25Y-018,True,SYNTHETIC_RFET_EVIDENCE,Synthetic transaction or committed-quote event; not an observed public closing price
INR_OIS_0.25Y,2025-08-26,SYNTHETIC_ARM_LENGTH_TRANSACTION,RPO-INR_OIS_0.25Y-019,True,SYNTHETIC_RFET_EVIDENCE,Synthetic transaction or committed-quote event; not an observed public closing price
INR_OIS_0.25Y,2025-08-28,SYNTHETIC_ARM_LENGTH_TRANSACTION,RPO-INR_OIS_0.25Y-020,True,SYNTHETIC_RFET_EVIDENCE,Synthetic transaction or committed-quote event; not an observed public closing price
INR_OIS_0.25Y,2025-09-01,SYNTHETIC_ARM_LENGTH_TRANSACTION,RPO-INR_OIS_0.25Y-021,True,SYNTHETIC_RFET_EVIDENCE,Synthetic transaction or committed-quote event; not an observed public closing price
INR_OIS_0.25Y,2025-09-03,SYNTHETIC_ARM_LENGTH_TRANSACTION,RPO-INR_OIS_0.25Y-022,True,SYNTHETIC_RFET_EVIDENCE,Synthetic transaction or committed-quote event; not an observed public closing price
INR_OIS_0.25Y,2025-09-05,SYNTHETIC_ARM_LENGTH_TRANSACTION,RPO-INR_OIS_0.25Y-023,True,SYNTHETIC_RFET_EVIDENCE,Synthetic transaction or committed-quote event; not an observed public closing price
INR_OIS_0.25Y,2025-09-10,SYNTHETIC_ARM_LENGTH_TRANSACTION,RPO-INR_OIS_0.25Y-024,True,SYNTHETIC_RFET_EVIDENCE,Synthetic transaction or committed-quote event; not an observed public closing price
INR_OIS_0.25Y,2025-09-12,SYNTHETIC_ARM_LENGTH_TRANSACTION,RPO-INR_OIS_0.25Y-025,True,SYNTHETIC_RFET_EVIDENCE,Synthetic transaction or committed-quote event; not an observed public closing price
INR_OIS_0.25Y,2025-09-16,SYNTHETIC_ARM_LENGTH_TRANSACTION,RPO-INR_OIS_0.25Y-026,True,SYNTHETIC_RFET_EVIDENCE,Synthetic transaction or committed-quote event; not an observed public closing price
INR_OIS_0.25Y,2025-09-18,SYNTHETIC_ARM_LENGTH_TRANSACTION,RPO-INR_OIS_0.25Y-027,True,SYNTHETIC_RFET_EVIDENCE,Synthetic transaction or committed-quote event; not an observed public closing price
INR_OIS_0.25Y,2025-09-23,SYNTHETIC_ARM_LENGTH_TRANSACTION,RPO-INR_OIS_0.25Y-028,True,SYNTHETIC_RFET_EVIDENCE,Synthetic transaction or committed-quote event; not an observed public closing price
INR_OIS_0.25Y,2025-09-25,SYNTHETIC_ARM_LENGTH_TRANSACTION,RPO-INR_OIS_0.25Y-029,True,SYNTHETIC_RFET_EVIDENCE,Synthetic transaction or committed-quote event; not an observed public closing price
INR_OIS_0.25Y,2025-09-29,SYNTHETIC_ARM_LENGTH_TRANSACTION,RPO-INR_OIS_0.25Y-030,True,SYNTHETIC_RFET_EVIDENCE,Synthetic transaction or committed-quote event; not an observed public closing price
INR_OIS_0.25Y,2025-10-01,SYNTHETIC_ARM_LENGTH_TRANSACTION,RPO-INR_OIS_0.25Y-031,True,SYNTHETIC_RFET_EVIDENCE,Synthetic transaction or committed-quote event; not an observed public closing price
INR_OIS_0.25Y,2025-10-03,SYNTHETIC_ARM_LENGTH_TRANSACTION,RPO-INR_OIS_0.25Y-032,True,SYNTHETIC_RFET_EVIDENCE,Synthetic transaction or committed-quote event; not an observed public closing price
INR_OIS_0.25Y,2025-10-08,SYNTHETIC_ARM_LENGTH_TRANSACTION,RPO-INR_OIS_0.25Y-033,True,SYNTHETIC_RFET_EVIDENCE,Synthetic transaction or committed-quote event; not an observed public closing price
INR_OIS_0.25Y,2025-10-10,SYNTHETIC_ARM_LENGTH_TRANSACTION,RPO-INR_OIS_0.25Y-034,True,SYNTHETIC_RFET_EVIDENCE,Synthetic transaction or committed-quote event; not an observed public closing price
INR_OIS_0.25Y,2025-10-14,SYNTHETIC_ARM_LENGTH_TRANSACTION,RPO-INR_OIS_0.25Y-035,True,SYNTHETIC_RFET_EVIDENCE,Synthetic transaction or committed-quote event; not an observed public closing price
INR_OIS_0.25Y,2025-10-16,SYNTHETIC_ARM_LENGTH_TRANSACTION,RPO-INR_OIS_0.25Y-036,True,SYNTHETIC_RFET_EVIDENCE,Synthetic transaction or committed-quote event; not an observed public closing price
INR_OIS_0.25Y,2025-10-21,SYNTHETIC_ARM_LENGTH_TRANSACTION,RPO-INR_OIS_0.25Y-037,True,SYNTHETIC_RFET_EVIDENCE,Synthetic transaction or committed-quote event; not an observed public closing price
INR_OIS_0.25Y,2025-10-23,SYNTHETIC_ARM_LENGTH_TRANSACTION,RPO-INR_OIS_0.25Y-038,True,SYNTHETIC_RFET_EVIDENCE,Synthetic transaction or committed-quote event; not an observed public closing price
INR_OIS_0.25Y,2025-10-27,SYNTHETIC_ARM_LENGTH_TRANSACTION,RPO-INR_OIS_0.25Y-039,True,SYNTHETIC_RFET_EVIDENCE,Synthetic transaction or committed-quote event; not an observed public closing price
INR_OIS_0.25Y,2025-10-29,SYNTHETIC_ARM_LENGTH_TRANSACTION,RPO-INR_OIS_0.25Y-040,True,SYNTHETIC_RFET_EVIDENCE,Synthetic transaction or committed-quote event; not an observed public closing price
INR_OIS_0.25Y,2025-10-31,SYNTHETIC_ARM_LENGTH_TRANSACTION,RPO-INR_OIS_0.25Y-041,True,SYNTHETIC_RFET_EVIDENCE,Synthetic transaction or committed-quote event; not an observed public closing price
INR_OIS_0.25Y,2025-11-05,SYNTHETIC_ARM_LENGTH_TRANSACTION,RPO-INR_OIS_0.25Y-042,True,SYNTHETIC_RFET_EVIDENCE,Synthetic transaction or committed-quote event; not an observed public closing price
INR_OIS_0.25Y,2025-11-07,SYNTHETIC_ARM_LENGTH_TRANSACTION,RPO-INR_OIS_0.25Y-043,True,SYNTHETIC_RFET_EVIDENCE,Synthetic transaction or committed-quote event; not an observed public closing price
INR_OIS_0.25Y,2025-11-11,SYNTHETIC_ARM_LENGTH_TRANSACTION,RPO-INR_OIS_0.25Y-044,True,SYNTHETIC_RFET_EVIDENCE,Synthetic transaction or committed-quote event; not an observed public closing price
INR_OIS_0.25Y,2025-11-13,SYNTHETIC_ARM_LENGTH_TRANSACTION,RPO-INR_OIS_0.25Y-045,True,SYNTHETIC_RFET_EVIDENCE,Synthetic transaction or committed-quote event; not an observed public closing price
INR_OIS_0.25Y,2025-11-18,SYNTHETIC_ARM_LENGTH_TRANSACTION,RPO-INR_OIS_0.25Y-046,True,SYNTHETIC_RFET_EVIDENCE,Synthetic transaction or committed-quote event; not an observed public closing price
INR_OIS_0.25Y,2025-11-20,SYNTHETIC_ARM_LENGTH_TRANSACTION,RPO-INR_OIS_0.25Y-047,True,SYNTHETIC_RFET_EVIDENCE,Synthetic transaction or committed-quote event; not an observed public closing price
INR_OIS_0.25Y,2025-11-24,SYNTHETIC_ARM_LENGTH_TRANSACTION,RPO-INR_OIS_0.25Y-048,True,SYNTHETIC_RFET_EVIDENCE,Synthetic transaction or committed-quote event; not an observed public closing price
INR_OIS_0.25Y,2025-11-26,SYNTHETIC_ARM_LENGTH_TRANSACTION,RPO-INR_OIS_0.25Y-049,True,SYNTHETIC_RFET_EVIDENCE,Synthetic transaction or committed-quote event; not an observed public closing price
INR_OIS_0.25Y,2025-11-28,SYNTHETIC_ARM_LENGTH_TRANSACTION,RPO-INR_OIS_0.25Y-050,True,SYNTHETIC_RFET_EVIDENCE,Synthetic transaction or committed-quote event; not an observed public closing price
INR_OIS_0.25Y,2025-12-03,SYNTHETIC_ARM_LENGTH_TRANSACTION,RPO-INR_OIS_0.25Y-051,True,SYNTHETIC_RFET_EVIDENCE,Synthetic transaction or committed-quote event; not an observed public closing price
INR_OIS_0.25Y,2025-12-05,SYNTHETIC_ARM_LENGTH_TRANSACTION,RPO-INR_OIS_0.25Y-052,True,SYNTHETIC_RFET_EVIDENCE,Synthetic transaction or committed-quote event; not an observed public closing price
INR_OIS_0.25Y,2025-12-09,SYNTHETIC_ARM_LENGTH_TRANSACTION,RPO-INR_OIS_0.25Y-053,True,SYNTHETIC_RFET_EVIDENCE,Synthetic transaction or committed-quote event; not an observed public closing price
INR_OIS_0.25Y,2025-12-11,SYNTHETIC_ARM_LENGTH_TRANSACTION,RPO-INR_OIS_0.25Y-054,True,SYNTHETIC_RFET_EVIDENCE,Synthetic transaction or committed-quote event; not an observed public closing price
INR_OIS_0.25Y,2025-12-16,SYNTHETIC_ARM_LENGTH_TRANSACTION,RPO-INR_OIS_0.25Y-055,True,SYNTHETIC_RFET_EVIDENCE,Synthetic transaction or committed-quote event; not an observed public closing price
INR_OIS_0.25Y,2025-12-18,SYNTHETIC_ARM_LENGTH_TRANSACTION,RPO-INR_OIS_0.25Y-056,True,SYNTHETIC_RFET_EVIDENCE,Synthetic transaction or committed-quote event; not an observed public closing price
INR_OIS_0.25Y,2025-12-22,SYNTHETIC_ARM_LENGTH_TRANSACTION,RPO-INR_OIS_0.25Y-057,True,SYNTHETIC_RFET_EVIDENCE,Synthetic transaction or committed-quote event; not an observed public closing price
INR_OIS_0.25Y,2025-12-24,SYNTHETIC_ARM_LENGTH_TRANSACTION,RPO-INR_OIS_0.25Y-058,True,SYNTHETIC_RFET_EVIDENCE,Synthetic transaction or committed-quote event; not an observed public closing price
INR_OIS_0.25Y,2025-12-26,SYNTHETIC_ARM_LENGTH_TRANSACTION,RPO-INR_OIS_0.25Y-059,True,SYNTHETIC_RFET_EVIDENCE,Synthetic transaction or committed-quote event; not an observed public closing price
INR_OIS_0.25Y,2025-12-31,SYNTHETIC_ARM_LENGTH_TRANSACTION,RPO-INR_OIS_0.25Y-060,True,SYNTHETIC_RFET_EVIDENCE,Synthetic transaction or committed-quote event; not an observed public closing price
INR_OIS_0.25Y,2026-01-02,SYNTHETIC_ARM_LENGTH_TRANSACTION,RPO-INR_OIS_0.25Y-061,True,SYNTHETIC_RFET_EVIDENCE,Synthetic transaction or committed-quote event; not an observed public closing price
INR_OIS_0.25Y,2026-01-06,SYNTHETIC_ARM_LENGTH_TRANSACTION,RPO-INR_OIS_0.25Y-062,True,SYNTHETIC_RFET_EVIDENCE,Synthetic transaction or committed-quote event; not an observed public closing price
INR_OIS_0.25Y,2026-01-08,SYNTHETIC_ARM_LENGTH_TRANSACTION,RPO-INR_OIS_0.25Y-063,True,SYNTHETIC_RFET_EVIDENCE,Synthetic transaction or committed-quote event; not an observed public closing price
INR_OIS_0.25Y,2026-01-13,SYNTHETIC_ARM_LENGTH_TRANSACTION,RPO-INR_OIS_0.25Y-064,True,SYNTHETIC_RFET_EVIDENCE,Synthetic transaction or committed-quote event; not an observed public closing price
INR_OIS_0.25Y,2026-01-15,SYNTHETIC_ARM_LENGTH_TRANSACTION,RPO-INR_OIS_0.25Y-065,True,SYNTHETIC_RFET_EVIDENCE,Synthetic transaction or committed-quote event; not an observed public closing price
INR_OIS_0.25Y,2026-01-19,SYNTHETIC_ARM_LENGTH_TRANSACTION,RPO-INR_OIS_0.25Y-066,True,SYNTHETIC_RFET_EVIDENCE,Synthetic transaction or committed-quote event; not an observed public closing price
INR_OIS_0.25Y,2026-01-21,SYNTHETIC_ARM_LENGTH_TRANSACTION,RPO-INR_OIS_0.25Y-067,True,SYNTHETIC_RFET_EVIDENCE,Synthetic transaction or committed-quote event; not an observed public closing price
INR_OIS_0.25Y,2026-01-23,SYNTHETIC_ARM_LENGTH_TRANSACTION,RPO-INR_OIS_0.25Y-068,True,SYNTHETIC_RFET_EVIDENCE,Synthetic transaction or committed-quote event; not an observed public closing price
INR_OIS_0.25Y,2026-01-28,SYNTHETIC_ARM_LENGTH_TRANSACTION,RPO-INR_OIS_0.25Y-069,True,SYNTHETIC_RFET_EVIDENCE,Synthetic transaction or committed-quote event; not an observed public closing price
INR_OIS_0.25Y,2026-01-30,SYNTHETIC_ARM_LENGTH_TRANSACTION,RPO-INR_OIS_0.25Y-070,True,SYNTHETIC_RFET_EVIDENCE,Synthetic transaction or committed-quote event; not an observed public closing price
INR_OIS_0.25Y,2026-02-03,SYNTHETIC_ARM_LENGTH_TRANSACTION,RPO-INR_OIS_0.25Y-071,True,SYNTHETIC_RFET_EVIDENCE,Synthetic transaction or committed-quote event; not an observed public closing price
INR_OIS_0.25Y,2026-02-05,SYNTHETIC_ARM_LENGTH_TRANSACTION,RPO-INR_OIS_0.25Y-072,True,SYNTHETIC_RFET_EVIDENCE,Synthetic transaction or committed-quote event; not an observed public closing price
INR_OIS_0.25Y,2026-02-10,SYNTHETIC_ARM_LENGTH_TRANSACTION,RPO-INR_OIS_0.25Y-073,True,SYNTHETIC_RFET_EVIDENCE,Synthetic transaction or committed-quote event; not an observed public closing price
INR_OIS_0.25Y,2026-02-12,SYNTHETIC_ARM_LENGTH_TRANSACTION,RPO-INR_OIS_0.25Y-074,True,SYNTHETIC_RFET_EVIDENCE,Synthetic transaction or committed-quote event; not an observed public closing price
INR_OIS_0.25Y,2026-02-16,SYNTHETIC_ARM_LENGTH_TRANSACTION,RPO-INR_OIS_0.25Y-075,True,SYNTHETIC_RFET_EVIDENCE,Synthetic transaction or committed-quote event; not an observed public closing price
INR_OIS_0.25Y,2026-02-18,SYNTHETIC_ARM_LENGTH_TRANSACTION,RPO-INR_OIS_0.25Y-076,True,SYNTHETIC_RFET_EVIDENCE,Synthetic transaction or committed-quote event; not an observed public closing price
INR_OIS_0.25Y,2026-02-20,SYNTHETIC_ARM_LENGTH_TRANSACTION,RPO-INR_OIS_0.25Y-077,True,SYNTHETIC_RFET_EVIDENCE,Synthetic transaction or committed-quote event; not an observed public closing price
INR_OIS_0.25Y,2026-02-25,SYNTHETIC_ARM_LENGTH_TRANSACTION,RPO-INR_OIS_0.25Y-078,True,SYNTHETIC_RFET_EVIDENCE,Synthetic transaction or committed-quote event; not an observed public closing price
INR_OIS_0.25Y,2026-02-27,SYNTHETIC_ARM_LENGTH_TRANSACTION,RPO-INR_OIS_0.25Y-079,True,SYNTHETIC_RFET_EVIDENCE,Synthetic transaction or committed-quote event; not an observed public closing price
INR_OIS_0.25Y,2026-03-03,SYNTHETIC_ARM_LENGTH_TRANSACTION,RPO-INR_OIS_0.25Y-080,True,SYNTHETIC_RFET_EVIDENCE,Synthetic transaction or committed-quote event; not an observed public closing price
INR_OIS_0.25Y,2026-03-05,SYNTHETIC_ARM_LENGTH_TRANSACTION,RPO-INR_OIS_0.25Y-081,True,SYNTHETIC_RFET_EVIDENCE,Synthetic transaction or committed-quote event; not an observed public closing price
INR_OIS_0.25Y,2026-03-10,SYNTHETIC_ARM_LENGTH_TRANSACTION,RPO-INR_OIS_0.25Y-082,True,SYNTHETIC_RFET_EVIDENCE,Synthetic transaction or committed-quote event; not an observed public closing price
INR_OIS_0.25Y,2026-03-12,SYNTHETIC_ARM_LENGTH_TRANSACTION,RPO-INR_OIS_0.25Y-083,True,SYNTHETIC_RFET_EVIDENCE,Synthetic transaction or committed-quote event; not an observed public closing price
INR_OIS_0.25Y,2026-03-16,SYNTHETIC_ARM_LENGTH_TRANSACTION,RPO-INR_OIS_0.25Y-084,True,SYNTHETIC_RFET_EVIDENCE,Synthetic transaction or committed-quote event; not an observed public closing price
INR_OIS_0.25Y,2026-03-18,SYNTHETIC_ARM_LENGTH_TRANSACTION,RPO-INR_OIS_0.25Y-085,True,SYNTHETIC_RFET_EVIDENCE,Synthetic transaction or committed-quote event; not an observed public closing price
INR_OIS_0.25Y,2026-03-20,SYNTHETIC_ARM_LENGTH_TRANSACTION,RPO-INR_OIS_0.25Y-086,True,SYNTHETIC_RFET_EVIDENCE,Synthetic transaction or committed-quote event; not an observed public closing price
INR_OIS_0.25Y,2026-03-25,SYNTHETIC_ARM_LENGTH_TRANSACTION,RPO-INR_OIS_0.25Y-087,True,SYNTHETIC_RFET_EVIDENCE,Synthetic transaction or committed-quote event; not an observed public closing price
INR_OIS_0.25Y,2026-03-27,SYNTHETIC_ARM_LENGTH_TRANSACTION,RPO-INR_OIS_0.25Y-088,True,SYNTHETIC_RFET_EVIDENCE,Synthetic transaction or committed-quote event; not an observed public closing price
INR_OIS_0.25Y,2026-03-31,SYNTHETIC_ARM_LENGTH_TRANSACTION,RPO-INR_OIS_0.25Y-089,True,SYNTHETIC_RFET_EVIDENCE,Synthetic transaction or committed-quote event; not an observed public closing price
INR_OIS_0.25Y,2026-04-02,SYNTHETIC_ARM_LENGTH_TRANSACTION,RPO-INR_OIS_0.25Y-090,True,SYNTHETIC_RFET_EVIDENCE,Synthetic transaction or committed-quote event; not an observed public closing price
INR_OIS_0.25Y,2026-04-07,SYNTHETIC_ARM_LENGTH_TRANSACTION,RPO-INR_OIS_0.25Y-091,True,SYNTHETIC_RFET_EVIDENCE,Synthetic transaction or committed-quote event; not an observed public closing price
INR_OIS_0.25Y,2026-04-09,SYNTHETIC_ARM_LENGTH_TRANSACTION,RPO-INR_OIS_0.25Y-092,True,SYNTHETIC_RFET_EVIDENCE,Synthetic transaction or committed-quote event; not an observed public closing price
INR_OIS_0.25Y,2026-04-13,SYNTHETIC_ARM_LENGTH_TRANSACTION,RPO-INR_OIS_0.25Y-093,True,SYNTHETIC_RFET_EVIDENCE,Synthetic transaction or committed-quote event; not an observed public closing price
INR_OIS_0.25Y,2026-04-15,SYNTHETIC_ARM_LENGTH_TRANSACTION,RPO-INR_OIS_0.25Y-094,True,SYNTHETIC_RFET_EVIDENCE,Synthetic transaction or committed-quote event; not an observed public closing price
INR_OIS_0.25Y,2026-04-17,SYNTHETIC_ARM_LENGTH_TRANSACTION,RPO-INR_OIS_0.25Y-095,True,SYNTHETIC_RFET_EVIDENCE,Synthetic transaction or committed-quote event; not an observed public closing price
INR_OIS_0.25Y,2026-04-22,SYNTHETIC_ARM_LENGTH_TRANSACTION,RPO-INR_OIS_0.25Y-096,True,SYNTHETIC_RFET_EVIDENCE,Synthetic transaction or committed-quote event; not an observed public closing price
INR_OIS_0.25Y,2026-04-24,SYNTHETIC_ARM_LENGTH_TRANSACTION,RPO-INR_OIS_0.25Y-097,True,SYNTHETIC_RFET_EVIDENCE,Synthetic transaction or committed-quote event; not an observed public closing price
INR_OIS_0.25Y,2026-04-28,SYNTHETIC_ARM_LENGTH_TRANSACTION,RPO-INR_OIS_0.25Y-098,True,SYNTHETIC_RFET_EVIDENCE,Synthetic transaction or committed-quote event; not an observed public closing price
INR_OIS_0.25Y,2026-04-30,SYNTHETIC_ARM_LENGTH_TRANSACTION,RPO-INR_OIS_0.25Y-099,True,SYNTHETIC_RFET_EVIDENCE,Synthetic transaction or committed-quote event; not an observed public closing price
INR_OIS_0.25Y,2026-05-05,SYNTHETIC_ARM_LENGTH_TRANSACTION,RPO-INR_OIS_0.25Y-100,True,SYNTHETIC_RFET_EVIDENCE,Synthetic transaction or committed-quote event; not an observed public closing price
INR_OIS_0.25Y,2026-05-07,SYNTHETIC_ARM_LENGTH_TRANSACTION,RPO-INR_OIS_0.25Y-101,True,SYNTHETIC_RFET_EVIDENCE,Synthetic transaction or committed-quote event; not an observed public closing price
INR_OIS_0.25Y,2026-05-11,SYNTHETIC_ARM_LENGTH_TRANSACTION,RPO-INR_OIS_0.25Y-102,True,SYNTHETIC_RFET_EVIDENCE,Synthetic transaction or committed-quote event; not an observed public closing price
INR_OIS_0.25Y,2026-05-13,SYNTHETIC_ARM_LENGTH_TRANSACTION,RPO-INR_OIS_0.25Y-103,True,SYNTHETIC_RFET_EVIDENCE,Synthetic transaction or committed-quote event; not an observed public closing price
INR_OIS_0.25Y,2026-05-15,SYNTHETIC_ARM_LENGTH_TRANSACTION,RPO-INR_OIS_0.25Y-104,True,SYNTHETIC_RFET_EVIDENCE,Synthetic transaction or committed-quote event; not an observed public closing price
INR_OIS_0.25Y,2026-05-20,SYNTHETIC_ARM_LENGTH_TRANSACTION,RPO-INR_OIS_0.25Y-105,True,SYNTHETIC_RFET_EVIDENCE,Synthetic transaction or committed-quote event; not an observed public closing price
INR_OIS_0.25Y,2026-05-22,SYNTHETIC_ARM_LENGTH_TRANSACTION,RPO-INR_OIS_0.25Y-106,True,SYNTHETIC_RFET_EVIDENCE,Synthetic transaction or committed-quote event; not an observed public closing price
INR_OIS_0.25Y,2026-05-26,SYNTHETIC_ARM_LENGTH_TRANSACTION,RPO-INR_OIS_0.25Y-107,True,SYNTHETIC_RFET_EVIDENCE,Synthetic transaction or committed-quote event; not an observed public closing price
INR_OIS_0.25Y,2026-05-28,SYNTHETIC_ARM_LENGTH_TRANSACTION,RPO-INR_OIS_0.25Y-108,True,SYNTHETIC_RFET_EVIDENCE,Synthetic transaction or committed-quote event; not an observed public closing price
INR_OIS_0.25Y,2026-06-02,SYNTHETIC_ARM_LENGTH_TRANSACTION,RPO-INR_OIS_0.25Y-109,True,SYNTHETIC_RFET_EVIDENCE,Synthetic transaction or committed-quote event; not an observed public closing price
INR_OIS_0.25Y,2026-06-04,SYNTHETIC_ARM_LENGTH_TRANSACTION,RPO-INR_OIS_0.25Y-110,True,SYNTHETIC_RFET_EVIDENCE,Synthetic transaction or committed-quote event; not an observed public closing price
INR_OIS_0.25Y,2026-06-08,SYNTHETIC_ARM_LENGTH_TRANSACTION,RPO-INR_OIS_0.25Y-111,True,SYNTHETIC_RFET_EVIDENCE,Synthetic transaction or committed-quote event; not an observed public closing price
INR_OIS_0.25Y,2026-06-10,SYNTHETIC_ARM_LENGTH_TRANSACTION,RPO-INR_OIS_0.25Y-112,True,SYNTHETIC_RFET_EVIDENCE,Synthetic transaction or committed-quote event; not an observed public closing price
INR_OIS_0.25Y,2026-06-12,SYNTHETIC_ARM_LENGTH_TRANSACTION,RPO-INR_OIS_0.25Y-113,True,SYNTHETIC_RFET_EVIDENCE,Synthetic transaction or committed-quote event; not an observed public closing price
INR_OIS_0.25Y,2026-06-17,SYNTHETIC_ARM_LENGTH_TRANSACTION,RPO-INR_OIS_0.25Y-114,True,SYNTHETIC_RFET_EVIDENCE,Synthetic transaction or committed-quote event; not an observed public closing price
INR_OIS_0.25Y,2026-06-19,SYNTHETIC_ARM_LENGTH_TRANSACTION,RPO-INR_OIS_0.25Y-115,True,SYNTHETIC_RFET_EVIDENCE,Synthetic transaction or committed-quote event; not an observed public closing price
INR_OIS_0.25Y,2026-06-23,SYNTHETIC_ARM_LENGTH_TRANSACTION,RPO-INR_OIS_0.25Y-116,True,SYNTHETIC_RFET_EVIDENCE,Synthetic transaction or committed-quote event; not an observed public closing price
INR_OIS_0.25Y,2026-06-25,SYNTHETIC_ARM_LENGTH_TRANSACTION,RPO-INR_OIS_0.25Y-117,True,SYNTHETIC_RFET_EVIDENCE,Synthetic transaction or committed-quote event; not an observed public closing price
INR_OIS_0.25Y,2026-06-30,SYNTHETIC_ARM_LENGTH_TRANSACTION,RPO-INR_OIS_0.25Y-118,True,SYNTHETIC_RFET_EVIDENCE,Synthetic transaction or committed-quote event; not an observed public closing price
INR_OIS_0.5Y,2025-07-01,SYNTHETIC_ARM_LENGTH_TRANSACTION,RPO-INR_OIS_0.5Y-001,True,SYNTHETIC_RFET_EVIDENCE,Synthetic transaction or committed-quote event; not an observed public closing price
INR_OIS_0.5Y,2025-07-03,SYNTHETIC_ARM_LENGTH_TRANSACTION,RPO-INR_OIS_0.5Y-002,True,SYNTHETIC_RFET_EVIDENCE,Synthetic transaction or committed-quote event; not an observed public closing price
INR_OIS_0.5Y,2025-07-07,SYNTHETIC_ARM_LENGTH_TRANSACTION,RPO-INR_OIS_0.5Y-003,True,SYNTHETIC_RFET_EVIDENCE,Synthetic transaction or committed-quote event; not an observed public closing price
INR_OIS_0.5Y,2025-07-09,SYNTHETIC_ARM_LENGTH_TRANSACTION,RPO-INR_OIS_0.5Y-004,True,SYNTHETIC_RFET_EVIDENCE,Synthetic transaction or committed-quote event; not an observed public closing price
INR_OIS_0.5Y,2025-07-11,SYNTHETIC_ARM_LENGTH_TRANSACTION,RPO-INR_OIS_0.5Y-005,True,SYNTHETIC_RFET_EVIDENCE,Synthetic transaction or committed-quote event; not an observed public closing price
INR_OIS_0.5Y,2025-07-16,SYNTHETIC_ARM_LENGTH_TRANSACTION,RPO-INR_OIS_0.5Y-006,True,SYNTHETIC_RFET_EVIDENCE,Synthetic transaction or committed-quote event; not an observed public closing price
INR_OIS_0.5Y,2025-07-18,SYNTHETIC_ARM_LENGTH_TRANSACTION,RPO-INR_OIS_0.5Y-007,True,SYNTHETIC_RFET_EVIDENCE,Synthetic transaction or committed-quote event; not an observed public closing price
INR_OIS_0.5Y,2025-07-22,SYNTHETIC_ARM_LENGTH_TRANSACTION,RPO-INR_OIS_0.5Y-008,True,SYNTHETIC_RFET_EVIDENCE,Synthetic transaction or committed-quote event; not an observed public closing price
INR_OIS_0.5Y,2025-07-24,SYNTHETIC_ARM_LENGTH_TRANSACTION,RPO-INR_OIS_0.5Y-009,True,SYNTHETIC_RFET_EVIDENCE,Synthetic transaction or committed-quote event; not an observed public closing price
INR_OIS_0.5Y,2025-07-29,SYNTHETIC_ARM_LENGTH_TRANSACTION,RPO-INR_OIS_0.5Y-010,True,SYNTHETIC_RFET_EVIDENCE,Synthetic transaction or committed-quote event; not an observed public closing price
INR_OIS_0.5Y,2025-07-31,SYNTHETIC_ARM_LENGTH_TRANSACTION,RPO-INR_OIS_0.5Y-011,True,SYNTHETIC_RFET_EVIDENCE,Synthetic transaction or committed-quote event; not an observed public closing price
INR_OIS_0.5Y,2025-08-04,SYNTHETIC_ARM_LENGTH_TRANSACTION,RPO-INR_OIS_0.5Y-012,True,SYNTHETIC_RFET_EVIDENCE,Synthetic transaction or committed-quote event; not an observed public closing price
INR_OIS_0.5Y,2025-08-06,SYNTHETIC_ARM_LENGTH_TRANSACTION,RPO-INR_OIS_0.5Y-013,True,SYNTHETIC_RFET_EVIDENCE,Synthetic transaction or committed-quote event; not an observed public closing price
INR_OIS_0.5Y,2025-08-08,SYNTHETIC_ARM_LENGTH_TRANSACTION,RPO-INR_OIS_0.5Y-014,True,SYNTHETIC_RFET_EVIDENCE,Synthetic transaction or committed-quote event; not an observed public closing price
INR_OIS_0.5Y,2025-08-13,SYNTHETIC_ARM_LENGTH_TRANSACTION,RPO-INR_OIS_0.5Y-015,True,SYNTHETIC_RFET_EVIDENCE,Synthetic transaction or committed-quote event; not an observed public closing price
INR_OIS_0.5Y,2025-08-15,SYNTHETIC_ARM_LENGTH_TRANSACTION,RPO-INR_OIS_0.5Y-016,True,SYNTHETIC_RFET_EVIDENCE,Synthetic transaction or committed-quote event; not an observed public closing price
INR_OIS_0.5Y,2025-08-19,SYNTHETIC_ARM_LENGTH_TRANSACTION,RPO-INR_OIS_0.5Y-017,True,SYNTHETIC_RFET_EVIDENCE,Synthetic transaction or committed-quote event; not an observed public closing price
INR_OIS_0.5Y,2025-08-21,SYNTHETIC_ARM_LENGTH_TRANSACTION,RPO-INR_OIS_0.5Y-018,True,SYNTHETIC_RFET_EVIDENCE,Synthetic transaction or committed-quote event; not an observed public closing price
INR_OIS_0.5Y,2025-08-26,SYNTHETIC_ARM_LENGTH_TRANSACTION,RPO-INR_OIS_0.5Y-019,True,SYNTHETIC_RFET_EVIDENCE,Synthetic transaction or committed-quote event; not an observed public closing price
INR_OIS_0.5Y,2025-08-28,SYNTHETIC_ARM_LENGTH_TRANSACTION,RPO-INR_OIS_0.5Y-020,True,SYNTHETIC_RFET_EVIDENCE,Synthetic transaction or committed-quote event; not an observed public closing price
INR_OIS_0.5Y,2025-09-01,SYNTHETIC_ARM_LENGTH_TRANSACTION,RPO-INR_OIS_0.5Y-021,True,SYNTHETIC_RFET_EVIDENCE,Synthetic transaction or committed-quote event; not an observed public closing price
INR_OIS_0.5Y,2025-09-03,SYNTHETIC_ARM_LENGTH_TRANSACTION,RPO-INR_OIS_0.5Y-022,True,SYNTHETIC_RFET_EVIDENCE,Synthetic transaction or committed-quote event; not an observed public closing price
INR_OIS_0.5Y,2025-09-05,SYNTHETIC_ARM_LENGTH_TRANSACTION,RPO-INR_OIS_0.5Y-023,True,SYNTHETIC_RFET_EVIDENCE,Synthetic transaction or committed-quote event; not an observed public closing price
INR_OIS_0.5Y,2025-09-10,SYNTHETIC_ARM_LENGTH_TRANSACTION,RPO-INR_OIS_0.5Y-024,True,SYNTHETIC_RFET_EVIDENCE,Synthetic transaction or committed-quote event; not an observed public closing price
INR_OIS_0.5Y,2025-09-12,SYNTHETIC_ARM_LENGTH_TRANSACTION,RPO-INR_OIS_0.5Y-025,True,SYNTHETIC_RFET_EVIDENCE,Synthetic transaction or committed-quote event; not an observed public closing price
INR_OIS_0.5Y,2025-09-16,SYNTHETIC_ARM_LENGTH_TRANSACTION,RPO-INR_OIS_0.5Y-026,True,SYNTHETIC_RFET_EVIDENCE,Synthetic transaction or committed-quote event; not an observed public closing price
INR_OIS_0.5Y,2025-09-18,SYNTHETIC_ARM_LENGTH_TRANSACTION,RPO-INR_OIS_0.5Y-027,True,SYNTHETIC_RFET_EVIDENCE,Synthetic transaction or committed-quote event; not an observed public closing price
INR_OIS_0.5Y,2025-09-23,SYNTHETIC_ARM_LENGTH_TRANSACTION,RPO-INR_OIS_0.5Y-028,True,SYNTHETIC_RFET_EVIDENCE,Synthetic transaction or committed-quote event; not an observed public closing price
INR_OIS_0.5Y,2025-09-25,SYNTHETIC_ARM_LENGTH_TRANSACTION,RPO-INR_OIS_0.5Y-029,True,SYNTHETIC_RFET_EVIDENCE,Synthetic transaction or committed-quote event; not an observed public closing price
INR_OIS_0.5Y,2025-09-29,SYNTHETIC_ARM_LENGTH_TRANSACTION,RPO-INR_OIS_0.5Y-030,True,SYNTHETIC_RFET_EVIDENCE,Synthetic transaction or committed-quote event; not an observed public closing price
INR_OIS_0.5Y,2025-10-01,SYNTHETIC_ARM_LENGTH_TRANSACTION,RPO-INR_OIS_0.5Y-031,True,SYNTHETIC_RFET_EVIDENCE,Synthetic transaction or committed-quote event; not an observed public closing price
INR_OIS_0.5Y,2025-10-03,SYNTHETIC_ARM_LENGTH_TRANSACTION,RPO-INR_OIS_0.5Y-032,True,SYNTHETIC_RFET_EVIDENCE,Synthetic transaction or committed-quote event; not an observed public closing price
INR_OIS_0.5Y,2025-10-08,SYNTHETIC_ARM_LENGTH_TRANSACTION,RPO-INR_OIS_0.5Y-033,True,SYNTHETIC_RFET_EVIDENCE,Synthetic transaction or committed-quote event; not an observed public closing price
INR_OIS_0.5Y,2025-10-10,SYNTHETIC_ARM_LENGTH_TRANSACTION,RPO-INR_OIS_0.5Y-034,True,SYNTHETIC_RFET_EVIDENCE,Synthetic transaction or committed-quote event; not an observed public closing price
INR_OIS_0.5Y,2025-10-14,SYNTHETIC_ARM_LENGTH_TRANSACTION,RPO-INR_OIS_0.5Y-035,True,SYNTHETIC_RFET_EVIDENCE,Synthetic transaction or committed-quote event; not an observed public closing price
INR_OIS_0.5Y,2025-10-16,SYNTHETIC_ARM_LENGTH_TRANSACTION,RPO-INR_OIS_0.5Y-036,True,SYNTHETIC_RFET_EVIDENCE,Synthetic transaction or committed-quote event; not an observed public closing price
INR_OIS_0.5Y,2025-10-21,SYNTHETIC_ARM_LENGTH_TRANSACTION,RPO-INR_OIS_0.5Y-037,True,SYNTHETIC_RFET_EVIDENCE,Synthetic transaction or committed-quote event; not an observed public closing price
INR_OIS_0.5Y,2025-10-23,SYNTHETIC_ARM_LENGTH_TRANSACTION,RPO-INR_OIS_0.5Y-038,True,SYNTHETIC_RFET_EVIDENCE,Synthetic transaction or committed-quote event; not an observed public closing price
INR_OIS_0.5Y,2025-10-27,SYNTHETIC_ARM_LENGTH_TRANSACTION,RPO-INR_OIS_0.5Y-039,True,SYNTHETIC_RFET_EVIDENCE,Synthetic transaction or committed-quote event; not an observed public closing price
INR_OIS_0.5Y,2025-10-29,SYNTHETIC_ARM_LENGTH_TRANSACTION,RPO-INR_OIS_0.5Y-040,True,SYNTHETIC_RFET_EVIDENCE,Synthetic transaction or committed-quote event; not an observed public closing price
INR_OIS_0.5Y,2025-10-31,SYNTHETIC_ARM_LENGTH_TRANSACTION,RPO-INR_OIS_0.5Y-041,True,SYNTHETIC_RFET_EVIDENCE,Synthetic transaction or committed-quote event; not an observed public closing price
INR_OIS_0.5Y,2025-11-05,SYNTHETIC_ARM_LENGTH_TRANSACTION,RPO-INR_OIS_0.5Y-042,True,SYNTHETIC_RFET_EVIDENCE,Synthetic transaction or committed-quote event; not an observed public closing price
INR_OIS_0.5Y,2025-11-07,SYNTHETIC_ARM_LENGTH_TRANSACTION,RPO-INR_OIS_0.5Y-043,True,SYNTHETIC_RFET_EVIDENCE,Synthetic transaction or committed-quote event; not an observed public closing price
INR_OIS_0.5Y,2025-11-11,SYNTHETIC_ARM_LENGTH_TRANSACTION,RPO-INR_OIS_0.5Y-044,True,SYNTHETIC_RFET_EVIDENCE,Synthetic transaction or committed-quote event; not an observed public closing price
INR_OIS_0.5Y,2025-11-13,SYNTHETIC_ARM_LENGTH_TRANSACTION,RPO-INR_OIS_0.5Y-045,True,SYNTHETIC_RFET_EVIDENCE,Synthetic transaction or committed-quote event; not an observed public closing price
INR_OIS_0.5Y,2025-11-18,SYNTHETIC_ARM_LENGTH_TRANSACTION,RPO-INR_OIS_0.5Y-046,True,SYNTHETIC_RFET_EVIDENCE,Synthetic transaction or committed-quote event; not an observed public closing price
INR_OIS_0.5Y,2025-11-20,SYNTHETIC_ARM_LENGTH_TRANSACTION,RPO-INR_OIS_0.5Y-047,True,SYNTHETIC_RFET_EVIDENCE,Synthetic transaction or committed-quote event; not an observed public closing price
INR_OIS_0.5Y,2025-11-24,SYNTHETIC_ARM_LENGTH_TRANSACTION,RPO-INR_OIS_0.5Y-048,True,SYNTHETIC_RFET_EVIDENCE,Synthetic transaction or committed-quote event; not an observed public closing price
INR_OIS_0.5Y,2025-11-26,SYNTHETIC_ARM_LENGTH_TRANSACTION,RPO-INR_OIS_0.5Y-049,True,SYNTHETIC_RFET_EVIDENCE,Synthetic transaction or committed-quote event; not an observed public closing price
INR_OIS_0.5Y,2025-11-28,SYNTHETIC_ARM_LENGTH_TRANSACTION,RPO-INR_OIS_0.5Y-050,True,SYNTHETIC_RFET_EVIDENCE,Synthetic transaction or committed-quote event; not an observed public closing price
INR_OIS_0.5Y,2025-12-03,SYNTHETIC_ARM_LENGTH_TRANSACTION,RPO-INR_OIS_0.5Y-051,True,SYNTHETIC_RFET_EVIDENCE,Synthetic transaction or committed-quote event; not an observed public closing price
INR_OIS_0.5Y,2025-12-05,SYNTHETIC_ARM_LENGTH_TRANSACTION,RPO-INR_OIS_0.5Y-052,True,SYNTHETIC_RFET_EVIDENCE,Synthetic transaction or committed-quote event; not an observed public closing price
INR_OIS_0.5Y,2025-12-09,SYNTHETIC_ARM_LENGTH_TRANSACTION,RPO-INR_OIS_0.5Y-053,True,SYNTHETIC_RFET_EVIDENCE,Synthetic transaction or committed-quote event; not an observed public closing price
INR_OIS_0.5Y,2025-12-11,SYNTHETIC_ARM_LENGTH_TRANSACTION,RPO-INR_OIS_0.5Y-054,True,SYNTHETIC_RFET_EVIDENCE,Synthetic transaction or committed-quote event; not an observed public closing price
INR_OIS_0.5Y,2025-12-16,SYNTHETIC_ARM_LENGTH_TRANSACTION,RPO-INR_OIS_0.5Y-055,True,SYNTHETIC_RFET_EVIDENCE,Synthetic transaction or committed-quote event; not an observed public closing price
INR_OIS_0.5Y,2025-12-18,SYNTHETIC_ARM_LENGTH_TRANSACTION,RPO-INR_OIS_0.5Y-056,True,SYNTHETIC_RFET_EVIDENCE,Synthetic transaction or committed-quote event; not an observed public closing price
INR_OIS_0.5Y,2025-12-22,SYNTHETIC_ARM_LENGTH_TRANSACTION,RPO-INR_OIS_0.5Y-057,True,SYNTHETIC_RFET_EVIDENCE,Synthetic transaction or committed-quote event; not an observed public closing price
INR_OIS_0.5Y,2025-12-24,SYNTHETIC_ARM_LENGTH_TRANSACTION,RPO-INR_OIS_0.5Y-058,True,SYNTHETIC_RFET_EVIDENCE,Synthetic transaction or committed-quote event; not an observed public closing price
INR_OIS_0.5Y,2025-12-26,SYNTHETIC_ARM_LENGTH_TRANSACTION,RPO-INR_OIS_0.5Y-059,True,SYNTHETIC_RFET_EVIDENCE,Synthetic transaction or committed-quote event; not an observed public closing price
INR_OIS_0.5Y,2025-12-31,SYNTHETIC_ARM_LENGTH_TRANSACTION,RPO-INR_OIS_0.5Y-060,True,SYNTHETIC_RFET_EVIDENCE,Synthetic transaction or committed-quote event; not an observed public closing price
INR_OIS_0.5Y,2026-01-02,SYNTHETIC_ARM_LENGTH_TRANSACTION,RPO-INR_OIS_0.5Y-061,True,SYNTHETIC_RFET_EVIDENCE,Synthetic transaction or committed-quote event; not an observed public closing price
INR_OIS_0.5Y,2026-01-06,SYNTHETIC_ARM_LENGTH_TRANSACTION,RPO-INR_OIS_0.5Y-062,True,SYNTHETIC_RFET_EVIDENCE,Synthetic transaction or committed-quote event; not an observed public closing price
INR_OIS_0.5Y,2026-01-08,SYNTHETIC_ARM_LENGTH_TRANSACTION,RPO-INR_OIS_0.5Y-063,True,SYNTHETIC_RFET_EVIDENCE,Synthetic transaction or committed-quote event; not an observed public closing price
INR_OIS_0.5Y,2026-01-13,SYNTHETIC_ARM_LENGTH_TRANSACTION,RPO-INR_OIS_0.5Y-064,True,SYNTHETIC_RFET_EVIDENCE,Synthetic transaction or committed-quote event; not an observed public closing price
INR_OIS_0.5Y,2026-01-15,SYNTHETIC_ARM_LENGTH_TRANSACTION,RPO-INR_OIS_0.5Y-065,True,SYNTHETIC_RFET_EVIDENCE,Synthetic transaction or committed-quote event; not an observed public closing price
INR_OIS_0.5Y,2026-01-19,SYNTHETIC_ARM_LENGTH_TRANSACTION,RPO-INR_OIS_0.5Y-066,True,SYNTHETIC_RFET_EVIDENCE,Synthetic transaction or committed-quote event; not an observed public closing price
INR_OIS_0.5Y,2026-01-21,SYNTHETIC_ARM_LENGTH_TRANSACTION,RPO-INR_OIS_0.5Y-067,True,SYNTHETIC_RFET_EVIDENCE,Synthetic transaction or committed-quote event; not an observed public closing price
INR_OIS_0.5Y,2026-01-23,SYNTHETIC_ARM_LENGTH_TRANSACTION,RPO-INR_OIS_0.5Y-068,True,SYNTHETIC_RFET_EVIDENCE,Synthetic transaction or committed-quote event; not an observed public closing price
INR_OIS_0.5Y,2026-01-28,SYNTHETIC_ARM_LENGTH_TRANSACTION,RPO-INR_OIS_0.5Y-069,True,SYNTHETIC_RFET_EVIDENCE,Synthetic transaction or committed-quote event; not an observed public closing price
INR_OIS_0.5Y,2026-01-30,SYNTHETIC_ARM_LENGTH_TRANSACTION,RPO-INR_OIS_0.5Y-070,True,SYNTHETIC_RFET_EVIDENCE,Synthetic transaction or committed-quote event; not an observed public closing price
INR_OIS_0.5Y,2026-02-03,SYNTHETIC_ARM_LENGTH_TRANSACTION,RPO-INR_OIS_0.5Y-071,True,SYNTHETIC_RFET_EVIDENCE,Synthetic transaction or committed-quote event; not an observed public closing price
INR_OIS_0.5Y,2026-02-05,SYNTHETIC_ARM_LENGTH_TRANSACTION,RPO-INR_OIS_0.5Y-072,True,SYNTHETIC_RFET_EVIDENCE,Synthetic transaction or committed-quote event; not an observed public closing price
INR_OIS_0.5Y,2026-02-10,SYNTHETIC_ARM_LENGTH_TRANSACTION,RPO-INR_OIS_0.5Y-073,True,SYNTHETIC_RFET_EVIDENCE,Synthetic transaction or committed-quote event; not an observed public closing price
INR_OIS_0.5Y,2026-02-12,SYNTHETIC_ARM_LENGTH_TRANSACTION,RPO-INR_OIS_0.5Y-074,True,SYNTHETIC_RFET_EVIDENCE,Synthetic transaction or committed-quote event; not an observed public closing price
INR_OIS_0.5Y,2026-02-16,SYNTHETIC_ARM_LENGTH_TRANSACTION,RPO-INR_OIS_0.5Y-075,True,SYNTHETIC_RFET_EVIDENCE,Synthetic transaction or committed-quote event; not an observed public closing price
INR_OIS_0.5Y,2026-02-18,SYNTHETIC_ARM_LENGTH_TRANSACTION,RPO-INR_OIS_0.5Y-076,True,SYNTHETIC_RFET_EVIDENCE,Synthetic transaction or committed-quote event; not an observed public closing price
INR_OIS_0.5Y,2026-02-20,SYNTHETIC_ARM_LENGTH_TRANSACTION,RPO-INR_OIS_0.5Y-077,True,SYNTHETIC_RFET_EVIDENCE,Synthetic transaction or committed-quote event; not an observed public closing price
INR_OIS_0.5Y,2026-02-25,SYNTHETIC_ARM_LENGTH_TRANSACTION,RPO-INR_OIS_0.5Y-078,True,SYNTHETIC_RFET_EVIDENCE,Synthetic transaction or committed-quote event; not an observed public closing price
INR_OIS_0.5Y,2026-02-27,SYNTHETIC_ARM_LENGTH_TRANSACTION,RPO-INR_OIS_0.5Y-079,True,SYNTHETIC_RFET_EVIDENCE,Synthetic transaction or committed-quote event; not an observed public closing price
INR_OIS_0.5Y,2026-03-03,SYNTHETIC_ARM_LENGTH_TRANSACTION,RPO-INR_OIS_0.5Y-080,True,SYNTHETIC_RFET_EVIDENCE,Synthetic transaction or committed-quote event; not an observed public closing price
INR_OIS_0.5Y,2026-03-05,SYNTHETIC_ARM_LENGTH_TRANSACTION,RPO-INR_OIS_0.5Y-081,True,SYNTHETIC_RFET_EVIDENCE,Synthetic transaction or committed-quote event; not an observed public closing price
INR_OIS_0.5Y,2026-03-10,SYNTHETIC_ARM_LENGTH_TRANSACTION,RPO-INR_OIS_0.5Y-082,True,SYNTHETIC_RFET_EVIDENCE,Synthetic transaction or committed-quote event; not an observed public closing price
INR_OIS_0.5Y,2026-03-12,SYNTHETIC_ARM_LENGTH_TRANSACTION,RPO-INR_OIS_0.5Y-083,True,SYNTHETIC_RFET_EVIDENCE,Synthetic transaction or committed-quote event; not an observed public closing price
INR_OIS_0.5Y,2026-03-16,SYNTHETIC_ARM_LENGTH_TRANSACTION,RPO-INR_OIS_0.5Y-084,True,SYNTHETIC_RFET_EVIDENCE,Synthetic transaction or committed-quote event; not an observed public closing price
INR_OIS_0.5Y,2026-03-18,SYNTHETIC_ARM_LENGTH_TRANSACTION,RPO-INR_OIS_0.5Y-085,True,SYNTHETIC_RFET_EVIDENCE,Synthetic transaction or committed-quote event; not an observed public closing price
INR_OIS_0.5Y,2026-03-20,SYNTHETIC_ARM_LENGTH_TRANSACTION,RPO-INR_OIS_0.5Y-086,True,SYNTHETIC_RFET_EVIDENCE,Synthetic transaction or committed-quote event; not an observed public closing price
INR_OIS_0.5Y,2026-03-25,SYNTHETIC_ARM_LENGTH_TRANSACTION,RPO-INR_OIS_0.5Y-087,True,SYNTHETIC_RFET_EVIDENCE,Synthetic transaction or committed-quote event; not an observed public closing price
INR_OIS_0.5Y,2026-03-27,SYNTHETIC_ARM_LENGTH_TRANSACTION,RPO-INR_OIS_0.5Y-088,True,SYNTHETIC_RFET_EVIDENCE,Synthetic transaction or committed-quote event; not an observed public closing price
INR_OIS_0.5Y,2026-03-31,SYNTHETIC_ARM_LENGTH_TRANSACTION,RPO-INR_OIS_0.5Y-089,True,SYNTHETIC_RFET_EVIDENCE,Synthetic transaction or committed-quote event; not an observed public closing price
INR_OIS_0.5Y,2026-04-02,SYNTHETIC_ARM_LENGTH_TRANSACTION,RPO-INR_OIS_0.5Y-090,True,SYNTHETIC_RFET_EVIDENCE,Synthetic transaction or committed-quote event; not an observed public closing price
INR_OIS_0.5Y,2026-04-07,SYNTHETIC_ARM_LENGTH_TRANSACTION,RPO-INR_OIS_0.5Y-091,True,SYNTHETIC_RFET_EVIDENCE,Synthetic transaction or committed-quote event; not an observed public closing price
INR_OIS_0.5Y,2026-04-09,SYNTHETIC_ARM_LENGTH_TRANSACTION,RPO-INR_OIS_0.5Y-092,True,SYNTHETIC_RFET_EVIDENCE,Synthetic transaction or committed-quote event; not an observed public closing price
INR_OIS_0.5Y,2026-04-13,SYNTHETIC_ARM_LENGTH_TRANSACTION,RPO-INR_OIS_0.5Y-093,True,SYNTHETIC_RFET_EVIDENCE,Synthetic transaction or committed-quote event; not an observed public closing price
INR_OIS_0.5Y,2026-04-15,SYNTHETIC_ARM_LENGTH_TRANSACTION,RPO-INR_OIS_0.5Y-094,True,SYNTHETIC_RFET_EVIDENCE,Synthetic transaction or committed-quote event; not an observed public closing price
INR_OIS_0.5Y,2026-04-17,SYNTHETIC_ARM_LENGTH_TRANSACTION,RPO-INR_OIS_0.5Y-095,True,SYNTHETIC_RFET_EVIDENCE,Synthetic transaction or committed-quote event; not an observed public closing price
INR_OIS_0.5Y,2026-04-22,SYNTHETIC_ARM_LENGTH_TRANSACTION,RPO-INR_OIS_0.5Y-096,True,SYNTHETIC_RFET_EVIDENCE,Synthetic transaction or committed-quote event; not an observed public closing price
INR_OIS_0.5Y,2026-04-24,SYNTHETIC_ARM_LENGTH_TRANSACTION,RPO-INR_OIS_0.5Y-097,True,SYNTHETIC_RFET_EVIDENCE,Synthetic transaction or committed-quote event; not an observed public closing price
INR_OIS_0.5Y,2026-04-28,SYNTHETIC_ARM_LENGTH_TRANSACTION,RPO-INR_OIS_0.5Y-098,True,SYNTHETIC_RFET_EVIDENCE,Synthetic transaction or committed-quote event; not an observed public closing price
INR_OIS_0.5Y,2026-04-30,SYNTHETIC_ARM_LENGTH_TRANSACTION,RPO-INR_OIS_0.5Y-099,True,SYNTHETIC_RFET_EVIDENCE,Synthetic transaction or committed-quote event; not an observed public closing price
INR_OIS_0.5Y,2026-05-05,SYNTHETIC_ARM_LENGTH_TRANSACTION,RPO-INR_OIS_0.5Y-100,True,SYNTHETIC_RFET_EVIDENCE,Synthetic transaction or committed-quote event; not an observed public closing price
INR_OIS_0.5Y,2026-05-07,SYNTHETIC_ARM_LENGTH_TRANSACTION,RPO-INR_OIS_0.5Y-101,True,SYNTHETIC_RFET_EVIDENCE,Synthetic transaction or committed-quote event; not an observed public closing price
INR_OIS_0.5Y,2026-05-11,SYNTHETIC_ARM_LENGTH_TRANSACTION,RPO-INR_OIS_0.5Y-102,True,SYNTHETIC_RFET_EVIDENCE,Synthetic transaction or committed-quote event; not an observed public closing price
INR_OIS_0.5Y,2026-05-13,SYNTHETIC_ARM_LENGTH_TRANSACTION,RPO-INR_OIS_0.5Y-103,True,SYNTHETIC_RFET_EVIDENCE,Synthetic transaction or committed-quote event; not an observed public closing price
INR_OIS_0.5Y,2026-05-15,SYNTHETIC_ARM_LENGTH_TRANSACTION,RPO-INR_OIS_0.5Y-104,True,SYNTHETIC_RFET_EVIDENCE,Synthetic transaction or committed-quote event; not an observed public closing price
INR_OIS_0.5Y,2026-05-20,SYNTHETIC_ARM_LENGTH_TRANSACTION,RPO-INR_OIS_0.5Y-105,True,SYNTHETIC_RFET_EVIDENCE,Synthetic transaction or committed-quote event; not an observed public closing price
INR_OIS_0.5Y,2026-05-22,SYNTHETIC_ARM_LENGTH_TRANSACTION,RPO-INR_OIS_0.5Y-106,True,SYNTHETIC_RFET_EVIDENCE,Synthetic transaction or committed-quote event; not an observed public closing price
INR_OIS_0.5Y,2026-05-26,SYNTHETIC_ARM_LENGTH_TRANSACTION,RPO-INR_OIS_0.5Y-107,True,SYNTHETIC_RFET_EVIDENCE,Synthetic transaction or committed-quote event; not an observed public closing price
INR_OIS_0.5Y,2026-05-28,SYNTHETIC_ARM_LENGTH_TRANSACTION,RPO-INR_OIS_0.5Y-108,True,SYNTHETIC_RFET_EVIDENCE,Synthetic transaction or committed-quote event; not an observed public closing price
INR_OIS_0.5Y,2026-06-02,SYNTHETIC_ARM_LENGTH_TRANSACTION,RPO-INR_OIS_0.5Y-109,True,SYNTHETIC_RFET_EVIDENCE,Synthetic transaction or committed-quote event; not an observed public closing price
INR_OIS_0.5Y,2026-06-04,SYNTHETIC_ARM_LENGTH_TRANSACTION,RPO-INR_OIS_0.5Y-110,True,SYNTHETIC_RFET_EVIDENCE,Synthetic transaction or committed-quote event; not an observed public closing price
INR_OIS_0.5Y,2026-06-08,SYNTHETIC_ARM_LENGTH_TRANSACTION,RPO-INR_OIS_0.5Y-111,True,SYNTHETIC_RFET_EVIDENCE,Synthetic transaction or committed-quote event; not an observed public closing price
INR_OIS_0.5Y,2026-06-10,SYNTHETIC_ARM_LENGTH_TRANSACTION,RPO-INR_OIS_0.5Y-112,True,SYNTHETIC_RFET_EVIDENCE,Synthetic transaction or committed-quote event; not an observed public closing price
INR_OIS_0.5Y,2026-06-12,SYNTHETIC_ARM_LENGTH_TRANSACTION,RPO-INR_OIS_0.5Y-113,True,SYNTHETIC_RFET_EVIDENCE,Synthetic transaction or committed-quote event; not an observed public closing price
INR_OIS_0.5Y,2026-06-17,SYNTHETIC_ARM_LENGTH_TRANSACTION,RPO-INR_OIS_0.5Y-114,True,SYNTHETIC_RFET_EVIDENCE,Synthetic transaction or committed-quote event; not an observed public closing price
INR_OIS_0.5Y,2026-06-19,SYNTHETIC_ARM_LENGTH_TRANSACTION,RPO-INR_OIS_0.5Y-115,True,SYNTHETIC_RFET_EVIDENCE,Synthetic transaction or committed-quote event; not an observed public closing price
INR_OIS_0.5Y,2026-06-23,SYNTHETIC_ARM_LENGTH_TRANSACTION,RPO-INR_OIS_0.5Y-116,True,SYNTHETIC_RFET_EVIDENCE,Synthetic transaction or committed-quote event; not an observed public closing price
INR_OIS_0.5Y,2026-06-25,SYNTHETIC_ARM_LENGTH_TRANSACTION,RPO-INR_OIS_0.5Y-117,True,SYNTHETIC_RFET_EVIDENCE,Synthetic transaction or committed-quote event; not an observed public closing price
INR_OIS_0.5Y,2026-06-30,SYNTHETIC_ARM_LENGTH_TRANSACTION,RPO-INR_OIS_0.5Y-118,True,SYNTHETIC_RFET_EVIDENCE,Synthetic transaction or committed-quote event; not an observed public closing price
INR_OIS_1.0Y,2025-07-01,SYNTHETIC_ARM_LENGTH_TRANSACTION,RPO-INR_OIS_1.0Y-001,True,SYNTHETIC_RFET_EVIDENCE,Synthetic transaction or committed-quote event; not an observed public closing price
INR_OIS_1.0Y,2025-07-03,SYNTHETIC_ARM_LENGTH_TRANSACTION,RPO-INR_OIS_1.0Y-002,True,SYNTHETIC_RFET_EVIDENCE,Synthetic transaction or committed-quote event; not an observed public closing price
INR_OIS_1.0Y,2025-07-07,SYNTHETIC_ARM_LENGTH_TRANSACTION,RPO-INR_OIS_1.0Y-003,True,SYNTHETIC_RFET_EVIDENCE,Synthetic transaction or committed-quote event; not an observed public closing price
INR_OIS_1.0Y,2025-07-09,SYNTHETIC_ARM_LENGTH_TRANSACTION,RPO-INR_OIS_1.0Y-004,True,SYNTHETIC_RFET_EVIDENCE,Synthetic transaction or committed-quote event; not an observed public closing price
INR_OIS_1.0Y,2025-07-11,SYNTHETIC_ARM_LENGTH_TRANSACTION,RPO-INR_OIS_1.0Y-005,True,SYNTHETIC_RFET_EVIDENCE,Synthetic transaction or committed-quote event; not an observed public closing price
INR_OIS_1.0Y,2025-07-16,SYNTHETIC_ARM_LENGTH_TRANSACTION,RPO-INR_OIS_1.0Y-006,True,SYNTHETIC_RFET_EVIDENCE,Synthetic transaction or committed-quote event; not an observed public closing price
INR_OIS_1.0Y,2025-07-18,SYNTHETIC_ARM_LENGTH_TRANSACTION,RPO-INR_OIS_1.0Y-007,True,SYNTHETIC_RFET_EVIDENCE,Synthetic transaction or committed-quote event; not an observed public closing price
INR_OIS_1.0Y,2025-07-22,SYNTHETIC_ARM_LENGTH_TRANSACTION,RPO-INR_OIS_1.0Y-008,True,SYNTHETIC_RFET_EVIDENCE,Synthetic transaction or committed-quote event; not an observed public closing price
INR_OIS_1.0Y,2025-07-24,SYNTHETIC_ARM_LENGTH_TRANSACTION,RPO-INR_OIS_1.0Y-009,True,SYNTHETIC_RFET_EVIDENCE,Synthetic transaction or committed-quote event; not an observed public closing price
INR_OIS_1.0Y,2025-07-29,SYNTHETIC_ARM_LENGTH_TRANSACTION,RPO-INR_OIS_1.0Y-010,True,SYNTHETIC_RFET_EVIDENCE,Synthetic transaction or committed-quote event; not an observed public closing price
INR_OIS_1.0Y,2025-07-31,SYNTHETIC_ARM_LENGTH_TRANSACTION,RPO-INR_OIS_1.0Y-011,True,SYNTHETIC_RFET_EVIDENCE,Synthetic transaction or committed-quote event; not an observed public closing price
INR_OIS_1.0Y,2025-08-04,SYNTHETIC_ARM_LENGTH_TRANSACTION,RPO-INR_OIS_1.0Y-012,True,SYNTHETIC_RFET_EVIDENCE,Synthetic transaction or committed-quote event; not an observed public closing price
INR_OIS_1.0Y,2025-08-06,SYNTHETIC_ARM_LENGTH_TRANSACTION,RPO-INR_OIS_1.0Y-013,True,SYNTHETIC_RFET_EVIDENCE,Synthetic transaction or committed-quote event; not an observed public closing price
INR_OIS_1.0Y,2025-08-08,SYNTHETIC_ARM_LENGTH_TRANSACTION,RPO-INR_OIS_1.0Y-014,True,SYNTHETIC_RFET_EVIDENCE,Synthetic transaction or committed-quote event; not an observed public closing price
INR_OIS_1.0Y,2025-08-13,SYNTHETIC_ARM_LENGTH_TRANSACTION,RPO-INR_OIS_1.0Y-015,True,SYNTHETIC_RFET_EVIDENCE,Synthetic transaction or committed-quote event; not an observed public closing price
INR_OIS_1.0Y,2025-08-15,SYNTHETIC_ARM_LENGTH_TRANSACTION,RPO-INR_OIS_1.0Y-016,True,SYNTHETIC_RFET_EVIDENCE,Synthetic transaction or committed-quote event; not an observed public closing price
INR_OIS_1.0Y,2025-08-19,SYNTHETIC_ARM_LENGTH_TRANSACTION,RPO-INR_OIS_1.0Y-017,True,SYNTHETIC_RFET_EVIDENCE,Synthetic transaction or committed-quote event; not an observed public closing price
INR_OIS_1.0Y,2025-08-21,SYNTHETIC_ARM_LENGTH_TRANSACTION,RPO-INR_OIS_1.0Y-018,True,SYNTHETIC_RFET_EVIDENCE,Synthetic transaction or committed-quote event; not an observed public closing price
INR_OIS_1.0Y,2025-08-26,SYNTHETIC_ARM_LENGTH_TRANSACTION,RPO-INR_OIS_1.0Y-019,True,SYNTHETIC_RFET_EVIDENCE,Synthetic transaction or committed-quote event; not an observed public closing price
INR_OIS_1.0Y,2025-08-28,SYNTHETIC_ARM_LENGTH_TRANSACTION,RPO-INR_OIS_1.0Y-020,True,SYNTHETIC_RFET_EVIDENCE,Synthetic transaction or committed-quote event; not an observed public closing price
INR_OIS_1.0Y,2025-09-01,SYNTHETIC_ARM_LENGTH_TRANSACTION,RPO-INR_OIS_1.0Y-021,True,SYNTHETIC_RFET_EVIDENCE,Synthetic transaction or committed-quote event; not an observed public closing price
INR_OIS_1.0Y,2025-09-03,SYNTHETIC_ARM_LENGTH_TRANSACTION,RPO-INR_OIS_1.0Y-022,True,SYNTHETIC_RFET_EVIDENCE,Synthetic transaction or committed-quote event; not an observed public closing price
INR_OIS_1.0Y,2025-09-05,SYNTHETIC_ARM_LENGTH_TRANSACTION,RPO-INR_OIS_1.0Y-023,True,SYNTHETIC_RFET_EVIDENCE,Synthetic transaction or committed-quote event; not an observed public closing price
INR_OIS_1.0Y,2025-09-10,SYNTHETIC_ARM_LENGTH_TRANSACTION,RPO-INR_OIS_1.0Y-024,True,SYNTHETIC_RFET_EVIDENCE,Synthetic transaction or committed-quote event; not an observed public closing price
INR_OIS_1.0Y,2025-09-12,SYNTHETIC_ARM_LENGTH_TRANSACTION,RPO-INR_OIS_1.0Y-025,True,SYNTHETIC_RFET_EVIDENCE,Synthetic transaction or committed-quote event; not an observed public closing price
INR_OIS_1.0Y,2025-09-16,SYNTHETIC_ARM_LENGTH_TRANSACTION,RPO-INR_OIS_1.0Y-026,True,SYNTHETIC_RFET_EVIDENCE,Synthetic transaction or committed-quote event; not an observed public closing price
INR_OIS_1.0Y,2025-09-18,SYNTHETIC_ARM_LENGTH_TRANSACTION,RPO-INR_OIS_1.0Y-027,True,SYNTHETIC_RFET_EVIDENCE,Synthetic transaction or committed-quote event; not an observed public closing price
INR_OIS_1.0Y,2025-09-23,SYNTHETIC_ARM_LENGTH_TRANSACTION,RPO-INR_OIS_1.0Y-028,True,SYNTHETIC_RFET_EVIDENCE,Synthetic transaction or committed-quote event; not an observed public closing price
INR_OIS_1.0Y,2025-09-25,SYNTHETIC_ARM_LENGTH_TRANSACTION,RPO-INR_OIS_1.0Y-029,True,SYNTHETIC_RFET_EVIDENCE,Synthetic transaction or committed-quote event; not an observed public closing price
INR_OIS_1.0Y,2025-09-29,SYNTHETIC_ARM_LENGTH_TRANSACTION,RPO-INR_OIS_1.0Y-030,True,SYNTHETIC_RFET_EVIDENCE,Synthetic transaction or committed-quote event; not an observed public closing price
INR_OIS_1.0Y,2025-10-01,SYNTHETIC_ARM_LENGTH_TRANSACTION,RPO-INR_OIS_1.0Y-031,True,SYNTHETIC_RFET_EVIDENCE,Synthetic transaction or committed-quote event; not an observed public closing price
INR_OIS_1.0Y,2025-10-03,SYNTHETIC_ARM_LENGTH_TRANSACTION,RPO-INR_OIS_1.0Y-032,True,SYNTHETIC_RFET_EVIDENCE,Synthetic transaction or committed-quote event; not an observed public closing price
INR_OIS_1.0Y,2025-10-08,SYNTHETIC_ARM_LENGTH_TRANSACTION,RPO-INR_OIS_1.0Y-033,True,SYNTHETIC_RFET_EVIDENCE,Synthetic transaction or committed-quote event; not an observed public closing price
INR_OIS_1.0Y,2025-10-10,SYNTHETIC_ARM_LENGTH_TRANSACTION,RPO-INR_OIS_1.0Y-034,True,SYNTHETIC_RFET_EVIDENCE,Synthetic transaction or committed-quote event; not an observed public closing price
INR_OIS_1.0Y,2025-10-14,SYNTHETIC_ARM_LENGTH_TRANSACTION,RPO-INR_OIS_1.0Y-035,True,SYNTHETIC_RFET_EVIDENCE,Synthetic transaction or committed-quote event; not an observed public closing price
INR_OIS_1.0Y,2025-10-16,SYNTHETIC_ARM_LENGTH_TRANSACTION,RPO-INR_OIS_1.0Y-036,True,SYNTHETIC_RFET_EVIDENCE,Synthetic transaction or committed-quote event; not an observed public closing price
INR_OIS_1.0Y,2025-10-21,SYNTHETIC_ARM_LENGTH_TRANSACTION,RPO-INR_OIS_1.0Y-037,True,SYNTHETIC_RFET_EVIDENCE,Synthetic transaction or committed-quote event; not an observed public closing price
INR_OIS_1.0Y,2025-10-23,SYNTHETIC_ARM_LENGTH_TRANSACTION,RPO-INR_OIS_1.0Y-038,True,SYNTHETIC_RFET_EVIDENCE,Synthetic transaction or committed-quote event; not an observed public closing price
INR_OIS_1.0Y,2025-10-27,SYNTHETIC_ARM_LENGTH_TRANSACTION,RPO-INR_OIS_1.0Y-039,True,SYNTHETIC_RFET_EVIDENCE,Synthetic transaction or committed-quote event; not an observed public closing price
INR_OIS_1.0Y,2025-10-29,SYNTHETIC_ARM_LENGTH_TRANSACTION,RPO-INR_OIS_1.0Y-040,True,SYNTHETIC_RFET_EVIDENCE,Synthetic transaction or committed-quote event; not an observed public closing price
INR_OIS_1.0Y,2025-10-31,SYNTHETIC_ARM_LENGTH_TRANSACTION,RPO-INR_OIS_1.0Y-041,True,SYNTHETIC_RFET_EVIDENCE,Synthetic transaction or committed-quote event; not an observed public closing price
INR_OIS_1.0Y,2025-11-05,SYNTHETIC_ARM_LENGTH_TRANSACTION,RPO-INR_OIS_1.0Y-042,True,SYNTHETIC_RFET_EVIDENCE,Synthetic transaction or committed-quote event; not an observed public closing price
INR_OIS_1.0Y,2025-11-07,SYNTHETIC_ARM_LENGTH_TRANSACTION,RPO-INR_OIS_1.0Y-043,True,SYNTHETIC_RFET_EVIDENCE,Synthetic transaction or committed-quote event; not an observed public closing price
INR_OIS_1.0Y,2025-11-11,SYNTHETIC_ARM_LENGTH_TRANSACTION,RPO-INR_OIS_1.0Y-044,True,SYNTHETIC_RFET_EVIDENCE,Synthetic transaction or committed-quote event; not an observed public closing price
INR_OIS_1.0Y,2025-11-13,SYNTHETIC_ARM_LENGTH_TRANSACTION,RPO-INR_OIS_1.0Y-045,True,SYNTHETIC_RFET_EVIDENCE,Synthetic transaction or committed-quote event; not an observed public closing price
INR_OIS_1.0Y,2025-11-18,SYNTHETIC_ARM_LENGTH_TRANSACTION,RPO-INR_OIS_1.0Y-046,True,SYNTHETIC_RFET_EVIDENCE,Synthetic transaction or committed-quote event; not an observed public closing price
INR_OIS_1.0Y,2025-11-20,SYNTHETIC_ARM_LENGTH_TRANSACTION,RPO-INR_OIS_1.0Y-047,True,SYNTHETIC_RFET_EVIDENCE,Synthetic transaction or committed-quote event; not an observed public closing price
INR_OIS_1.0Y,2025-11-24,SYNTHETIC_ARM_LENGTH_TRANSACTION,RPO-INR_OIS_1.0Y-048,True,SYNTHETIC_RFET_EVIDENCE,Synthetic transaction or committed-quote event; not an observed public closing price
INR_OIS_1.0Y,2025-11-26,SYNTHETIC_ARM_LENGTH_TRANSACTION,RPO-INR_OIS_1.0Y-049,True,SYNTHETIC_RFET_EVIDENCE,Synthetic transaction or committed-quote event; not an observed public closing price
INR_OIS_1.0Y,2025-11-28,SYNTHETIC_ARM_LENGTH_TRANSACTION,RPO-INR_OIS_1.0Y-050,True,SYNTHETIC_RFET_EVIDENCE,Synthetic transaction or committed-quote event; not an observed public closing price
INR_OIS_1.0Y,2025-12-03,SYNTHETIC_ARM_LENGTH_TRANSACTION,RPO-INR_OIS_1.0Y-051,True,SYNTHETIC_RFET_EVIDENCE,Synthetic transaction or committed-quote event; not an observed public closing price
INR_OIS_1.0Y,2025-12-05,SYNTHETIC_ARM_LENGTH_TRANSACTION,RPO-INR_OIS_1.0Y-052,True,SYNTHETIC_RFET_EVIDENCE,Synthetic transaction or committed-quote event; not an observed public closing price
INR_OIS_1.0Y,2025-12-09,SYNTHETIC_ARM_LENGTH_TRANSACTION,RPO-INR_OIS_1.0Y-053,True,SYNTHETIC_RFET_EVIDENCE,Synthetic transaction or committed-quote event; not an observed public closing price
INR_OIS_1.0Y,2025-12-11,SYNTHETIC_ARM_LENGTH_TRANSACTION,RPO-INR_OIS_1.0Y-054,True,SYNTHETIC_RFET_EVIDENCE,Synthetic transaction or committed-quote event; not an observed public closing price
INR_OIS_1.0Y,2025-12-16,SYNTHETIC_ARM_LENGTH_TRANSACTION,RPO-INR_OIS_1.0Y-055,True,SYNTHETIC_RFET_EVIDENCE,Synthetic transaction or committed-quote event; not an observed public closing price
INR_OIS_1.0Y,2025-12-18,SYNTHETIC_ARM_LENGTH_TRANSACTION,RPO-INR_OIS_1.0Y-056,True,SYNTHETIC_RFET_EVIDENCE,Synthetic transaction or committed-quote event; not an observed public closing price
INR_OIS_1.0Y,2025-12-22,SYNTHETIC_ARM_LENGTH_TRANSACTION,RPO-INR_OIS_1.0Y-057,True,SYNTHETIC_RFET_EVIDENCE,Synthetic transaction or committed-quote event; not an observed public closing price
INR_OIS_1.0Y,2025-12-24,SYNTHETIC_ARM_LENGTH_TRANSACTION,RPO-INR_OIS_1.0Y-058,True,SYNTHETIC_RFET_EVIDENCE,Synthetic transaction or committed-quote event; not an observed public closing price
INR_OIS_1.0Y,2025-12-26,SYNTHETIC_ARM_LENGTH_TRANSACTION,RPO-INR_OIS_1.0Y-059,True,SYNTHETIC_RFET_EVIDENCE,Synthetic transaction or committed-quote event; not an observed public closing price
INR_OIS_1.0Y,2025-12-31,SYNTHETIC_ARM_LENGTH_TRANSACTION,RPO-INR_OIS_1.0Y-060,True,SYNTHETIC_RFET_EVIDENCE,Synthetic transaction or committed-quote event; not an observed public closing price
INR_OIS_1.0Y,2026-01-02,SYNTHETIC_ARM_LENGTH_TRANSACTION,RPO-INR_OIS_1.0Y-061,True,SYNTHETIC_RFET_EVIDENCE,Synthetic transaction or committed-quote event; not an observed public closing price
INR_OIS_1.0Y,2026-01-06,SYNTHETIC_ARM_LENGTH_TRANSACTION,RPO-INR_OIS_1.0Y-062,True,SYNTHETIC_RFET_EVIDENCE,Synthetic transaction or committed-quote event; not an observed public closing price
INR_OIS_1.0Y,2026-01-08,SYNTHETIC_ARM_LENGTH_TRANSACTION,RPO-INR_OIS_1.0Y-063,True,SYNTHETIC_RFET_EVIDENCE,Synthetic transaction or committed-quote event; not an observed public closing price
INR_OIS_1.0Y,2026-01-13,SYNTHETIC_ARM_LENGTH_TRANSACTION,RPO-INR_OIS_1.0Y-064,True,SYNTHETIC_RFET_EVIDENCE,Synthetic transaction or committed-quote event; not an observed public closing price
INR_OIS_1.0Y,2026-01-15,SYNTHETIC_ARM_LENGTH_TRANSACTION,RPO-INR_OIS_1.0Y-065,True,SYNTHETIC_RFET_EVIDENCE,Synthetic transaction or committed-quote event; not an observed public closing price
INR_OIS_1.0Y,2026-01-19,SYNTHETIC_ARM_LENGTH_TRANSACTION,RPO-INR_OIS_1.0Y-066,True,SYNTHETIC_RFET_EVIDENCE,Synthetic transaction or committed-quote event; not an observed public closing price
INR_OIS_1.0Y,2026-01-21,SYNTHETIC_ARM_LENGTH_TRANSACTION,RPO-INR_OIS_1.0Y-067,True,SYNTHETIC_RFET_EVIDENCE,Synthetic transaction or committed-quote event; not an observed public closing price
INR_OIS_1.0Y,2026-01-23,SYNTHETIC_ARM_LENGTH_TRANSACTION,RPO-INR_OIS_1.0Y-068,True,SYNTHETIC_RFET_EVIDENCE,Synthetic transaction or committed-quote event; not an observed public closing price
INR_OIS_1.0Y,2026-01-28,SYNTHETIC_ARM_LENGTH_TRANSACTION,RPO-INR_OIS_1.0Y-069,True,SYNTHETIC_RFET_EVIDENCE,Synthetic transaction or committed-quote event; not an observed public closing price
INR_OIS_1.0Y,2026-01-30,SYNTHETIC_ARM_LENGTH_TRANSACTION,RPO-INR_OIS_1.0Y-070,True,SYNTHETIC_RFET_EVIDENCE,Synthetic transaction or committed-quote event; not an observed public closing price
INR_OIS_1.0Y,2026-02-03,SYNTHETIC_ARM_LENGTH_TRANSACTION,RPO-INR_OIS_1.0Y-071,True,SYNTHETIC_RFET_EVIDENCE,Synthetic transaction or committed-quote event; not an observed public closing price
INR_OIS_1.0Y,2026-02-05,SYNTHETIC_ARM_LENGTH_TRANSACTION,RPO-INR_OIS_1.0Y-072,True,SYNTHETIC_RFET_EVIDENCE,Synthetic transaction or committed-quote event; not an observed public closing price
INR_OIS_1.0Y,2026-02-10,SYNTHETIC_ARM_LENGTH_TRANSACTION,RPO-INR_OIS_1.0Y-073,True,SYNTHETIC_RFET_EVIDENCE,Synthetic transaction or committed-quote event; not an observed public closing price
INR_OIS_1.0Y,2026-02-12,SYNTHETIC_ARM_LENGTH_TRANSACTION,RPO-INR_OIS_1.0Y-074,True,SYNTHETIC_RFET_EVIDENCE,Synthetic transaction or committed-quote event; not an observed public closing price
INR_OIS_1.0Y,2026-02-16,SYNTHETIC_ARM_LENGTH_TRANSACTION,RPO-INR_OIS_1.0Y-075,True,SYNTHETIC_RFET_EVIDENCE,Synthetic transaction or committed-quote event; not an observed public closing price
INR_OIS_1.0Y,2026-02-18,SYNTHETIC_ARM_LENGTH_TRANSACTION,RPO-INR_OIS_1.0Y-076,True,SYNTHETIC_RFET_EVIDENCE,Synthetic transaction or committed-quote event; not an observed public closing price
INR_OIS_1.0Y,2026-02-20,SYNTHETIC_ARM_LENGTH_TRANSACTION,RPO-INR_OIS_1.0Y-077,True,SYNTHETIC_RFET_EVIDENCE,Synthetic transaction or committed-quote event; not an observed public closing price
INR_OIS_1.0Y,2026-02-25,SYNTHETIC_ARM_LENGTH_TRANSACTION,RPO-INR_OIS_1.0Y-078,True,SYNTHETIC_RFET_EVIDENCE,Synthetic transaction or committed-quote event; not an observed public closing price
INR_OIS_1.0Y,2026-02-27,SYNTHETIC_ARM_LENGTH_TRANSACTION,RPO-INR_OIS_1.0Y-079,True,SYNTHETIC_RFET_EVIDENCE,Synthetic transaction or committed-quote event; not an observed public closing price
INR_OIS_1.0Y,2026-03-03,SYNTHETIC_ARM_LENGTH_TRANSACTION,RPO-INR_OIS_1.0Y-080,True,SYNTHETIC_RFET_EVIDENCE,Synthetic transaction or committed-quote event; not an observed public closing price
INR_OIS_1.0Y,2026-03-05,SYNTHETIC_ARM_LENGTH_TRANSACTION,RPO-INR_OIS_1.0Y-081,True,SYNTHETIC_RFET_EVIDENCE,Synthetic transaction or committed-quote event; not an observed public closing price
INR_OIS_1.0Y,2026-03-10,SYNTHETIC_ARM_LENGTH_TRANSACTION,RPO-INR_OIS_1.0Y-082,True,SYNTHETIC_RFET_EVIDENCE,Synthetic transaction or committed-quote event; not an observed public closing price
INR_OIS_1.0Y,2026-03-12,SYNTHETIC_ARM_LENGTH_TRANSACTION,RPO-INR_OIS_1.0Y-083,True,SYNTHETIC_RFET_EVIDENCE,Synthetic transaction or committed-quote event; not an observed public closing price
INR_OIS_1.0Y,2026-03-16,SYNTHETIC_ARM_LENGTH_TRANSACTION,RPO-INR_OIS_1.0Y-084,True,SYNTHETIC_RFET_EVIDENCE,Synthetic transaction or committed-quote event; not an observed public closing price
INR_OIS_1.0Y,2026-03-18,SYNTHETIC_ARM_LENGTH_TRANSACTION,RPO-INR_OIS_1.0Y-085,True,SYNTHETIC_RFET_EVIDENCE,Synthetic transaction or committed-quote event; not an observed public closing price
INR_OIS_1.0Y,2026-03-20,SYNTHETIC_ARM_LENGTH_TRANSACTION,RPO-INR_OIS_1.0Y-086,True,SYNTHETIC_RFET_EVIDENCE,Synthetic transaction or committed-quote event; not an observed public closing price
INR_OIS_1.0Y,2026-03-25,SYNTHETIC_ARM_LENGTH_TRANSACTION,RPO-INR_OIS_1.0Y-087,True,SYNTHETIC_RFET_EVIDENCE,Synthetic transaction or committed-quote event; not an observed public closing price
INR_OIS_1.0Y,2026-03-27,SYNTHETIC_ARM_LENGTH_TRANSACTION,RPO-INR_OIS_1.0Y-088,True,SYNTHETIC_RFET_EVIDENCE,Synthetic transaction or committed-quote event; not an observed public closing price
INR_OIS_1.0Y,2026-03-31,SYNTHETIC_ARM_LENGTH_TRANSACTION,RPO-INR_OIS_1.0Y-089,True,SYNTHETIC_RFET_EVIDENCE,Synthetic transaction or committed-quote event; not an observed public closing price
INR_OIS_1.0Y,2026-04-02,SYNTHETIC_ARM_LENGTH_TRANSACTION,RPO-INR_OIS_1.0Y-090,True,SYNTHETIC_RFET_EVIDENCE,Synthetic transaction or committed-quote event; not an observed public closing price
INR_OIS_1.0Y,2026-04-07,SYNTHETIC_ARM_LENGTH_TRANSACTION,RPO-INR_OIS_1.0Y-091,True,SYNTHETIC_RFET_EVIDENCE,Synthetic transaction or committed-quote event; not an observed public closing price
INR_OIS_1.0Y,2026-04-09,SYNTHETIC_ARM_LENGTH_TRANSACTION,RPO-INR_OIS_1.0Y-092,True,SYNTHETIC_RFET_EVIDENCE,Synthetic transaction or committed-quote event; not an observed public closing price
INR_OIS_1.0Y,2026-04-13,SYNTHETIC_ARM_LENGTH_TRANSACTION,RPO-INR_OIS_1.0Y-093,True,SYNTHETIC_RFET_EVIDENCE,Synthetic transaction or committed-quote event; not an observed public closing price
INR_OIS_1.0Y,2026-04-15,SYNTHETIC_ARM_LENGTH_TRANSACTION,RPO-INR_OIS_1.0Y-094,True,SYNTHETIC_RFET_EVIDENCE,Synthetic transaction or committed-quote event; not an observed public closing price
INR_OIS_1.0Y,2026-04-17,SYNTHETIC_ARM_LENGTH_TRANSACTION,RPO-INR_OIS_1.0Y-095,True,SYNTHETIC_RFET_EVIDENCE,Synthetic transaction or committed-quote event; not an observed public closing price
INR_OIS_1.0Y,2026-04-22,SYNTHETIC_ARM_LENGTH_TRANSACTION,RPO-INR_OIS_1.0Y-096,True,SYNTHETIC_RFET_EVIDENCE,Synthetic transaction or committed-quote event; not an observed public closing price
INR_OIS_1.0Y,2026-04-24,SYNTHETIC_ARM_LENGTH_TRANSACTION,RPO-INR_OIS_1.0Y-097,True,SYNTHETIC_RFET_EVIDENCE,Synthetic transaction or committed-quote event; not an observed public closing price
INR_OIS_1.0Y,2026-04-28,SYNTHETIC_ARM_LENGTH_TRANSACTION,RPO-INR_OIS_1.0Y-098,True,SYNTHETIC_RFET_EVIDENCE,Synthetic transaction or committed-quote event; not an observed public closing price
INR_OIS_1.0Y,2026-04-30,SYNTHETIC_ARM_LENGTH_TRANSACTION,RPO-INR_OIS_1.0Y-099,True,SYNTHETIC_RFET_EVIDENCE,Synthetic transaction or committed-quote event; not an observed public closing price
INR_OIS_1.0Y,2026-05-05,SYNTHETIC_ARM_LENGTH_TRANSACTION,RPO-INR_OIS_1.0Y-100,True,SYNTHETIC_RFET_EVIDENCE,Synthetic transaction or committed-quote event; not an observed public closing price
INR_OIS_1.0Y,2026-05-07,SYNTHETIC_ARM_LENGTH_TRANSACTION,RPO-INR_OIS_1.0Y-101,True,SYNTHETIC_RFET_EVIDENCE,Synthetic transaction or committed-quote event; not an observed public closing price
INR_OIS_1.0Y,2026-05-11,SYNTHETIC_ARM_LENGTH_TRANSACTION,RPO-INR_OIS_1.0Y-102,True,SYNTHETIC_RFET_EVIDENCE,Synthetic transaction or committed-quote event; not an observed public closing price
INR_OIS_1.0Y,2026-05-13,SYNTHETIC_ARM_LENGTH_TRANSACTION,RPO-INR_OIS_1.0Y-103,True,SYNTHETIC_RFET_EVIDENCE,Synthetic transaction or committed-quote event; not an observed public closing price
INR_OIS_1.0Y,2026-05-15,SYNTHETIC_ARM_LENGTH_TRANSACTION,RPO-INR_OIS_1.0Y-104,True,SYNTHETIC_RFET_EVIDENCE,Synthetic transaction or committed-quote event; not an observed public closing price
INR_OIS_1.0Y,2026-05-20,SYNTHETIC_ARM_LENGTH_TRANSACTION,RPO-INR_OIS_1.0Y-105,True,SYNTHETIC_RFET_EVIDENCE,Synthetic transaction or committed-quote event; not an observed public closing price
INR_OIS_1.0Y,2026-05-22,SYNTHETIC_ARM_LENGTH_TRANSACTION,RPO-INR_OIS_1.0Y-106,True,SYNTHETIC_RFET_EVIDENCE,Synthetic transaction or committed-quote event; not an observed public closing price
INR_OIS_1.0Y,2026-05-26,SYNTHETIC_ARM_LENGTH_TRANSACTION,RPO-INR_OIS_1.0Y-107,True,SYNTHETIC_RFET_EVIDENCE,Synthetic transaction or committed-quote event; not an observed public closing price
INR_OIS_1.0Y,2026-05-28,SYNTHETIC_ARM_LENGTH_TRANSACTION,RPO-INR_OIS_1.0Y-108,True,SYNTHETIC_RFET_EVIDENCE,Synthetic transaction or committed-quote event; not an observed public closing price
INR_OIS_1.0Y,2026-06-02,SYNTHETIC_ARM_LENGTH_TRANSACTION,RPO-INR_OIS_1.0Y-109,True,SYNTHETIC_RFET_EVIDENCE,Synthetic transaction or committed-quote event; not an observed public closing price
INR_OIS_1.0Y,2026-06-04,SYNTHETIC_ARM_LENGTH_TRANSACTION,RPO-INR_OIS_1.0Y-110,True,SYNTHETIC_RFET_EVIDENCE,Synthetic transaction or committed-quote event; not an observed public closing price
INR_OIS_1.0Y,2026-06-08,SYNTHETIC_ARM_LENGTH_TRANSACTION,RPO-INR_OIS_1.0Y-111,True,SYNTHETIC_RFET_EVIDENCE,Synthetic transaction or committed-quote event; not an observed public closing price
INR_OIS_1.0Y,2026-06-10,SYNTHETIC_ARM_LENGTH_TRANSACTION,RPO-INR_OIS_1.0Y-112,True,SYNTHETIC_RFET_EVIDENCE,Synthetic transaction or committed-quote event; not an observed public closing price
INR_OIS_1.0Y,2026-06-12,SYNTHETIC_ARM_LENGTH_TRANSACTION,RPO-INR_OIS_1.0Y-113,True,SYNTHETIC_RFET_EVIDENCE,Synthetic transaction or committed-quote event; not an observed public closing price
INR_OIS_1.0Y,2026-06-17,SYNTHETIC_ARM_LENGTH_TRANSACTION,RPO-INR_OIS_1.0Y-114,True,SYNTHETIC_RFET_EVIDENCE,Synthetic transaction or committed-quote event; not an observed public closing price
INR_OIS_1.0Y,2026-06-19,SYNTHETIC_ARM_LENGTH_TRANSACTION,RPO-INR_OIS_1.0Y-115,True,SYNTHETIC_RFET_EVIDENCE,Synthetic transaction or committed-quote event; not an observed public closing price
INR_OIS_1.0Y,2026-06-23,SYNTHETIC_ARM_LENGTH_TRANSACTION,RPO-INR_OIS_1.0Y-116,True,SYNTHETIC_RFET_EVIDENCE,Synthetic transaction or committed-quote event; not an observed public closing price
INR_OIS_1.0Y,2026-06-25,SYNTHETIC_ARM_LENGTH_TRANSACTION,RPO-INR_OIS_1.0Y-117,True,SYNTHETIC_RFET_EVIDENCE,Synthetic transaction or committed-quote event; not an observed public closing price
INR_OIS_1.0Y,2026-06-30,SYNTHETIC_ARM_LENGTH_TRANSACTION,RPO-INR_OIS_1.0Y-118,True,SYNTHETIC_RFET_EVIDENCE,Synthetic transaction or committed-quote event; not an observed public closing price
INR_OIS_10.0Y,2025-07-01,SYNTHETIC_ARM_LENGTH_TRANSACTION,RPO-INR_OIS_10.0Y-001,True,SYNTHETIC_RFET_EVIDENCE,Synthetic transaction or committed-quote event; not an observed public closing price
INR_OIS_10.0Y,2025-07-03,SYNTHETIC_ARM_LENGTH_TRANSACTION,RPO-INR_OIS_10.0Y-002,True,SYNTHETIC_RFET_EVIDENCE,Synthetic transaction or committed-quote event; not an observed public closing price
INR_OIS_10.0Y,2025-07-07,SYNTHETIC_ARM_LENGTH_TRANSACTION,RPO-INR_OIS_10.0Y-003,True,SYNTHETIC_RFET_EVIDENCE,Synthetic transaction or committed-quote event; not an observed public closing price
INR_OIS_10.0Y,2025-07-09,SYNTHETIC_ARM_LENGTH_TRANSACTION,RPO-INR_OIS_10.0Y-004,True,SYNTHETIC_RFET_EVIDENCE,Synthetic transaction or committed-quote event; not an observed public closing price
INR_OIS_10.0Y,2025-07-11,SYNTHETIC_ARM_LENGTH_TRANSACTION,RPO-INR_OIS_10.0Y-005,True,SYNTHETIC_RFET_EVIDENCE,Synthetic transaction or committed-quote event; not an observed public closing price
INR_OIS_10.0Y,2025-07-16,SYNTHETIC_ARM_LENGTH_TRANSACTION,RPO-INR_OIS_10.0Y-006,True,SYNTHETIC_RFET_EVIDENCE,Synthetic transaction or committed-quote event; not an observed public closing price
INR_OIS_10.0Y,2025-07-18,SYNTHETIC_ARM_LENGTH_TRANSACTION,RPO-INR_OIS_10.0Y-007,True,SYNTHETIC_RFET_EVIDENCE,Synthetic transaction or committed-quote event; not an observed public closing price
INR_OIS_10.0Y,2025-07-22,SYNTHETIC_ARM_LENGTH_TRANSACTION,RPO-INR_OIS_10.0Y-008,True,SYNTHETIC_RFET_EVIDENCE,Synthetic transaction or committed-quote event; not an observed public closing price
INR_OIS_10.0Y,2025-07-24,SYNTHETIC_ARM_LENGTH_TRANSACTION,RPO-INR_OIS_10.0Y-009,True,SYNTHETIC_RFET_EVIDENCE,Synthetic transaction or committed-quote event; not an observed public closing price
INR_OIS_10.0Y,2025-07-29,SYNTHETIC_ARM_LENGTH_TRANSACTION,RPO-INR_OIS_10.0Y-010,True,SYNTHETIC_RFET_EVIDENCE,Synthetic transaction or committed-quote event; not an observed public closing price
INR_OIS_10.0Y,2025-07-31,SYNTHETIC_ARM_LENGTH_TRANSACTION,RPO-INR_OIS_10.0Y-011,True,SYNTHETIC_RFET_EVIDENCE,Synthetic transaction or committed-quote event; not an observed public closing price
INR_OIS_10.0Y,2025-08-04,SYNTHETIC_ARM_LENGTH_TRANSACTION,RPO-INR_OIS_10.0Y-012,True,SYNTHETIC_RFET_EVIDENCE,Synthetic transaction or committed-quote event; not an observed public closing price
INR_OIS_10.0Y,2025-08-06,SYNTHETIC_ARM_LENGTH_TRANSACTION,RPO-INR_OIS_10.0Y-013,True,SYNTHETIC_RFET_EVIDENCE,Synthetic transaction or committed-quote event; not an observed public closing price
INR_OIS_10.0Y,2025-08-08,SYNTHETIC_ARM_LENGTH_TRANSACTION,RPO-INR_OIS_10.0Y-014,True,SYNTHETIC_RFET_EVIDENCE,Synthetic transaction or committed-quote event; not an observed public closing price
INR_OIS_10.0Y,2025-08-13,SYNTHETIC_ARM_LENGTH_TRANSACTION,RPO-INR_OIS_10.0Y-015,True,SYNTHETIC_RFET_EVIDENCE,Synthetic transaction or committed-quote event; not an observed public closing price
INR_OIS_10.0Y,2025-08-15,SYNTHETIC_ARM_LENGTH_TRANSACTION,RPO-INR_OIS_10.0Y-016,True,SYNTHETIC_RFET_EVIDENCE,Synthetic transaction or committed-quote event; not an observed public closing price
INR_OIS_10.0Y,2025-08-19,SYNTHETIC_ARM_LENGTH_TRANSACTION,RPO-INR_OIS_10.0Y-017,True,SYNTHETIC_RFET_EVIDENCE,Synthetic transaction or committed-quote event; not an observed public closing price
INR_OIS_10.0Y,2025-08-21,SYNTHETIC_ARM_LENGTH_TRANSACTION,RPO-INR_OIS_10.0Y-018,True,SYNTHETIC_RFET_EVIDENCE,Synthetic transaction or committed-quote event; not an observed public closing price
INR_OIS_10.0Y,2025-08-26,SYNTHETIC_ARM_LENGTH_TRANSACTION,RPO-INR_OIS_10.0Y-019,True,SYNTHETIC_RFET_EVIDENCE,Synthetic transaction or committed-quote event; not an observed public closing price
INR_OIS_10.0Y,2025-08-28,SYNTHETIC_ARM_LENGTH_TRANSACTION,RPO-INR_OIS_10.0Y-020,True,SYNTHETIC_RFET_EVIDENCE,Synthetic transaction or committed-quote event; not an observed public closing price
INR_OIS_10.0Y,2025-09-01,SYNTHETIC_ARM_LENGTH_TRANSACTION,RPO-INR_OIS_10.0Y-021,True,SYNTHETIC_RFET_EVIDENCE,Synthetic transaction or committed-quote event; not an observed public closing price
INR_OIS_10.0Y,2025-09-03,SYNTHETIC_ARM_LENGTH_TRANSACTION,RPO-INR_OIS_10.0Y-022,True,SYNTHETIC_RFET_EVIDENCE,Synthetic transaction or committed-quote event; not an observed public closing price
INR_OIS_10.0Y,2025-09-05,SYNTHETIC_ARM_LENGTH_TRANSACTION,RPO-INR_OIS_10.0Y-023,True,SYNTHETIC_RFET_EVIDENCE,Synthetic transaction or committed-quote event; not an observed public closing price
INR_OIS_10.0Y,2025-09-10,SYNTHETIC_ARM_LENGTH_TRANSACTION,RPO-INR_OIS_10.0Y-024,True,SYNTHETIC_RFET_EVIDENCE,Synthetic transaction or committed-quote event; not an observed public closing price
INR_OIS_10.0Y,2025-09-12,SYNTHETIC_ARM_LENGTH_TRANSACTION,RPO-INR_OIS_10.0Y-025,True,SYNTHETIC_RFET_EVIDENCE,Synthetic transaction or committed-quote event; not an observed public closing price
INR_OIS_10.0Y,2025-09-16,SYNTHETIC_ARM_LENGTH_TRANSACTION,RPO-INR_OIS_10.0Y-026,True,SYNTHETIC_RFET_EVIDENCE,Synthetic transaction or committed-quote event; not an observed public closing price
INR_OIS_10.0Y,2025-09-18,SYNTHETIC_ARM_LENGTH_TRANSACTION,RPO-INR_OIS_10.0Y-027,True,SYNTHETIC_RFET_EVIDENCE,Synthetic transaction or committed-quote event; not an observed public closing price
INR_OIS_10.0Y,2025-09-23,SYNTHETIC_ARM_LENGTH_TRANSACTION,RPO-INR_OIS_10.0Y-028,True,SYNTHETIC_RFET_EVIDENCE,Synthetic transaction or committed-quote event; not an observed public closing price
INR_OIS_10.0Y,2025-09-25,SYNTHETIC_ARM_LENGTH_TRANSACTION,RPO-INR_OIS_10.0Y-029,True,SYNTHETIC_RFET_EVIDENCE,Synthetic transaction or committed-quote event; not an observed public closing price
INR_OIS_10.0Y,2025-09-29,SYNTHETIC_ARM_LENGTH_TRANSACTION,RPO-INR_OIS_10.0Y-030,True,SYNTHETIC_RFET_EVIDENCE,Synthetic transaction or committed-quote event; not an observed public closing price
INR_OIS_10.0Y,2025-10-01,SYNTHETIC_ARM_LENGTH_TRANSACTION,RPO-INR_OIS_10.0Y-031,True,SYNTHETIC_RFET_EVIDENCE,Synthetic transaction or committed-quote event; not an observed public closing price
INR_OIS_10.0Y,2025-10-03,SYNTHETIC_ARM_LENGTH_TRANSACTION,RPO-INR_OIS_10.0Y-032,True,SYNTHETIC_RFET_EVIDENCE,Synthetic transaction or committed-quote event; not an observed public closing price
INR_OIS_10.0Y,2025-10-08,SYNTHETIC_ARM_LENGTH_TRANSACTION,RPO-INR_OIS_10.0Y-033,True,SYNTHETIC_RFET_EVIDENCE,Synthetic transaction or committed-quote event; not an observed public closing price
INR_OIS_10.0Y,2025-10-10,SYNTHETIC_ARM_LENGTH_TRANSACTION,RPO-INR_OIS_10.0Y-034,True,SYNTHETIC_RFET_EVIDENCE,Synthetic transaction or committed-quote event; not an observed public closing price
INR_OIS_10.0Y,2025-10-14,SYNTHETIC_ARM_LENGTH_TRANSACTION,RPO-INR_OIS_10.0Y-035,True,SYNTHETIC_RFET_EVIDENCE,Synthetic transaction or committed-quote event; not an observed public closing price
INR_OIS_10.0Y,2025-10-16,SYNTHETIC_ARM_LENGTH_TRANSACTION,RPO-INR_OIS_10.0Y-036,True,SYNTHETIC_RFET_EVIDENCE,Synthetic transaction or committed-quote event; not an observed public closing price
INR_OIS_10.0Y,2025-10-21,SYNTHETIC_ARM_LENGTH_TRANSACTION,RPO-INR_OIS_10.0Y-037,True,SYNTHETIC_RFET_EVIDENCE,Synthetic transaction or committed-quote event; not an observed public closing price
INR_OIS_10.0Y,2025-10-23,SYNTHETIC_ARM_LENGTH_TRANSACTION,RPO-INR_OIS_10.0Y-038,True,SYNTHETIC_RFET_EVIDENCE,Synthetic transaction or committed-quote event; not an observed public closing price
INR_OIS_10.0Y,2025-10-27,SYNTHETIC_ARM_LENGTH_TRANSACTION,RPO-INR_OIS_10.0Y-039,True,SYNTHETIC_RFET_EVIDENCE,Synthetic transaction or committed-quote event; not an observed public closing price
INR_OIS_10.0Y,2025-10-29,SYNTHETIC_ARM_LENGTH_TRANSACTION,RPO-INR_OIS_10.0Y-040,True,SYNTHETIC_RFET_EVIDENCE,Synthetic transaction or committed-quote event; not an observed public closing price
INR_OIS_10.0Y,2025-10-31,SYNTHETIC_ARM_LENGTH_TRANSACTION,RPO-INR_OIS_10.0Y-041,True,SYNTHETIC_RFET_EVIDENCE,Synthetic transaction or committed-quote event; not an observed public closing price
INR_OIS_10.0Y,2025-11-05,SYNTHETIC_ARM_LENGTH_TRANSACTION,RPO-INR_OIS_10.0Y-042,True,SYNTHETIC_RFET_EVIDENCE,Synthetic transaction or committed-quote event; not an observed public closing price
INR_OIS_10.0Y,2025-11-07,SYNTHETIC_ARM_LENGTH_TRANSACTION,RPO-INR_OIS_10.0Y-043,True,SYNTHETIC_RFET_EVIDENCE,Synthetic transaction or committed-quote event; not an observed public closing price
INR_OIS_10.0Y,2025-11-11,SYNTHETIC_ARM_LENGTH_TRANSACTION,RPO-INR_OIS_10.0Y-044,True,SYNTHETIC_RFET_EVIDENCE,Synthetic transaction or committed-quote event; not an observed public closing price
INR_OIS_10.0Y,2025-11-13,SYNTHETIC_ARM_LENGTH_TRANSACTION,RPO-INR_OIS_10.0Y-045,True,SYNTHETIC_RFET_EVIDENCE,Synthetic transaction or committed-quote event; not an observed public closing price
INR_OIS_10.0Y,2025-11-18,SYNTHETIC_ARM_LENGTH_TRANSACTION,RPO-INR_OIS_10.0Y-046,True,SYNTHETIC_RFET_EVIDENCE,Synthetic transaction or committed-quote event; not an observed public closing price
INR_OIS_10.0Y,2025-11-20,SYNTHETIC_ARM_LENGTH_TRANSACTION,RPO-INR_OIS_10.0Y-047,True,SYNTHETIC_RFET_EVIDENCE,Synthetic transaction or committed-quote event; not an observed public closing price
INR_OIS_10.0Y,2025-11-24,SYNTHETIC_ARM_LENGTH_TRANSACTION,RPO-INR_OIS_10.0Y-048,True,SYNTHETIC_RFET_EVIDENCE,Synthetic transaction or committed-quote event; not an observed public closing price
INR_OIS_10.0Y,2025-11-26,SYNTHETIC_ARM_LENGTH_TRANSACTION,RPO-INR_OIS_10.0Y-049,True,SYNTHETIC_RFET_EVIDENCE,Synthetic transaction or committed-quote event; not an observed public closing price
INR_OIS_10.0Y,2025-11-28,SYNTHETIC_ARM_LENGTH_TRANSACTION,RPO-INR_OIS_10.0Y-050,True,SYNTHETIC_RFET_EVIDENCE,Synthetic transaction or committed-quote event; not an observed public closing price
INR_OIS_10.0Y,2025-12-03,SYNTHETIC_ARM_LENGTH_TRANSACTION,RPO-INR_OIS_10.0Y-051,True,SYNTHETIC_RFET_EVIDENCE,Synthetic transaction or committed-quote event; not an observed public closing price
INR_OIS_10.0Y,2025-12-05,SYNTHETIC_ARM_LENGTH_TRANSACTION,RPO-INR_OIS_10.0Y-052,True,SYNTHETIC_RFET_EVIDENCE,Synthetic transaction or committed-quote event; not an observed public closing price
INR_OIS_10.0Y,2025-12-09,SYNTHETIC_ARM_LENGTH_TRANSACTION,RPO-INR_OIS_10.0Y-053,True,SYNTHETIC_RFET_EVIDENCE,Synthetic transaction or committed-quote event; not an observed public closing price
INR_OIS_10.0Y,2025-12-11,SYNTHETIC_ARM_LENGTH_TRANSACTION,RPO-INR_OIS_10.0Y-054,True,SYNTHETIC_RFET_EVIDENCE,Synthetic transaction or committed-quote event; not an observed public closing price
INR_OIS_10.0Y,2025-12-16,SYNTHETIC_ARM_LENGTH_TRANSACTION,RPO-INR_OIS_10.0Y-055,True,SYNTHETIC_RFET_EVIDENCE,Synthetic transaction or committed-quote event; not an observed public closing price
INR_OIS_10.0Y,2025-12-18,SYNTHETIC_ARM_LENGTH_TRANSACTION,RPO-INR_OIS_10.0Y-056,True,SYNTHETIC_RFET_EVIDENCE,Synthetic transaction or committed-quote event; not an observed public closing price
INR_OIS_10.0Y,2025-12-22,SYNTHETIC_ARM_LENGTH_TRANSACTION,RPO-INR_OIS_10.0Y-057,True,SYNTHETIC_RFET_EVIDENCE,Synthetic transaction or committed-quote event; not an observed public closing price
INR_OIS_10.0Y,2025-12-24,SYNTHETIC_ARM_LENGTH_TRANSACTION,RPO-INR_OIS_10.0Y-058,True,SYNTHETIC_RFET_EVIDENCE,Synthetic transaction or committed-quote event; not an observed public closing price
INR_OIS_10.0Y,2025-12-26,SYNTHETIC_ARM_LENGTH_TRANSACTION,RPO-INR_OIS_10.0Y-059,True,SYNTHETIC_RFET_EVIDENCE,Synthetic transaction or committed-quote event; not an observed public closing price
INR_OIS_10.0Y,2025-12-31,SYNTHETIC_ARM_LENGTH_TRANSACTION,RPO-INR_OIS_10.0Y-060,True,SYNTHETIC_RFET_EVIDENCE,Synthetic transaction or committed-quote event; not an observed public closing price
INR_OIS_10.0Y,2026-01-02,SYNTHETIC_ARM_LENGTH_TRANSACTION,RPO-INR_OIS_10.0Y-061,True,SYNTHETIC_RFET_EVIDENCE,Synthetic transaction or committed-quote event; not an observed public closing price
INR_OIS_10.0Y,2026-01-06,SYNTHETIC_ARM_LENGTH_TRANSACTION,RPO-INR_OIS_10.0Y-062,True,SYNTHETIC_RFET_EVIDENCE,Synthetic transaction or committed-quote event; not an observed public closing price
INR_OIS_10.0Y,2026-01-08,SYNTHETIC_ARM_LENGTH_TRANSACTION,RPO-INR_OIS_10.0Y-063,True,SYNTHETIC_RFET_EVIDENCE,Synthetic transaction or committed-quote event; not an observed public closing price
INR_OIS_10.0Y,2026-01-13,SYNTHETIC_ARM_LENGTH_TRANSACTION,RPO-INR_OIS_10.0Y-064,True,SYNTHETIC_RFET_EVIDENCE,Synthetic transaction or committed-quote event; not an observed public closing price
INR_OIS_10.0Y,2026-01-15,SYNTHETIC_ARM_LENGTH_TRANSACTION,RPO-INR_OIS_10.0Y-065,True,SYNTHETIC_RFET_EVIDENCE,Synthetic transaction or committed-quote event; not an observed public closing price
INR_OIS_10.0Y,2026-01-19,SYNTHETIC_ARM_LENGTH_TRANSACTION,RPO-INR_OIS_10.0Y-066,True,SYNTHETIC_RFET_EVIDENCE,Synthetic transaction or committed-quote event; not an observed public closing price
INR_OIS_10.0Y,2026-01-21,SYNTHETIC_ARM_LENGTH_TRANSACTION,RPO-INR_OIS_10.0Y-067,True,SYNTHETIC_RFET_EVIDENCE,Synthetic transaction or committed-quote event; not an observed public closing price
INR_OIS_10.0Y,2026-01-23,SYNTHETIC_ARM_LENGTH_TRANSACTION,RPO-INR_OIS_10.0Y-068,True,SYNTHETIC_RFET_EVIDENCE,Synthetic transaction or committed-quote event; not an observed public closing price
INR_OIS_10.0Y,2026-01-28,SYNTHETIC_ARM_LENGTH_TRANSACTION,RPO-INR_OIS_10.0Y-069,True,SYNTHETIC_RFET_EVIDENCE,Synthetic transaction or committed-quote event; not an observed public closing price
INR_OIS_10.0Y,2026-01-30,SYNTHETIC_ARM_LENGTH_TRANSACTION,RPO-INR_OIS_10.0Y-070,True,SYNTHETIC_RFET_EVIDENCE,Synthetic transaction or committed-quote event; not an observed public closing price
INR_OIS_10.0Y,2026-02-03,SYNTHETIC_ARM_LENGTH_TRANSACTION,RPO-INR_OIS_10.0Y-071,True,SYNTHETIC_RFET_EVIDENCE,Synthetic transaction or committed-quote event; not an observed public closing price
INR_OIS_10.0Y,2026-02-05,SYNTHETIC_ARM_LENGTH_TRANSACTION,RPO-INR_OIS_10.0Y-072,True,SYNTHETIC_RFET_EVIDENCE,Synthetic transaction or committed-quote event; not an observed public closing price
INR_OIS_10.0Y,2026-02-10,SYNTHETIC_ARM_LENGTH_TRANSACTION,RPO-INR_OIS_10.0Y-073,True,SYNTHETIC_RFET_EVIDENCE,Synthetic transaction or committed-quote event; not an observed public closing price
INR_OIS_10.0Y,2026-02-12,SYNTHETIC_ARM_LENGTH_TRANSACTION,RPO-INR_OIS_10.0Y-074,True,SYNTHETIC_RFET_EVIDENCE,Synthetic transaction or committed-quote event; not an observed public closing price
INR_OIS_10.0Y,2026-02-16,SYNTHETIC_ARM_LENGTH_TRANSACTION,RPO-INR_OIS_10.0Y-075,True,SYNTHETIC_RFET_EVIDENCE,Synthetic transaction or committed-quote event; not an observed public closing price
INR_OIS_10.0Y,2026-02-18,SYNTHETIC_ARM_LENGTH_TRANSACTION,RPO-INR_OIS_10.0Y-076,True,SYNTHETIC_RFET_EVIDENCE,Synthetic transaction or committed-quote event; not an observed public closing price
INR_OIS_10.0Y,2026-02-20,SYNTHETIC_ARM_LENGTH_TRANSACTION,RPO-INR_OIS_10.0Y-077,True,SYNTHETIC_RFET_EVIDENCE,Synthetic transaction or committed-quote event; not an observed public closing price
INR_OIS_10.0Y,2026-02-25,SYNTHETIC_ARM_LENGTH_TRANSACTION,RPO-INR_OIS_10.0Y-078,True,SYNTHETIC_RFET_EVIDENCE,Synthetic transaction or committed-quote event; not an observed public closing price
INR_OIS_10.0Y,2026-02-27,SYNTHETIC_ARM_LENGTH_TRANSACTION,RPO-INR_OIS_10.0Y-079,True,SYNTHETIC_RFET_EVIDENCE,Synthetic transaction or committed-quote event; not an observed public closing price
INR_OIS_10.0Y,2026-03-03,SYNTHETIC_ARM_LENGTH_TRANSACTION,RPO-INR_OIS_10.0Y-080,True,SYNTHETIC_RFET_EVIDENCE,Synthetic transaction or committed-quote event; not an observed public closing price
INR_OIS_10.0Y,2026-03-05,SYNTHETIC_ARM_LENGTH_TRANSACTION,RPO-INR_OIS_10.0Y-081,True,SYNTHETIC_RFET_EVIDENCE,Synthetic transaction or committed-quote event; not an observed public closing price
INR_OIS_10.0Y,2026-03-10,SYNTHETIC_ARM_LENGTH_TRANSACTION,RPO-INR_OIS_10.0Y-082,True,SYNTHETIC_RFET_EVIDENCE,Synthetic transaction or committed-quote event; not an observed public closing price
INR_OIS_10.0Y,2026-03-12,SYNTHETIC_ARM_LENGTH_TRANSACTION,RPO-INR_OIS_10.0Y-083,True,SYNTHETIC_RFET_EVIDENCE,Synthetic transaction or committed-quote event; not an observed public closing price
INR_OIS_10.0Y,2026-03-16,SYNTHETIC_ARM_LENGTH_TRANSACTION,RPO-INR_OIS_10.0Y-084,True,SYNTHETIC_RFET_EVIDENCE,Synthetic transaction or committed-quote event; not an observed public closing price
INR_OIS_10.0Y,2026-03-18,SYNTHETIC_ARM_LENGTH_TRANSACTION,RPO-INR_OIS_10.0Y-085,True,SYNTHETIC_RFET_EVIDENCE,Synthetic transaction or committed-quote event; not an observed public closing price
INR_OIS_10.0Y,2026-03-20,SYNTHETIC_ARM_LENGTH_TRANSACTION,RPO-INR_OIS_10.0Y-086,True,SYNTHETIC_RFET_EVIDENCE,Synthetic transaction or committed-quote event; not an observed public closing price
INR_OIS_10.0Y,2026-03-25,SYNTHETIC_ARM_LENGTH_TRANSACTION,RPO-INR_OIS_10.0Y-087,True,SYNTHETIC_RFET_EVIDENCE,Synthetic transaction or committed-quote event; not an observed public closing price
INR_OIS_10.0Y,2026-03-27,SYNTHETIC_ARM_LENGTH_TRANSACTION,RPO-INR_OIS_10.0Y-088,True,SYNTHETIC_RFET_EVIDENCE,Synthetic transaction or committed-quote event; not an observed public closing price
INR_OIS_10.0Y,2026-03-31,SYNTHETIC_ARM_LENGTH_TRANSACTION,RPO-INR_OIS_10.0Y-089,True,SYNTHETIC_RFET_EVIDENCE,Synthetic transaction or committed-quote event; not an observed public closing price
INR_OIS_10.0Y,2026-04-02,SYNTHETIC_ARM_LENGTH_TRANSACTION,RPO-INR_OIS_10.0Y-090,True,SYNTHETIC_RFET_EVIDENCE,Synthetic transaction or committed-quote event; not an observed public closing price
INR_OIS_10.0Y,2026-04-07,SYNTHETIC_ARM_LENGTH_TRANSACTION,RPO-INR_OIS_10.0Y-091,True,SYNTHETIC_RFET_EVIDENCE,Synthetic transaction or committed-quote event; not an observed public closing price
INR_OIS_10.0Y,2026-04-09,SYNTHETIC_ARM_LENGTH_TRANSACTION,RPO-INR_OIS_10.0Y-092,True,SYNTHETIC_RFET_EVIDENCE,Synthetic transaction or committed-quote event; not an observed public closing price
INR_OIS_10.0Y,2026-04-13,SYNTHETIC_ARM_LENGTH_TRANSACTION,RPO-INR_OIS_10.0Y-093,True,SYNTHETIC_RFET_EVIDENCE,Synthetic transaction or committed-quote event; not an observed public closing price
INR_OIS_10.0Y,2026-04-15,SYNTHETIC_ARM_LENGTH_TRANSACTION,RPO-INR_OIS_10.0Y-094,True,SYNTHETIC_RFET_EVIDENCE,Synthetic transaction or committed-quote event; not an observed public closing price
INR_OIS_10.0Y,2026-04-17,SYNTHETIC_ARM_LENGTH_TRANSACTION,RPO-INR_OIS_10.0Y-095,True,SYNTHETIC_RFET_EVIDENCE,Synthetic transaction or committed-quote event; not an observed public closing price
INR_OIS_10.0Y,2026-04-22,SYNTHETIC_ARM_LENGTH_TRANSACTION,RPO-INR_OIS_10.0Y-096,True,SYNTHETIC_RFET_EVIDENCE,Synthetic transaction or committed-quote event; not an observed public closing price
INR_OIS_10.0Y,2026-04-24,SYNTHETIC_ARM_LENGTH_TRANSACTION,RPO-INR_OIS_10.0Y-097,True,SYNTHETIC_RFET_EVIDENCE,Synthetic transaction or committed-quote event; not an observed public closing price
INR_OIS_10.0Y,2026-04-28,SYNTHETIC_ARM_LENGTH_TRANSACTION,RPO-INR_OIS_10.0Y-098,True,SYNTHETIC_RFET_EVIDENCE,Synthetic transaction or committed-quote event; not an observed public closing price
INR_OIS_10.0Y,2026-04-30,SYNTHETIC_ARM_LENGTH_TRANSACTION,RPO-INR_OIS_10.0Y-099,True,SYNTHETIC_RFET_EVIDENCE,Synthetic transaction or committed-quote event; not an observed public closing price
INR_OIS_10.0Y,2026-05-05,SYNTHETIC_ARM_LENGTH_TRANSACTION,RPO-INR_OIS_10.0Y-100,True,SYNTHETIC_RFET_EVIDENCE,Synthetic transaction or committed-quote event; not an observed public closing price
INR_OIS_10.0Y,2026-05-07,SYNTHETIC_ARM_LENGTH_TRANSACTION,RPO-INR_OIS_10.0Y-101,True,SYNTHETIC_RFET_EVIDENCE,Synthetic transaction or committed-quote event; not an observed public closing price
INR_OIS_10.0Y,2026-05-11,SYNTHETIC_ARM_LENGTH_TRANSACTION,RPO-INR_OIS_10.0Y-102,True,SYNTHETIC_RFET_EVIDENCE,Synthetic transaction or committed-quote event; not an observed public closing price
INR_OIS_10.0Y,2026-05-13,SYNTHETIC_ARM_LENGTH_TRANSACTION,RPO-INR_OIS_10.0Y-103,True,SYNTHETIC_RFET_EVIDENCE,Synthetic transaction or committed-quote event; not an observed public closing price
INR_OIS_10.0Y,2026-05-15,SYNTHETIC_ARM_LENGTH_TRANSACTION,RPO-INR_OIS_10.0Y-104,True,SYNTHETIC_RFET_EVIDENCE,Synthetic transaction or committed-quote event; not an observed public closing price
INR_OIS_10.0Y,2026-05-20,SYNTHETIC_ARM_LENGTH_TRANSACTION,RPO-INR_OIS_10.0Y-105,True,SYNTHETIC_RFET_EVIDENCE,Synthetic transaction or committed-quote event; not an observed public closing price
INR_OIS_10.0Y,2026-05-22,SYNTHETIC_ARM_LENGTH_TRANSACTION,RPO-INR_OIS_10.0Y-106,True,SYNTHETIC_RFET_EVIDENCE,Synthetic transaction or committed-quote event; not an observed public closing price
INR_OIS_10.0Y,2026-05-26,SYNTHETIC_ARM_LENGTH_TRANSACTION,RPO-INR_OIS_10.0Y-107,True,SYNTHETIC_RFET_EVIDENCE,Synthetic transaction or committed-quote event; not an observed public closing price
INR_OIS_10.0Y,2026-05-28,SYNTHETIC_ARM_LENGTH_TRANSACTION,RPO-INR_OIS_10.0Y-108,True,SYNTHETIC_RFET_EVIDENCE,Synthetic transaction or committed-quote event; not an observed public closing price
INR_OIS_10.0Y,2026-06-02,SYNTHETIC_ARM_LENGTH_TRANSACTION,RPO-INR_OIS_10.0Y-109,True,SYNTHETIC_RFET_EVIDENCE,Synthetic transaction or committed-quote event; not an observed public closing price
INR_OIS_10.0Y,2026-06-04,SYNTHETIC_ARM_LENGTH_TRANSACTION,RPO-INR_OIS_10.0Y-110,True,SYNTHETIC_RFET_EVIDENCE,Synthetic transaction or committed-quote event; not an observed public closing price
INR_OIS_10.0Y,2026-06-08,SYNTHETIC_ARM_LENGTH_TRANSACTION,RPO-INR_OIS_10.0Y-111,True,SYNTHETIC_RFET_EVIDENCE,Synthetic transaction or committed-quote event; not an observed public closing price
INR_OIS_10.0Y,2026-06-10,SYNTHETIC_ARM_LENGTH_TRANSACTION,RPO-INR_OIS_10.0Y-112,True,SYNTHETIC_RFET_EVIDENCE,Synthetic transaction or committed-quote event; not an observed public closing price
INR_OIS_10.0Y,2026-06-12,SYNTHETIC_ARM_LENGTH_TRANSACTION,RPO-INR_OIS_10.0Y-113,True,SYNTHETIC_RFET_EVIDENCE,Synthetic transaction or committed-quote event; not an observed public closing price
INR_OIS_10.0Y,2026-06-17,SYNTHETIC_ARM_LENGTH_TRANSACTION,RPO-INR_OIS_10.0Y-114,True,SYNTHETIC_RFET_EVIDENCE,Synthetic transaction or committed-quote event; not an observed public closing price
INR_OIS_10.0Y,2026-06-19,SYNTHETIC_ARM_LENGTH_TRANSACTION,RPO-INR_OIS_10.0Y-115,True,SYNTHETIC_RFET_EVIDENCE,Synthetic transaction or committed-quote event; not an observed public closing price
INR_OIS_10.0Y,2026-06-23,SYNTHETIC_ARM_LENGTH_TRANSACTION,RPO-INR_OIS_10.0Y-116,True,SYNTHETIC_RFET_EVIDENCE,Synthetic transaction or committed-quote event; not an observed public closing price
INR_OIS_10.0Y,2026-06-25,SYNTHETIC_ARM_LENGTH_TRANSACTION,RPO-INR_OIS_10.0Y-117,True,SYNTHETIC_RFET_EVIDENCE,Synthetic transaction or committed-quote event; not an observed public closing price
INR_OIS_10.0Y,2026-06-30,SYNTHETIC_ARM_LENGTH_TRANSACTION,RPO-INR_OIS_10.0Y-118,True,SYNTHETIC_RFET_EVIDENCE,Synthetic transaction or committed-quote event; not an observed public closing price
INR_OIS_2.0Y,2025-07-01,SYNTHETIC_ARM_LENGTH_TRANSACTION,RPO-INR_OIS_2.0Y-001,True,SYNTHETIC_RFET_EVIDENCE,Synthetic transaction or committed-quote event; not an observed public closing price
INR_OIS_2.0Y,2025-07-03,SYNTHETIC_ARM_LENGTH_TRANSACTION,RPO-INR_OIS_2.0Y-002,True,SYNTHETIC_RFET_EVIDENCE,Synthetic transaction or committed-quote event; not an observed public closing price
INR_OIS_2.0Y,2025-07-07,SYNTHETIC_ARM_LENGTH_TRANSACTION,RPO-INR_OIS_2.0Y-003,True,SYNTHETIC_RFET_EVIDENCE,Synthetic transaction or committed-quote event; not an observed public closing price
INR_OIS_2.0Y,2025-07-09,SYNTHETIC_ARM_LENGTH_TRANSACTION,RPO-INR_OIS_2.0Y-004,True,SYNTHETIC_RFET_EVIDENCE,Synthetic transaction or committed-quote event; not an observed public closing price
INR_OIS_2.0Y,2025-07-11,SYNTHETIC_ARM_LENGTH_TRANSACTION,RPO-INR_OIS_2.0Y-005,True,SYNTHETIC_RFET_EVIDENCE,Synthetic transaction or committed-quote event; not an observed public closing price
INR_OIS_2.0Y,2025-07-16,SYNTHETIC_ARM_LENGTH_TRANSACTION,RPO-INR_OIS_2.0Y-006,True,SYNTHETIC_RFET_EVIDENCE,Synthetic transaction or committed-quote event; not an observed public closing price
INR_OIS_2.0Y,2025-07-18,SYNTHETIC_ARM_LENGTH_TRANSACTION,RPO-INR_OIS_2.0Y-007,True,SYNTHETIC_RFET_EVIDENCE,Synthetic transaction or committed-quote event; not an observed public closing price
INR_OIS_2.0Y,2025-07-22,SYNTHETIC_ARM_LENGTH_TRANSACTION,RPO-INR_OIS_2.0Y-008,True,SYNTHETIC_RFET_EVIDENCE,Synthetic transaction or committed-quote event; not an observed public closing price
INR_OIS_2.0Y,2025-07-24,SYNTHETIC_ARM_LENGTH_TRANSACTION,RPO-INR_OIS_2.0Y-009,True,SYNTHETIC_RFET_EVIDENCE,Synthetic transaction or committed-quote event; not an observed public closing price
INR_OIS_2.0Y,2025-07-29,SYNTHETIC_ARM_LENGTH_TRANSACTION,RPO-INR_OIS_2.0Y-010,True,SYNTHETIC_RFET_EVIDENCE,Synthetic transaction or committed-quote event; not an observed public closing price
INR_OIS_2.0Y,2025-07-31,SYNTHETIC_ARM_LENGTH_TRANSACTION,RPO-INR_OIS_2.0Y-011,True,SYNTHETIC_RFET_EVIDENCE,Synthetic transaction or committed-quote event; not an observed public closing price
INR_OIS_2.0Y,2025-08-04,SYNTHETIC_ARM_LENGTH_TRANSACTION,RPO-INR_OIS_2.0Y-012,True,SYNTHETIC_RFET_EVIDENCE,Synthetic transaction or committed-quote event; not an observed public closing price
INR_OIS_2.0Y,2025-08-06,SYNTHETIC_ARM_LENGTH_TRANSACTION,RPO-INR_OIS_2.0Y-013,True,SYNTHETIC_RFET_EVIDENCE,Synthetic transaction or committed-quote event; not an observed public closing price
INR_OIS_2.0Y,2025-08-08,SYNTHETIC_ARM_LENGTH_TRANSACTION,RPO-INR_OIS_2.0Y-014,True,SYNTHETIC_RFET_EVIDENCE,Synthetic transaction or committed-quote event; not an observed public closing price
INR_OIS_2.0Y,2025-08-13,SYNTHETIC_ARM_LENGTH_TRANSACTION,RPO-INR_OIS_2.0Y-015,True,SYNTHETIC_RFET_EVIDENCE,Synthetic transaction or committed-quote event; not an observed public closing price
INR_OIS_2.0Y,2025-08-15,SYNTHETIC_ARM_LENGTH_TRANSACTION,RPO-INR_OIS_2.0Y-016,True,SYNTHETIC_RFET_EVIDENCE,Synthetic transaction or committed-quote event; not an observed public closing price
INR_OIS_2.0Y,2025-08-19,SYNTHETIC_ARM_LENGTH_TRANSACTION,RPO-INR_OIS_2.0Y-017,True,SYNTHETIC_RFET_EVIDENCE,Synthetic transaction or committed-quote event; not an observed public closing price
INR_OIS_2.0Y,2025-08-21,SYNTHETIC_ARM_LENGTH_TRANSACTION,RPO-INR_OIS_2.0Y-018,True,SYNTHETIC_RFET_EVIDENCE,Synthetic transaction or committed-quote event; not an observed public closing price
INR_OIS_2.0Y,2025-08-26,SYNTHETIC_ARM_LENGTH_TRANSACTION,RPO-INR_OIS_2.0Y-019,True,SYNTHETIC_RFET_EVIDENCE,Synthetic transaction or committed-quote event; not an observed public closing price
INR_OIS_2.0Y,2025-08-28,SYNTHETIC_ARM_LENGTH_TRANSACTION,RPO-INR_OIS_2.0Y-020,True,SYNTHETIC_RFET_EVIDENCE,Synthetic transaction or committed-quote event; not an observed public closing price
INR_OIS_2.0Y,2025-09-01,SYNTHETIC_ARM_LENGTH_TRANSACTION,RPO-INR_OIS_2.0Y-021,True,SYNTHETIC_RFET_EVIDENCE,Synthetic transaction or committed-quote event; not an observed public closing price
INR_OIS_2.0Y,2025-09-03,SYNTHETIC_ARM_LENGTH_TRANSACTION,RPO-INR_OIS_2.0Y-022,True,SYNTHETIC_RFET_EVIDENCE,Synthetic transaction or committed-quote event; not an observed public closing price
INR_OIS_2.0Y,2025-09-05,SYNTHETIC_ARM_LENGTH_TRANSACTION,RPO-INR_OIS_2.0Y-023,True,SYNTHETIC_RFET_EVIDENCE,Synthetic transaction or committed-quote event; not an observed public closing price
INR_OIS_2.0Y,2025-09-10,SYNTHETIC_ARM_LENGTH_TRANSACTION,RPO-INR_OIS_2.0Y-024,True,SYNTHETIC_RFET_EVIDENCE,Synthetic transaction or committed-quote event; not an observed public closing price
INR_OIS_2.0Y,2025-09-12,SYNTHETIC_ARM_LENGTH_TRANSACTION,RPO-INR_OIS_2.0Y-025,True,SYNTHETIC_RFET_EVIDENCE,Synthetic transaction or committed-quote event; not an observed public closing price
INR_OIS_2.0Y,2025-09-16,SYNTHETIC_ARM_LENGTH_TRANSACTION,RPO-INR_OIS_2.0Y-026,True,SYNTHETIC_RFET_EVIDENCE,Synthetic transaction or committed-quote event; not an observed public closing price
INR_OIS_2.0Y,2025-09-18,SYNTHETIC_ARM_LENGTH_TRANSACTION,RPO-INR_OIS_2.0Y-027,True,SYNTHETIC_RFET_EVIDENCE,Synthetic transaction or committed-quote event; not an observed public closing price
INR_OIS_2.0Y,2025-09-23,SYNTHETIC_ARM_LENGTH_TRANSACTION,RPO-INR_OIS_2.0Y-028,True,SYNTHETIC_RFET_EVIDENCE,Synthetic transaction or committed-quote event; not an observed public closing price
INR_OIS_2.0Y,2025-09-25,SYNTHETIC_ARM_LENGTH_TRANSACTION,RPO-INR_OIS_2.0Y-029,True,SYNTHETIC_RFET_EVIDENCE,Synthetic transaction or committed-quote event; not an observed public closing price
INR_OIS_2.0Y,2025-09-29,SYNTHETIC_ARM_LENGTH_TRANSACTION,RPO-INR_OIS_2.0Y-030,True,SYNTHETIC_RFET_EVIDENCE,Synthetic transaction or committed-quote event; not an observed public closing price
INR_OIS_2.0Y,2025-10-01,SYNTHETIC_ARM_LENGTH_TRANSACTION,RPO-INR_OIS_2.0Y-031,True,SYNTHETIC_RFET_EVIDENCE,Synthetic transaction or committed-quote event; not an observed public closing price
INR_OIS_2.0Y,2025-10-03,SYNTHETIC_ARM_LENGTH_TRANSACTION,RPO-INR_OIS_2.0Y-032,True,SYNTHETIC_RFET_EVIDENCE,Synthetic transaction or committed-quote event; not an observed public closing price
INR_OIS_2.0Y,2025-10-08,SYNTHETIC_ARM_LENGTH_TRANSACTION,RPO-INR_OIS_2.0Y-033,True,SYNTHETIC_RFET_EVIDENCE,Synthetic transaction or committed-quote event; not an observed public closing price
INR_OIS_2.0Y,2025-10-10,SYNTHETIC_ARM_LENGTH_TRANSACTION,RPO-INR_OIS_2.0Y-034,True,SYNTHETIC_RFET_EVIDENCE,Synthetic transaction or committed-quote event; not an observed public closing price
INR_OIS_2.0Y,2025-10-14,SYNTHETIC_ARM_LENGTH_TRANSACTION,RPO-INR_OIS_2.0Y-035,True,SYNTHETIC_RFET_EVIDENCE,Synthetic transaction or committed-quote event; not an observed public closing price
INR_OIS_2.0Y,2025-10-16,SYNTHETIC_ARM_LENGTH_TRANSACTION,RPO-INR_OIS_2.0Y-036,True,SYNTHETIC_RFET_EVIDENCE,Synthetic transaction or committed-quote event; not an observed public closing price
INR_OIS_2.0Y,2025-10-21,SYNTHETIC_ARM_LENGTH_TRANSACTION,RPO-INR_OIS_2.0Y-037,True,SYNTHETIC_RFET_EVIDENCE,Synthetic transaction or committed-quote event; not an observed public closing price
INR_OIS_2.0Y,2025-10-23,SYNTHETIC_ARM_LENGTH_TRANSACTION,RPO-INR_OIS_2.0Y-038,True,SYNTHETIC_RFET_EVIDENCE,Synthetic transaction or committed-quote event; not an observed public closing price
INR_OIS_2.0Y,2025-10-27,SYNTHETIC_ARM_LENGTH_TRANSACTION,RPO-INR_OIS_2.0Y-039,True,SYNTHETIC_RFET_EVIDENCE,Synthetic transaction or committed-quote event; not an observed public closing price
INR_OIS_2.0Y,2025-10-29,SYNTHETIC_ARM_LENGTH_TRANSACTION,RPO-INR_OIS_2.0Y-040,True,SYNTHETIC_RFET_EVIDENCE,Synthetic transaction or committed-quote event; not an observed public closing price
INR_OIS_2.0Y,2025-10-31,SYNTHETIC_ARM_LENGTH_TRANSACTION,RPO-INR_OIS_2.0Y-041,True,SYNTHETIC_RFET_EVIDENCE,Synthetic transaction or committed-quote event; not an observed public closing price
INR_OIS_2.0Y,2025-11-05,SYNTHETIC_ARM_LENGTH_TRANSACTION,RPO-INR_OIS_2.0Y-042,True,SYNTHETIC_RFET_EVIDENCE,Synthetic transaction or committed-quote event; not an observed public closing price
INR_OIS_2.0Y,2025-11-07,SYNTHETIC_ARM_LENGTH_TRANSACTION,RPO-INR_OIS_2.0Y-043,True,SYNTHETIC_RFET_EVIDENCE,Synthetic transaction or committed-quote event; not an observed public closing price
INR_OIS_2.0Y,2025-11-11,SYNTHETIC_ARM_LENGTH_TRANSACTION,RPO-INR_OIS_2.0Y-044,True,SYNTHETIC_RFET_EVIDENCE,Synthetic transaction or committed-quote event; not an observed public closing price
INR_OIS_2.0Y,2025-11-13,SYNTHETIC_ARM_LENGTH_TRANSACTION,RPO-INR_OIS_2.0Y-045,True,SYNTHETIC_RFET_EVIDENCE,Synthetic transaction or committed-quote event; not an observed public closing price
INR_OIS_2.0Y,2025-11-18,SYNTHETIC_ARM_LENGTH_TRANSACTION,RPO-INR_OIS_2.0Y-046,True,SYNTHETIC_RFET_EVIDENCE,Synthetic transaction or committed-quote event; not an observed public closing price
INR_OIS_2.0Y,2025-11-20,SYNTHETIC_ARM_LENGTH_TRANSACTION,RPO-INR_OIS_2.0Y-047,True,SYNTHETIC_RFET_EVIDENCE,Synthetic transaction or committed-quote event; not an observed public closing price
INR_OIS_2.0Y,2025-11-24,SYNTHETIC_ARM_LENGTH_TRANSACTION,RPO-INR_OIS_2.0Y-048,True,SYNTHETIC_RFET_EVIDENCE,Synthetic transaction or committed-quote event; not an observed public closing price
INR_OIS_2.0Y,2025-11-26,SYNTHETIC_ARM_LENGTH_TRANSACTION,RPO-INR_OIS_2.0Y-049,True,SYNTHETIC_RFET_EVIDENCE,Synthetic transaction or committed-quote event; not an observed public closing price
INR_OIS_2.0Y,2025-11-28,SYNTHETIC_ARM_LENGTH_TRANSACTION,RPO-INR_OIS_2.0Y-050,True,SYNTHETIC_RFET_EVIDENCE,Synthetic transaction or committed-quote event; not an observed public closing price
INR_OIS_2.0Y,2025-12-03,SYNTHETIC_ARM_LENGTH_TRANSACTION,RPO-INR_OIS_2.0Y-051,True,SYNTHETIC_RFET_EVIDENCE,Synthetic transaction or committed-quote event; not an observed public closing price
INR_OIS_2.0Y,2025-12-05,SYNTHETIC_ARM_LENGTH_TRANSACTION,RPO-INR_OIS_2.0Y-052,True,SYNTHETIC_RFET_EVIDENCE,Synthetic transaction or committed-quote event; not an observed public closing price
INR_OIS_2.0Y,2025-12-09,SYNTHETIC_ARM_LENGTH_TRANSACTION,RPO-INR_OIS_2.0Y-053,True,SYNTHETIC_RFET_EVIDENCE,Synthetic transaction or committed-quote event; not an observed public closing price
INR_OIS_2.0Y,2025-12-11,SYNTHETIC_ARM_LENGTH_TRANSACTION,RPO-INR_OIS_2.0Y-054,True,SYNTHETIC_RFET_EVIDENCE,Synthetic transaction or committed-quote event; not an observed public closing price
INR_OIS_2.0Y,2025-12-16,SYNTHETIC_ARM_LENGTH_TRANSACTION,RPO-INR_OIS_2.0Y-055,True,SYNTHETIC_RFET_EVIDENCE,Synthetic transaction or committed-quote event; not an observed public closing price
INR_OIS_2.0Y,2025-12-18,SYNTHETIC_ARM_LENGTH_TRANSACTION,RPO-INR_OIS_2.0Y-056,True,SYNTHETIC_RFET_EVIDENCE,Synthetic transaction or committed-quote event; not an observed public closing price
INR_OIS_2.0Y,2025-12-22,SYNTHETIC_ARM_LENGTH_TRANSACTION,RPO-INR_OIS_2.0Y-057,True,SYNTHETIC_RFET_EVIDENCE,Synthetic transaction or committed-quote event; not an observed public closing price
INR_OIS_2.0Y,2025-12-24,SYNTHETIC_ARM_LENGTH_TRANSACTION,RPO-INR_OIS_2.0Y-058,True,SYNTHETIC_RFET_EVIDENCE,Synthetic transaction or committed-quote event; not an observed public closing price
INR_OIS_2.0Y,2025-12-26,SYNTHETIC_ARM_LENGTH_TRANSACTION,RPO-INR_OIS_2.0Y-059,True,SYNTHETIC_RFET_EVIDENCE,Synthetic transaction or committed-quote event; not an observed public closing price
INR_OIS_2.0Y,2025-12-31,SYNTHETIC_ARM_LENGTH_TRANSACTION,RPO-INR_OIS_2.0Y-060,True,SYNTHETIC_RFET_EVIDENCE,Synthetic transaction or committed-quote event; not an observed public closing price
INR_OIS_2.0Y,2026-01-02,SYNTHETIC_ARM_LENGTH_TRANSACTION,RPO-INR_OIS_2.0Y-061,True,SYNTHETIC_RFET_EVIDENCE,Synthetic transaction or committed-quote event; not an observed public closing price
INR_OIS_2.0Y,2026-01-06,SYNTHETIC_ARM_LENGTH_TRANSACTION,RPO-INR_OIS_2.0Y-062,True,SYNTHETIC_RFET_EVIDENCE,Synthetic transaction or committed-quote event; not an observed public closing price
INR_OIS_2.0Y,2026-01-08,SYNTHETIC_ARM_LENGTH_TRANSACTION,RPO-INR_OIS_2.0Y-063,True,SYNTHETIC_RFET_EVIDENCE,Synthetic transaction or committed-quote event; not an observed public closing price
INR_OIS_2.0Y,2026-01-13,SYNTHETIC_ARM_LENGTH_TRANSACTION,RPO-INR_OIS_2.0Y-064,True,SYNTHETIC_RFET_EVIDENCE,Synthetic transaction or committed-quote event; not an observed public closing price
INR_OIS_2.0Y,2026-01-15,SYNTHETIC_ARM_LENGTH_TRANSACTION,RPO-INR_OIS_2.0Y-065,True,SYNTHETIC_RFET_EVIDENCE,Synthetic transaction or committed-quote event; not an observed public closing price
INR_OIS_2.0Y,2026-01-19,SYNTHETIC_ARM_LENGTH_TRANSACTION,RPO-INR_OIS_2.0Y-066,True,SYNTHETIC_RFET_EVIDENCE,Synthetic transaction or committed-quote event; not an observed public closing price
INR_OIS_2.0Y,2026-01-21,SYNTHETIC_ARM_LENGTH_TRANSACTION,RPO-INR_OIS_2.0Y-067,True,SYNTHETIC_RFET_EVIDENCE,Synthetic transaction or committed-quote event; not an observed public closing price
INR_OIS_2.0Y,2026-01-23,SYNTHETIC_ARM_LENGTH_TRANSACTION,RPO-INR_OIS_2.0Y-068,True,SYNTHETIC_RFET_EVIDENCE,Synthetic transaction or committed-quote event; not an observed public closing price
INR_OIS_2.0Y,2026-01-28,SYNTHETIC_ARM_LENGTH_TRANSACTION,RPO-INR_OIS_2.0Y-069,True,SYNTHETIC_RFET_EVIDENCE,Synthetic transaction or committed-quote event; not an observed public closing price
INR_OIS_2.0Y,2026-01-30,SYNTHETIC_ARM_LENGTH_TRANSACTION,RPO-INR_OIS_2.0Y-070,True,SYNTHETIC_RFET_EVIDENCE,Synthetic transaction or committed-quote event; not an observed public closing price
INR_OIS_2.0Y,2026-02-03,SYNTHETIC_ARM_LENGTH_TRANSACTION,RPO-INR_OIS_2.0Y-071,True,SYNTHETIC_RFET_EVIDENCE,Synthetic transaction or committed-quote event; not an observed public closing price
INR_OIS_2.0Y,2026-02-05,SYNTHETIC_ARM_LENGTH_TRANSACTION,RPO-INR_OIS_2.0Y-072,True,SYNTHETIC_RFET_EVIDENCE,Synthetic transaction or committed-quote event; not an observed public closing price
INR_OIS_2.0Y,2026-02-10,SYNTHETIC_ARM_LENGTH_TRANSACTION,RPO-INR_OIS_2.0Y-073,True,SYNTHETIC_RFET_EVIDENCE,Synthetic transaction or committed-quote event; not an observed public closing price
INR_OIS_2.0Y,2026-02-12,SYNTHETIC_ARM_LENGTH_TRANSACTION,RPO-INR_OIS_2.0Y-074,True,SYNTHETIC_RFET_EVIDENCE,Synthetic transaction or committed-quote event; not an observed public closing price
INR_OIS_2.0Y,2026-02-16,SYNTHETIC_ARM_LENGTH_TRANSACTION,RPO-INR_OIS_2.0Y-075,True,SYNTHETIC_RFET_EVIDENCE,Synthetic transaction or committed-quote event; not an observed public closing price
INR_OIS_2.0Y,2026-02-18,SYNTHETIC_ARM_LENGTH_TRANSACTION,RPO-INR_OIS_2.0Y-076,True,SYNTHETIC_RFET_EVIDENCE,Synthetic transaction or committed-quote event; not an observed public closing price
INR_OIS_2.0Y,2026-02-20,SYNTHETIC_ARM_LENGTH_TRANSACTION,RPO-INR_OIS_2.0Y-077,True,SYNTHETIC_RFET_EVIDENCE,Synthetic transaction or committed-quote event; not an observed public closing price
INR_OIS_2.0Y,2026-02-25,SYNTHETIC_ARM_LENGTH_TRANSACTION,RPO-INR_OIS_2.0Y-078,True,SYNTHETIC_RFET_EVIDENCE,Synthetic transaction or committed-quote event; not an observed public closing price
INR_OIS_2.0Y,2026-02-27,SYNTHETIC_ARM_LENGTH_TRANSACTION,RPO-INR_OIS_2.0Y-079,True,SYNTHETIC_RFET_EVIDENCE,Synthetic transaction or committed-quote event; not an observed public closing price
INR_OIS_2.0Y,2026-03-03,SYNTHETIC_ARM_LENGTH_TRANSACTION,RPO-INR_OIS_2.0Y-080,True,SYNTHETIC_RFET_EVIDENCE,Synthetic transaction or committed-quote event; not an observed public closing price
INR_OIS_2.0Y,2026-03-05,SYNTHETIC_ARM_LENGTH_TRANSACTION,RPO-INR_OIS_2.0Y-081,True,SYNTHETIC_RFET_EVIDENCE,Synthetic transaction or committed-quote event; not an observed public closing price
INR_OIS_2.0Y,2026-03-10,SYNTHETIC_ARM_LENGTH_TRANSACTION,RPO-INR_OIS_2.0Y-082,True,SYNTHETIC_RFET_EVIDENCE,Synthetic transaction or committed-quote event; not an observed public closing price
INR_OIS_2.0Y,2026-03-12,SYNTHETIC_ARM_LENGTH_TRANSACTION,RPO-INR_OIS_2.0Y-083,True,SYNTHETIC_RFET_EVIDENCE,Synthetic transaction or committed-quote event; not an observed public closing price
INR_OIS_2.0Y,2026-03-16,SYNTHETIC_ARM_LENGTH_TRANSACTION,RPO-INR_OIS_2.0Y-084,True,SYNTHETIC_RFET_EVIDENCE,Synthetic transaction or committed-quote event; not an observed public closing price
INR_OIS_2.0Y,2026-03-18,SYNTHETIC_ARM_LENGTH_TRANSACTION,RPO-INR_OIS_2.0Y-085,True,SYNTHETIC_RFET_EVIDENCE,Synthetic transaction or committed-quote event; not an observed public closing price
INR_OIS_2.0Y,2026-03-20,SYNTHETIC_ARM_LENGTH_TRANSACTION,RPO-INR_OIS_2.0Y-086,True,SYNTHETIC_RFET_EVIDENCE,Synthetic transaction or committed-quote event; not an observed public closing price
INR_OIS_2.0Y,2026-03-25,SYNTHETIC_ARM_LENGTH_TRANSACTION,RPO-INR_OIS_2.0Y-087,True,SYNTHETIC_RFET_EVIDENCE,Synthetic transaction or committed-quote event; not an observed public closing price
INR_OIS_2.0Y,2026-03-27,SYNTHETIC_ARM_LENGTH_TRANSACTION,RPO-INR_OIS_2.0Y-088,True,SYNTHETIC_RFET_EVIDENCE,Synthetic transaction or committed-quote event; not an observed public closing price
INR_OIS_2.0Y,2026-03-31,SYNTHETIC_ARM_LENGTH_TRANSACTION,RPO-INR_OIS_2.0Y-089,True,SYNTHETIC_RFET_EVIDENCE,Synthetic transaction or committed-quote event; not an observed public closing price
INR_OIS_2.0Y,2026-04-02,SYNTHETIC_ARM_LENGTH_TRANSACTION,RPO-INR_OIS_2.0Y-090,True,SYNTHETIC_RFET_EVIDENCE,Synthetic transaction or committed-quote event; not an observed public closing price
INR_OIS_2.0Y,2026-04-07,SYNTHETIC_ARM_LENGTH_TRANSACTION,RPO-INR_OIS_2.0Y-091,True,SYNTHETIC_RFET_EVIDENCE,Synthetic transaction or committed-quote event; not an observed public closing price
INR_OIS_2.0Y,2026-04-09,SYNTHETIC_ARM_LENGTH_TRANSACTION,RPO-INR_OIS_2.0Y-092,True,SYNTHETIC_RFET_EVIDENCE,Synthetic transaction or committed-quote event; not an observed public closing price
INR_OIS_2.0Y,2026-04-13,SYNTHETIC_ARM_LENGTH_TRANSACTION,RPO-INR_OIS_2.0Y-093,True,SYNTHETIC_RFET_EVIDENCE,Synthetic transaction or committed-quote event; not an observed public closing price
INR_OIS_2.0Y,2026-04-15,SYNTHETIC_ARM_LENGTH_TRANSACTION,RPO-INR_OIS_2.0Y-094,True,SYNTHETIC_RFET_EVIDENCE,Synthetic transaction or committed-quote event; not an observed public closing price
INR_OIS_2.0Y,2026-04-17,SYNTHETIC_ARM_LENGTH_TRANSACTION,RPO-INR_OIS_2.0Y-095,True,SYNTHETIC_RFET_EVIDENCE,Synthetic transaction or committed-quote event; not an observed public closing price
INR_OIS_2.0Y,2026-04-22,SYNTHETIC_ARM_LENGTH_TRANSACTION,RPO-INR_OIS_2.0Y-096,True,SYNTHETIC_RFET_EVIDENCE,Synthetic transaction or committed-quote event; not an observed public closing price
INR_OIS_2.0Y,2026-04-24,SYNTHETIC_ARM_LENGTH_TRANSACTION,RPO-INR_OIS_2.0Y-097,True,SYNTHETIC_RFET_EVIDENCE,Synthetic transaction or committed-quote event; not an observed public closing price
INR_OIS_2.0Y,2026-04-28,SYNTHETIC_ARM_LENGTH_TRANSACTION,RPO-INR_OIS_2.0Y-098,True,SYNTHETIC_RFET_EVIDENCE,Synthetic transaction or committed-quote event; not an observed public closing price
INR_OIS_2.0Y,2026-04-30,SYNTHETIC_ARM_LENGTH_TRANSACTION,RPO-INR_OIS_2.0Y-099,True,SYNTHETIC_RFET_EVIDENCE,Synthetic transaction or committed-quote event; not an observed public closing price
INR_OIS_2.0Y,2026-05-05,SYNTHETIC_ARM_LENGTH_TRANSACTION,RPO-INR_OIS_2.0Y-100,True,SYNTHETIC_RFET_EVIDENCE,Synthetic transaction or committed-quote event; not an observed public closing price
INR_OIS_2.0Y,2026-05-07,SYNTHETIC_ARM_LENGTH_TRANSACTION,RPO-INR_OIS_2.0Y-101,True,SYNTHETIC_RFET_EVIDENCE,Synthetic transaction or committed-quote event; not an observed public closing price
INR_OIS_2.0Y,2026-05-11,SYNTHETIC_ARM_LENGTH_TRANSACTION,RPO-INR_OIS_2.0Y-102,True,SYNTHETIC_RFET_EVIDENCE,Synthetic transaction or committed-quote event; not an observed public closing price
INR_OIS_2.0Y,2026-05-13,SYNTHETIC_ARM_LENGTH_TRANSACTION,RPO-INR_OIS_2.0Y-103,True,SYNTHETIC_RFET_EVIDENCE,Synthetic transaction or committed-quote event; not an observed public closing price
INR_OIS_2.0Y,2026-05-15,SYNTHETIC_ARM_LENGTH_TRANSACTION,RPO-INR_OIS_2.0Y-104,True,SYNTHETIC_RFET_EVIDENCE,Synthetic transaction or committed-quote event; not an observed public closing price
INR_OIS_2.0Y,2026-05-20,SYNTHETIC_ARM_LENGTH_TRANSACTION,RPO-INR_OIS_2.0Y-105,True,SYNTHETIC_RFET_EVIDENCE,Synthetic transaction or committed-quote event; not an observed public closing price
INR_OIS_2.0Y,2026-05-22,SYNTHETIC_ARM_LENGTH_TRANSACTION,RPO-INR_OIS_2.0Y-106,True,SYNTHETIC_RFET_EVIDENCE,Synthetic transaction or committed-quote event; not an observed public closing price
INR_OIS_2.0Y,2026-05-26,SYNTHETIC_ARM_LENGTH_TRANSACTION,RPO-INR_OIS_2.0Y-107,True,SYNTHETIC_RFET_EVIDENCE,Synthetic transaction or committed-quote event; not an observed public closing price
INR_OIS_2.0Y,2026-05-28,SYNTHETIC_ARM_LENGTH_TRANSACTION,RPO-INR_OIS_2.0Y-108,True,SYNTHETIC_RFET_EVIDENCE,Synthetic transaction or committed-quote event; not an observed public closing price
INR_OIS_2.0Y,2026-06-02,SYNTHETIC_ARM_LENGTH_TRANSACTION,RPO-INR_OIS_2.0Y-109,True,SYNTHETIC_RFET_EVIDENCE,Synthetic transaction or committed-quote event; not an observed public closing price
INR_OIS_2.0Y,2026-06-04,SYNTHETIC_ARM_LENGTH_TRANSACTION,RPO-INR_OIS_2.0Y-110,True,SYNTHETIC_RFET_EVIDENCE,Synthetic transaction or committed-quote event; not an observed public closing price
INR_OIS_2.0Y,2026-06-08,SYNTHETIC_ARM_LENGTH_TRANSACTION,RPO-INR_OIS_2.0Y-111,True,SYNTHETIC_RFET_EVIDENCE,Synthetic transaction or committed-quote event; not an observed public closing price
INR_OIS_2.0Y,2026-06-10,SYNTHETIC_ARM_LENGTH_TRANSACTION,RPO-INR_OIS_2.0Y-112,True,SYNTHETIC_RFET_EVIDENCE,Synthetic transaction or committed-quote event; not an observed public closing price
INR_OIS_2.0Y,2026-06-12,SYNTHETIC_ARM_LENGTH_TRANSACTION,RPO-INR_OIS_2.0Y-113,True,SYNTHETIC_RFET_EVIDENCE,Synthetic transaction or committed-quote event; not an observed public closing price
INR_OIS_2.0Y,2026-06-17,SYNTHETIC_ARM_LENGTH_TRANSACTION,RPO-INR_OIS_2.0Y-114,True,SYNTHETIC_RFET_EVIDENCE,Synthetic transaction or committed-quote event; not an observed public closing price
INR_OIS_2.0Y,2026-06-19,SYNTHETIC_ARM_LENGTH_TRANSACTION,RPO-INR_OIS_2.0Y-115,True,SYNTHETIC_RFET_EVIDENCE,Synthetic transaction or committed-quote event; not an observed public closing price
INR_OIS_2.0Y,2026-06-23,SYNTHETIC_ARM_LENGTH_TRANSACTION,RPO-INR_OIS_2.0Y-116,True,SYNTHETIC_RFET_EVIDENCE,Synthetic transaction or committed-quote event; not an observed public closing price
INR_OIS_2.0Y,2026-06-25,SYNTHETIC_ARM_LENGTH_TRANSACTION,RPO-INR_OIS_2.0Y-117,True,SYNTHETIC_RFET_EVIDENCE,Synthetic transaction or committed-quote event; not an observed public closing price
INR_OIS_2.0Y,2026-06-30,SYNTHETIC_ARM_LENGTH_TRANSACTION,RPO-INR_OIS_2.0Y-118,True,SYNTHETIC_RFET_EVIDENCE,Synthetic transaction or committed-quote event; not an observed public closing price
INR_OIS_3.0Y,2025-07-01,SYNTHETIC_ARM_LENGTH_TRANSACTION,RPO-INR_OIS_3.0Y-001,True,SYNTHETIC_RFET_EVIDENCE,Synthetic transaction or committed-quote event; not an observed public closing price
INR_OIS_3.0Y,2025-07-03,SYNTHETIC_ARM_LENGTH_TRANSACTION,RPO-INR_OIS_3.0Y-002,True,SYNTHETIC_RFET_EVIDENCE,Synthetic transaction or committed-quote event; not an observed public closing price
INR_OIS_3.0Y,2025-07-07,SYNTHETIC_ARM_LENGTH_TRANSACTION,RPO-INR_OIS_3.0Y-003,True,SYNTHETIC_RFET_EVIDENCE,Synthetic transaction or committed-quote event; not an observed public closing price
INR_OIS_3.0Y,2025-07-09,SYNTHETIC_ARM_LENGTH_TRANSACTION,RPO-INR_OIS_3.0Y-004,True,SYNTHETIC_RFET_EVIDENCE,Synthetic transaction or committed-quote event; not an observed public closing price
INR_OIS_3.0Y,2025-07-11,SYNTHETIC_ARM_LENGTH_TRANSACTION,RPO-INR_OIS_3.0Y-005,True,SYNTHETIC_RFET_EVIDENCE,Synthetic transaction or committed-quote event; not an observed public closing price
INR_OIS_3.0Y,2025-07-16,SYNTHETIC_ARM_LENGTH_TRANSACTION,RPO-INR_OIS_3.0Y-006,True,SYNTHETIC_RFET_EVIDENCE,Synthetic transaction or committed-quote event; not an observed public closing price
INR_OIS_3.0Y,2025-07-18,SYNTHETIC_ARM_LENGTH_TRANSACTION,RPO-INR_OIS_3.0Y-007,True,SYNTHETIC_RFET_EVIDENCE,Synthetic transaction or committed-quote event; not an observed public closing price
INR_OIS_3.0Y,2025-07-22,SYNTHETIC_ARM_LENGTH_TRANSACTION,RPO-INR_OIS_3.0Y-008,True,SYNTHETIC_RFET_EVIDENCE,Synthetic transaction or committed-quote event; not an observed public closing price
INR_OIS_3.0Y,2025-07-24,SYNTHETIC_ARM_LENGTH_TRANSACTION,RPO-INR_OIS_3.0Y-009,True,SYNTHETIC_RFET_EVIDENCE,Synthetic transaction or committed-quote event; not an observed public closing price
INR_OIS_3.0Y,2025-07-29,SYNTHETIC_ARM_LENGTH_TRANSACTION,RPO-INR_OIS_3.0Y-010,True,SYNTHETIC_RFET_EVIDENCE,Synthetic transaction or committed-quote event; not an observed public closing price
INR_OIS_3.0Y,2025-07-31,SYNTHETIC_ARM_LENGTH_TRANSACTION,RPO-INR_OIS_3.0Y-011,True,SYNTHETIC_RFET_EVIDENCE,Synthetic transaction or committed-quote event; not an observed public closing price
INR_OIS_3.0Y,2025-08-04,SYNTHETIC_ARM_LENGTH_TRANSACTION,RPO-INR_OIS_3.0Y-012,True,SYNTHETIC_RFET_EVIDENCE,Synthetic transaction or committed-quote event; not an observed public closing price
INR_OIS_3.0Y,2025-08-06,SYNTHETIC_ARM_LENGTH_TRANSACTION,RPO-INR_OIS_3.0Y-013,True,SYNTHETIC_RFET_EVIDENCE,Synthetic transaction or committed-quote event; not an observed public closing price
INR_OIS_3.0Y,2025-08-08,SYNTHETIC_ARM_LENGTH_TRANSACTION,RPO-INR_OIS_3.0Y-014,True,SYNTHETIC_RFET_EVIDENCE,Synthetic transaction or committed-quote event; not an observed public closing price
INR_OIS_3.0Y,2025-08-13,SYNTHETIC_ARM_LENGTH_TRANSACTION,RPO-INR_OIS_3.0Y-015,True,SYNTHETIC_RFET_EVIDENCE,Synthetic transaction or committed-quote event; not an observed public closing price
INR_OIS_3.0Y,2025-08-15,SYNTHETIC_ARM_LENGTH_TRANSACTION,RPO-INR_OIS_3.0Y-016,True,SYNTHETIC_RFET_EVIDENCE,Synthetic transaction or committed-quote event; not an observed public closing price
INR_OIS_3.0Y,2025-08-19,SYNTHETIC_ARM_LENGTH_TRANSACTION,RPO-INR_OIS_3.0Y-017,True,SYNTHETIC_RFET_EVIDENCE,Synthetic transaction or committed-quote event; not an observed public closing price
INR_OIS_3.0Y,2025-08-21,SYNTHETIC_ARM_LENGTH_TRANSACTION,RPO-INR_OIS_3.0Y-018,True,SYNTHETIC_RFET_EVIDENCE,Synthetic transaction or committed-quote event; not an observed public closing price
INR_OIS_3.0Y,2025-08-26,SYNTHETIC_ARM_LENGTH_TRANSACTION,RPO-INR_OIS_3.0Y-019,True,SYNTHETIC_RFET_EVIDENCE,Synthetic transaction or committed-quote event; not an observed public closing price
INR_OIS_3.0Y,2025-08-28,SYNTHETIC_ARM_LENGTH_TRANSACTION,RPO-INR_OIS_3.0Y-020,True,SYNTHETIC_RFET_EVIDENCE,Synthetic transaction or committed-quote event; not an observed public closing price
INR_OIS_3.0Y,2025-09-01,SYNTHETIC_ARM_LENGTH_TRANSACTION,RPO-INR_OIS_3.0Y-021,True,SYNTHETIC_RFET_EVIDENCE,Synthetic transaction or committed-quote event; not an observed public closing price
INR_OIS_3.0Y,2025-09-03,SYNTHETIC_ARM_LENGTH_TRANSACTION,RPO-INR_OIS_3.0Y-022,True,SYNTHETIC_RFET_EVIDENCE,Synthetic transaction or committed-quote event; not an observed public closing price
INR_OIS_3.0Y,2025-09-05,SYNTHETIC_ARM_LENGTH_TRANSACTION,RPO-INR_OIS_3.0Y-023,True,SYNTHETIC_RFET_EVIDENCE,Synthetic transaction or committed-quote event; not an observed public closing price
INR_OIS_3.0Y,2025-09-10,SYNTHETIC_ARM_LENGTH_TRANSACTION,RPO-INR_OIS_3.0Y-024,True,SYNTHETIC_RFET_EVIDENCE,Synthetic transaction or committed-quote event; not an observed public closing price
INR_OIS_3.0Y,2025-09-12,SYNTHETIC_ARM_LENGTH_TRANSACTION,RPO-INR_OIS_3.0Y-025,True,SYNTHETIC_RFET_EVIDENCE,Synthetic transaction or committed-quote event; not an observed public closing price
INR_OIS_3.0Y,2025-09-16,SYNTHETIC_ARM_LENGTH_TRANSACTION,RPO-INR_OIS_3.0Y-026,True,SYNTHETIC_RFET_EVIDENCE,Synthetic transaction or committed-quote event; not an observed public closing price
INR_OIS_3.0Y,2025-09-18,SYNTHETIC_ARM_LENGTH_TRANSACTION,RPO-INR_OIS_3.0Y-027,True,SYNTHETIC_RFET_EVIDENCE,Synthetic transaction or committed-quote event; not an observed public closing price
INR_OIS_3.0Y,2025-09-23,SYNTHETIC_ARM_LENGTH_TRANSACTION,RPO-INR_OIS_3.0Y-028,True,SYNTHETIC_RFET_EVIDENCE,Synthetic transaction or committed-quote event; not an observed public closing price
INR_OIS_3.0Y,2025-09-25,SYNTHETIC_ARM_LENGTH_TRANSACTION,RPO-INR_OIS_3.0Y-029,True,SYNTHETIC_RFET_EVIDENCE,Synthetic transaction or committed-quote event; not an observed public closing price
INR_OIS_3.0Y,2025-09-29,SYNTHETIC_ARM_LENGTH_TRANSACTION,RPO-INR_OIS_3.0Y-030,True,SYNTHETIC_RFET_EVIDENCE,Synthetic transaction or committed-quote event; not an observed public closing price
INR_OIS_3.0Y,2025-10-01,SYNTHETIC_ARM_LENGTH_TRANSACTION,RPO-INR_OIS_3.0Y-031,True,SYNTHETIC_RFET_EVIDENCE,Synthetic transaction or committed-quote event; not an observed public closing price
INR_OIS_3.0Y,2025-10-03,SYNTHETIC_ARM_LENGTH_TRANSACTION,RPO-INR_OIS_3.0Y-032,True,SYNTHETIC_RFET_EVIDENCE,Synthetic transaction or committed-quote event; not an observed public closing price
INR_OIS_3.0Y,2025-10-08,SYNTHETIC_ARM_LENGTH_TRANSACTION,RPO-INR_OIS_3.0Y-033,True,SYNTHETIC_RFET_EVIDENCE,Synthetic transaction or committed-quote event; not an observed public closing price
INR_OIS_3.0Y,2025-10-10,SYNTHETIC_ARM_LENGTH_TRANSACTION,RPO-INR_OIS_3.0Y-034,True,SYNTHETIC_RFET_EVIDENCE,Synthetic transaction or committed-quote event; not an observed public closing price
INR_OIS_3.0Y,2025-10-14,SYNTHETIC_ARM_LENGTH_TRANSACTION,RPO-INR_OIS_3.0Y-035,True,SYNTHETIC_RFET_EVIDENCE,Synthetic transaction or committed-quote event; not an observed public closing price
INR_OIS_3.0Y,2025-10-16,SYNTHETIC_ARM_LENGTH_TRANSACTION,RPO-INR_OIS_3.0Y-036,True,SYNTHETIC_RFET_EVIDENCE,Synthetic transaction or committed-quote event; not an observed public closing price
INR_OIS_3.0Y,2025-10-21,SYNTHETIC_ARM_LENGTH_TRANSACTION,RPO-INR_OIS_3.0Y-037,True,SYNTHETIC_RFET_EVIDENCE,Synthetic transaction or committed-quote event; not an observed public closing price
INR_OIS_3.0Y,2025-10-23,SYNTHETIC_ARM_LENGTH_TRANSACTION,RPO-INR_OIS_3.0Y-038,True,SYNTHETIC_RFET_EVIDENCE,Synthetic transaction or committed-quote event; not an observed public closing price
INR_OIS_3.0Y,2025-10-27,SYNTHETIC_ARM_LENGTH_TRANSACTION,RPO-INR_OIS_3.0Y-039,True,SYNTHETIC_RFET_EVIDENCE,Synthetic transaction or committed-quote event; not an observed public closing price
INR_OIS_3.0Y,2025-10-29,SYNTHETIC_ARM_LENGTH_TRANSACTION,RPO-INR_OIS_3.0Y-040,True,SYNTHETIC_RFET_EVIDENCE,Synthetic transaction or committed-quote event; not an observed public closing price
INR_OIS_3.0Y,2025-10-31,SYNTHETIC_ARM_LENGTH_TRANSACTION,RPO-INR_OIS_3.0Y-041,True,SYNTHETIC_RFET_EVIDENCE,Synthetic transaction or committed-quote event; not an observed public closing price
INR_OIS_3.0Y,2025-11-05,SYNTHETIC_ARM_LENGTH_TRANSACTION,RPO-INR_OIS_3.0Y-042,True,SYNTHETIC_RFET_EVIDENCE,Synthetic transaction or committed-quote event; not an observed public closing price
INR_OIS_3.0Y,2025-11-07,SYNTHETIC_ARM_LENGTH_TRANSACTION,RPO-INR_OIS_3.0Y-043,True,SYNTHETIC_RFET_EVIDENCE,Synthetic transaction or committed-quote event; not an observed public closing price
INR_OIS_3.0Y,2025-11-11,SYNTHETIC_ARM_LENGTH_TRANSACTION,RPO-INR_OIS_3.0Y-044,True,SYNTHETIC_RFET_EVIDENCE,Synthetic transaction or committed-quote event; not an observed public closing price
INR_OIS_3.0Y,2025-11-13,SYNTHETIC_ARM_LENGTH_TRANSACTION,RPO-INR_OIS_3.0Y-045,True,SYNTHETIC_RFET_EVIDENCE,Synthetic transaction or committed-quote event; not an observed public closing price
INR_OIS_3.0Y,2025-11-18,SYNTHETIC_ARM_LENGTH_TRANSACTION,RPO-INR_OIS_3.0Y-046,True,SYNTHETIC_RFET_EVIDENCE,Synthetic transaction or committed-quote event; not an observed public closing price
INR_OIS_3.0Y,2025-11-20,SYNTHETIC_ARM_LENGTH_TRANSACTION,RPO-INR_OIS_3.0Y-047,True,SYNTHETIC_RFET_EVIDENCE,Synthetic transaction or committed-quote event; not an observed public closing price
INR_OIS_3.0Y,2025-11-24,SYNTHETIC_ARM_LENGTH_TRANSACTION,RPO-INR_OIS_3.0Y-048,True,SYNTHETIC_RFET_EVIDENCE,Synthetic transaction or committed-quote event; not an observed public closing price
INR_OIS_3.0Y,2025-11-26,SYNTHETIC_ARM_LENGTH_TRANSACTION,RPO-INR_OIS_3.0Y-049,True,SYNTHETIC_RFET_EVIDENCE,Synthetic transaction or committed-quote event; not an observed public closing price
INR_OIS_3.0Y,2025-11-28,SYNTHETIC_ARM_LENGTH_TRANSACTION,RPO-INR_OIS_3.0Y-050,True,SYNTHETIC_RFET_EVIDENCE,Synthetic transaction or committed-quote event; not an observed public closing price
INR_OIS_3.0Y,2025-12-03,SYNTHETIC_ARM_LENGTH_TRANSACTION,RPO-INR_OIS_3.0Y-051,True,SYNTHETIC_RFET_EVIDENCE,Synthetic transaction or committed-quote event; not an observed public closing price
INR_OIS_3.0Y,2025-12-05,SYNTHETIC_ARM_LENGTH_TRANSACTION,RPO-INR_OIS_3.0Y-052,True,SYNTHETIC_RFET_EVIDENCE,Synthetic transaction or committed-quote event; not an observed public closing price
INR_OIS_3.0Y,2025-12-09,SYNTHETIC_ARM_LENGTH_TRANSACTION,RPO-INR_OIS_3.0Y-053,True,SYNTHETIC_RFET_EVIDENCE,Synthetic transaction or committed-quote event; not an observed public closing price
INR_OIS_3.0Y,2025-12-11,SYNTHETIC_ARM_LENGTH_TRANSACTION,RPO-INR_OIS_3.0Y-054,True,SYNTHETIC_RFET_EVIDENCE,Synthetic transaction or committed-quote event; not an observed public closing price
INR_OIS_3.0Y,2025-12-16,SYNTHETIC_ARM_LENGTH_TRANSACTION,RPO-INR_OIS_3.0Y-055,True,SYNTHETIC_RFET_EVIDENCE,Synthetic transaction or committed-quote event; not an observed public closing price
INR_OIS_3.0Y,2025-12-18,SYNTHETIC_ARM_LENGTH_TRANSACTION,RPO-INR_OIS_3.0Y-056,True,SYNTHETIC_RFET_EVIDENCE,Synthetic transaction or committed-quote event; not an observed public closing price
INR_OIS_3.0Y,2025-12-22,SYNTHETIC_ARM_LENGTH_TRANSACTION,RPO-INR_OIS_3.0Y-057,True,SYNTHETIC_RFET_EVIDENCE,Synthetic transaction or committed-quote event; not an observed public closing price
INR_OIS_3.0Y,2025-12-24,SYNTHETIC_ARM_LENGTH_TRANSACTION,RPO-INR_OIS_3.0Y-058,True,SYNTHETIC_RFET_EVIDENCE,Synthetic transaction or committed-quote event; not an observed public closing price
INR_OIS_3.0Y,2025-12-26,SYNTHETIC_ARM_LENGTH_TRANSACTION,RPO-INR_OIS_3.0Y-059,True,SYNTHETIC_RFET_EVIDENCE,Synthetic transaction or committed-quote event; not an observed public closing price
INR_OIS_3.0Y,2025-12-31,SYNTHETIC_ARM_LENGTH_TRANSACTION,RPO-INR_OIS_3.0Y-060,True,SYNTHETIC_RFET_EVIDENCE,Synthetic transaction or committed-quote event; not an observed public closing price
INR_OIS_3.0Y,2026-01-02,SYNTHETIC_ARM_LENGTH_TRANSACTION,RPO-INR_OIS_3.0Y-061,True,SYNTHETIC_RFET_EVIDENCE,Synthetic transaction or committed-quote event; not an observed public closing price
INR_OIS_3.0Y,2026-01-06,SYNTHETIC_ARM_LENGTH_TRANSACTION,RPO-INR_OIS_3.0Y-062,True,SYNTHETIC_RFET_EVIDENCE,Synthetic transaction or committed-quote event; not an observed public closing price
INR_OIS_3.0Y,2026-01-08,SYNTHETIC_ARM_LENGTH_TRANSACTION,RPO-INR_OIS_3.0Y-063,True,SYNTHETIC_RFET_EVIDENCE,Synthetic transaction or committed-quote event; not an observed public closing price
INR_OIS_3.0Y,2026-01-13,SYNTHETIC_ARM_LENGTH_TRANSACTION,RPO-INR_OIS_3.0Y-064,True,SYNTHETIC_RFET_EVIDENCE,Synthetic transaction or committed-quote event; not an observed public closing price
INR_OIS_3.0Y,2026-01-15,SYNTHETIC_ARM_LENGTH_TRANSACTION,RPO-INR_OIS_3.0Y-065,True,SYNTHETIC_RFET_EVIDENCE,Synthetic transaction or committed-quote event; not an observed public closing price
INR_OIS_3.0Y,2026-01-19,SYNTHETIC_ARM_LENGTH_TRANSACTION,RPO-INR_OIS_3.0Y-066,True,SYNTHETIC_RFET_EVIDENCE,Synthetic transaction or committed-quote event; not an observed public closing price
INR_OIS_3.0Y,2026-01-21,SYNTHETIC_ARM_LENGTH_TRANSACTION,RPO-INR_OIS_3.0Y-067,True,SYNTHETIC_RFET_EVIDENCE,Synthetic transaction or committed-quote event; not an observed public closing price
INR_OIS_3.0Y,2026-01-23,SYNTHETIC_ARM_LENGTH_TRANSACTION,RPO-INR_OIS_3.0Y-068,True,SYNTHETIC_RFET_EVIDENCE,Synthetic transaction or committed-quote event; not an observed public closing price
INR_OIS_3.0Y,2026-01-28,SYNTHETIC_ARM_LENGTH_TRANSACTION,RPO-INR_OIS_3.0Y-069,True,SYNTHETIC_RFET_EVIDENCE,Synthetic transaction or committed-quote event; not an observed public closing price
INR_OIS_3.0Y,2026-01-30,SYNTHETIC_ARM_LENGTH_TRANSACTION,RPO-INR_OIS_3.0Y-070,True,SYNTHETIC_RFET_EVIDENCE,Synthetic transaction or committed-quote event; not an observed public closing price
INR_OIS_3.0Y,2026-02-03,SYNTHETIC_ARM_LENGTH_TRANSACTION,RPO-INR_OIS_3.0Y-071,True,SYNTHETIC_RFET_EVIDENCE,Synthetic transaction or committed-quote event; not an observed public closing price
INR_OIS_3.0Y,2026-02-05,SYNTHETIC_ARM_LENGTH_TRANSACTION,RPO-INR_OIS_3.0Y-072,True,SYNTHETIC_RFET_EVIDENCE,Synthetic transaction or committed-quote event; not an observed public closing price
INR_OIS_3.0Y,2026-02-10,SYNTHETIC_ARM_LENGTH_TRANSACTION,RPO-INR_OIS_3.0Y-073,True,SYNTHETIC_RFET_EVIDENCE,Synthetic transaction or committed-quote event; not an observed public closing price
INR_OIS_3.0Y,2026-02-12,SYNTHETIC_ARM_LENGTH_TRANSACTION,RPO-INR_OIS_3.0Y-074,True,SYNTHETIC_RFET_EVIDENCE,Synthetic transaction or committed-quote event; not an observed public closing price
INR_OIS_3.0Y,2026-02-16,SYNTHETIC_ARM_LENGTH_TRANSACTION,RPO-INR_OIS_3.0Y-075,True,SYNTHETIC_RFET_EVIDENCE,Synthetic transaction or committed-quote event; not an observed public closing price
INR_OIS_3.0Y,2026-02-18,SYNTHETIC_ARM_LENGTH_TRANSACTION,RPO-INR_OIS_3.0Y-076,True,SYNTHETIC_RFET_EVIDENCE,Synthetic transaction or committed-quote event; not an observed public closing price
INR_OIS_3.0Y,2026-02-20,SYNTHETIC_ARM_LENGTH_TRANSACTION,RPO-INR_OIS_3.0Y-077,True,SYNTHETIC_RFET_EVIDENCE,Synthetic transaction or committed-quote event; not an observed public closing price
INR_OIS_3.0Y,2026-02-25,SYNTHETIC_ARM_LENGTH_TRANSACTION,RPO-INR_OIS_3.0Y-078,True,SYNTHETIC_RFET_EVIDENCE,Synthetic transaction or committed-quote event; not an observed public closing price
INR_OIS_3.0Y,2026-02-27,SYNTHETIC_ARM_LENGTH_TRANSACTION,RPO-INR_OIS_3.0Y-079,True,SYNTHETIC_RFET_EVIDENCE,Synthetic transaction or committed-quote event; not an observed public closing price
INR_OIS_3.0Y,2026-03-03,SYNTHETIC_ARM_LENGTH_TRANSACTION,RPO-INR_OIS_3.0Y-080,True,SYNTHETIC_RFET_EVIDENCE,Synthetic transaction or committed-quote event; not an observed public closing price
INR_OIS_3.0Y,2026-03-05,SYNTHETIC_ARM_LENGTH_TRANSACTION,RPO-INR_OIS_3.0Y-081,True,SYNTHETIC_RFET_EVIDENCE,Synthetic transaction or committed-quote event; not an observed public closing price
INR_OIS_3.0Y,2026-03-10,SYNTHETIC_ARM_LENGTH_TRANSACTION,RPO-INR_OIS_3.0Y-082,True,SYNTHETIC_RFET_EVIDENCE,Synthetic transaction or committed-quote event; not an observed public closing price
INR_OIS_3.0Y,2026-03-12,SYNTHETIC_ARM_LENGTH_TRANSACTION,RPO-INR_OIS_3.0Y-083,True,SYNTHETIC_RFET_EVIDENCE,Synthetic transaction or committed-quote event; not an observed public closing price
INR_OIS_3.0Y,2026-03-16,SYNTHETIC_ARM_LENGTH_TRANSACTION,RPO-INR_OIS_3.0Y-084,True,SYNTHETIC_RFET_EVIDENCE,Synthetic transaction or committed-quote event; not an observed public closing price
INR_OIS_3.0Y,2026-03-18,SYNTHETIC_ARM_LENGTH_TRANSACTION,RPO-INR_OIS_3.0Y-085,True,SYNTHETIC_RFET_EVIDENCE,Synthetic transaction or committed-quote event; not an observed public closing price
INR_OIS_3.0Y,2026-03-20,SYNTHETIC_ARM_LENGTH_TRANSACTION,RPO-INR_OIS_3.0Y-086,True,SYNTHETIC_RFET_EVIDENCE,Synthetic transaction or committed-quote event; not an observed public closing price
INR_OIS_3.0Y,2026-03-25,SYNTHETIC_ARM_LENGTH_TRANSACTION,RPO-INR_OIS_3.0Y-087,True,SYNTHETIC_RFET_EVIDENCE,Synthetic transaction or committed-quote event; not an observed public closing price
INR_OIS_3.0Y,2026-03-27,SYNTHETIC_ARM_LENGTH_TRANSACTION,RPO-INR_OIS_3.0Y-088,True,SYNTHETIC_RFET_EVIDENCE,Synthetic transaction or committed-quote event; not an observed public closing price
INR_OIS_3.0Y,2026-03-31,SYNTHETIC_ARM_LENGTH_TRANSACTION,RPO-INR_OIS_3.0Y-089,True,SYNTHETIC_RFET_EVIDENCE,Synthetic transaction or committed-quote event; not an observed public closing price
INR_OIS_3.0Y,2026-04-02,SYNTHETIC_ARM_LENGTH_TRANSACTION,RPO-INR_OIS_3.0Y-090,True,SYNTHETIC_RFET_EVIDENCE,Synthetic transaction or committed-quote event; not an observed public closing price
INR_OIS_3.0Y,2026-04-07,SYNTHETIC_ARM_LENGTH_TRANSACTION,RPO-INR_OIS_3.0Y-091,True,SYNTHETIC_RFET_EVIDENCE,Synthetic transaction or committed-quote event; not an observed public closing price
INR_OIS_3.0Y,2026-04-09,SYNTHETIC_ARM_LENGTH_TRANSACTION,RPO-INR_OIS_3.0Y-092,True,SYNTHETIC_RFET_EVIDENCE,Synthetic transaction or committed-quote event; not an observed public closing price
INR_OIS_3.0Y,2026-04-13,SYNTHETIC_ARM_LENGTH_TRANSACTION,RPO-INR_OIS_3.0Y-093,True,SYNTHETIC_RFET_EVIDENCE,Synthetic transaction or committed-quote event; not an observed public closing price
INR_OIS_3.0Y,2026-04-15,SYNTHETIC_ARM_LENGTH_TRANSACTION,RPO-INR_OIS_3.0Y-094,True,SYNTHETIC_RFET_EVIDENCE,Synthetic transaction or committed-quote event; not an observed public closing price
INR_OIS_3.0Y,2026-04-17,SYNTHETIC_ARM_LENGTH_TRANSACTION,RPO-INR_OIS_3.0Y-095,True,SYNTHETIC_RFET_EVIDENCE,Synthetic transaction or committed-quote event; not an observed public closing price
INR_OIS_3.0Y,2026-04-22,SYNTHETIC_ARM_LENGTH_TRANSACTION,RPO-INR_OIS_3.0Y-096,True,SYNTHETIC_RFET_EVIDENCE,Synthetic transaction or committed-quote event; not an observed public closing price
INR_OIS_3.0Y,2026-04-24,SYNTHETIC_ARM_LENGTH_TRANSACTION,RPO-INR_OIS_3.0Y-097,True,SYNTHETIC_RFET_EVIDENCE,Synthetic transaction or committed-quote event; not an observed public closing price
INR_OIS_3.0Y,2026-04-28,SYNTHETIC_ARM_LENGTH_TRANSACTION,RPO-INR_OIS_3.0Y-098,True,SYNTHETIC_RFET_EVIDENCE,Synthetic transaction or committed-quote event; not an observed public closing price
INR_OIS_3.0Y,2026-04-30,SYNTHETIC_ARM_LENGTH_TRANSACTION,RPO-INR_OIS_3.0Y-099,True,SYNTHETIC_RFET_EVIDENCE,Synthetic transaction or committed-quote event; not an observed public closing price
INR_OIS_3.0Y,2026-05-05,SYNTHETIC_ARM_LENGTH_TRANSACTION,RPO-INR_OIS_3.0Y-100,True,SYNTHETIC_RFET_EVIDENCE,Synthetic transaction or committed-quote event; not an observed public closing price
INR_OIS_3.0Y,2026-05-07,SYNTHETIC_ARM_LENGTH_TRANSACTION,RPO-INR_OIS_3.0Y-101,True,SYNTHETIC_RFET_EVIDENCE,Synthetic transaction or committed-quote event; not an observed public closing price
INR_OIS_3.0Y,2026-05-11,SYNTHETIC_ARM_LENGTH_TRANSACTION,RPO-INR_OIS_3.0Y-102,True,SYNTHETIC_RFET_EVIDENCE,Synthetic transaction or committed-quote event; not an observed public closing price
INR_OIS_3.0Y,2026-05-13,SYNTHETIC_ARM_LENGTH_TRANSACTION,RPO-INR_OIS_3.0Y-103,True,SYNTHETIC_RFET_EVIDENCE,Synthetic transaction or committed-quote event; not an observed public closing price
INR_OIS_3.0Y,2026-05-15,SYNTHETIC_ARM_LENGTH_TRANSACTION,RPO-INR_OIS_3.0Y-104,True,SYNTHETIC_RFET_EVIDENCE,Synthetic transaction or committed-quote event; not an observed public closing price
INR_OIS_3.0Y,2026-05-20,SYNTHETIC_ARM_LENGTH_TRANSACTION,RPO-INR_OIS_3.0Y-105,True,SYNTHETIC_RFET_EVIDENCE,Synthetic transaction or committed-quote event; not an observed public closing price
INR_OIS_3.0Y,2026-05-22,SYNTHETIC_ARM_LENGTH_TRANSACTION,RPO-INR_OIS_3.0Y-106,True,SYNTHETIC_RFET_EVIDENCE,Synthetic transaction or committed-quote event; not an observed public closing price
INR_OIS_3.0Y,2026-05-26,SYNTHETIC_ARM_LENGTH_TRANSACTION,RPO-INR_OIS_3.0Y-107,True,SYNTHETIC_RFET_EVIDENCE,Synthetic transaction or committed-quote event; not an observed public closing price
INR_OIS_3.0Y,2026-05-28,SYNTHETIC_ARM_LENGTH_TRANSACTION,RPO-INR_OIS_3.0Y-108,True,SYNTHETIC_RFET_EVIDENCE,Synthetic transaction or committed-quote event; not an observed public closing price
INR_OIS_3.0Y,2026-06-02,SYNTHETIC_ARM_LENGTH_TRANSACTION,RPO-INR_OIS_3.0Y-109,True,SYNTHETIC_RFET_EVIDENCE,Synthetic transaction or committed-quote event; not an observed public closing price
INR_OIS_3.0Y,2026-06-04,SYNTHETIC_ARM_LENGTH_TRANSACTION,RPO-INR_OIS_3.0Y-110,True,SYNTHETIC_RFET_EVIDENCE,Synthetic transaction or committed-quote event; not an observed public closing price
INR_OIS_3.0Y,2026-06-08,SYNTHETIC_ARM_LENGTH_TRANSACTION,RPO-INR_OIS_3.0Y-111,True,SYNTHETIC_RFET_EVIDENCE,Synthetic transaction or committed-quote event; not an observed public closing price
INR_OIS_3.0Y,2026-06-10,SYNTHETIC_ARM_LENGTH_TRANSACTION,RPO-INR_OIS_3.0Y-112,True,SYNTHETIC_RFET_EVIDENCE,Synthetic transaction or committed-quote event; not an observed public closing price
INR_OIS_3.0Y,2026-06-12,SYNTHETIC_ARM_LENGTH_TRANSACTION,RPO-INR_OIS_3.0Y-113,True,SYNTHETIC_RFET_EVIDENCE,Synthetic transaction or committed-quote event; not an observed public closing price
INR_OIS_3.0Y,2026-06-17,SYNTHETIC_ARM_LENGTH_TRANSACTION,RPO-INR_OIS_3.0Y-114,True,SYNTHETIC_RFET_EVIDENCE,Synthetic transaction or committed-quote event; not an observed public closing price
INR_OIS_3.0Y,2026-06-19,SYNTHETIC_ARM_LENGTH_TRANSACTION,RPO-INR_OIS_3.0Y-115,True,SYNTHETIC_RFET_EVIDENCE,Synthetic transaction or committed-quote event; not an observed public closing price
INR_OIS_3.0Y,2026-06-23,SYNTHETIC_ARM_LENGTH_TRANSACTION,RPO-INR_OIS_3.0Y-116,True,SYNTHETIC_RFET_EVIDENCE,Synthetic transaction or committed-quote event; not an observed public closing price
INR_OIS_3.0Y,2026-06-25,SYNTHETIC_ARM_LENGTH_TRANSACTION,RPO-INR_OIS_3.0Y-117,True,SYNTHETIC_RFET_EVIDENCE,Synthetic transaction or committed-quote event; not an observed public closing price
INR_OIS_3.0Y,2026-06-30,SYNTHETIC_ARM_LENGTH_TRANSACTION,RPO-INR_OIS_3.0Y-118,True,SYNTHETIC_RFET_EVIDENCE,Synthetic transaction or committed-quote event; not an observed public closing price
INR_OIS_5.0Y,2025-07-01,SYNTHETIC_ARM_LENGTH_TRANSACTION,RPO-INR_OIS_5.0Y-001,True,SYNTHETIC_RFET_EVIDENCE,Synthetic transaction or committed-quote event; not an observed public closing price
INR_OIS_5.0Y,2025-07-03,SYNTHETIC_ARM_LENGTH_TRANSACTION,RPO-INR_OIS_5.0Y-002,True,SYNTHETIC_RFET_EVIDENCE,Synthetic transaction or committed-quote event; not an observed public closing price
INR_OIS_5.0Y,2025-07-07,SYNTHETIC_ARM_LENGTH_TRANSACTION,RPO-INR_OIS_5.0Y-003,True,SYNTHETIC_RFET_EVIDENCE,Synthetic transaction or committed-quote event; not an observed public closing price
INR_OIS_5.0Y,2025-07-09,SYNTHETIC_ARM_LENGTH_TRANSACTION,RPO-INR_OIS_5.0Y-004,True,SYNTHETIC_RFET_EVIDENCE,Synthetic transaction or committed-quote event; not an observed public closing price
INR_OIS_5.0Y,2025-07-11,SYNTHETIC_ARM_LENGTH_TRANSACTION,RPO-INR_OIS_5.0Y-005,True,SYNTHETIC_RFET_EVIDENCE,Synthetic transaction or committed-quote event; not an observed public closing price
INR_OIS_5.0Y,2025-07-16,SYNTHETIC_ARM_LENGTH_TRANSACTION,RPO-INR_OIS_5.0Y-006,True,SYNTHETIC_RFET_EVIDENCE,Synthetic transaction or committed-quote event; not an observed public closing price
INR_OIS_5.0Y,2025-07-18,SYNTHETIC_ARM_LENGTH_TRANSACTION,RPO-INR_OIS_5.0Y-007,True,SYNTHETIC_RFET_EVIDENCE,Synthetic transaction or committed-quote event; not an observed public closing price
INR_OIS_5.0Y,2025-07-22,SYNTHETIC_ARM_LENGTH_TRANSACTION,RPO-INR_OIS_5.0Y-008,True,SYNTHETIC_RFET_EVIDENCE,Synthetic transaction or committed-quote event; not an observed public closing price
INR_OIS_5.0Y,2025-07-24,SYNTHETIC_ARM_LENGTH_TRANSACTION,RPO-INR_OIS_5.0Y-009,True,SYNTHETIC_RFET_EVIDENCE,Synthetic transaction or committed-quote event; not an observed public closing price
INR_OIS_5.0Y,2025-07-29,SYNTHETIC_ARM_LENGTH_TRANSACTION,RPO-INR_OIS_5.0Y-010,True,SYNTHETIC_RFET_EVIDENCE,Synthetic transaction or committed-quote event; not an observed public closing price
INR_OIS_5.0Y,2025-07-31,SYNTHETIC_ARM_LENGTH_TRANSACTION,RPO-INR_OIS_5.0Y-011,True,SYNTHETIC_RFET_EVIDENCE,Synthetic transaction or committed-quote event; not an observed public closing price
INR_OIS_5.0Y,2025-08-04,SYNTHETIC_ARM_LENGTH_TRANSACTION,RPO-INR_OIS_5.0Y-012,True,SYNTHETIC_RFET_EVIDENCE,Synthetic transaction or committed-quote event; not an observed public closing price
INR_OIS_5.0Y,2025-08-06,SYNTHETIC_ARM_LENGTH_TRANSACTION,RPO-INR_OIS_5.0Y-013,True,SYNTHETIC_RFET_EVIDENCE,Synthetic transaction or committed-quote event; not an observed public closing price
INR_OIS_5.0Y,2025-08-08,SYNTHETIC_ARM_LENGTH_TRANSACTION,RPO-INR_OIS_5.0Y-014,True,SYNTHETIC_RFET_EVIDENCE,Synthetic transaction or committed-quote event; not an observed public closing price
INR_OIS_5.0Y,2025-08-13,SYNTHETIC_ARM_LENGTH_TRANSACTION,RPO-INR_OIS_5.0Y-015,True,SYNTHETIC_RFET_EVIDENCE,Synthetic transaction or committed-quote event; not an observed public closing price
INR_OIS_5.0Y,2025-08-15,SYNTHETIC_ARM_LENGTH_TRANSACTION,RPO-INR_OIS_5.0Y-016,True,SYNTHETIC_RFET_EVIDENCE,Synthetic transaction or committed-quote event; not an observed public closing price
INR_OIS_5.0Y,2025-08-19,SYNTHETIC_ARM_LENGTH_TRANSACTION,RPO-INR_OIS_5.0Y-017,True,SYNTHETIC_RFET_EVIDENCE,Synthetic transaction or committed-quote event; not an observed public closing price
INR_OIS_5.0Y,2025-08-21,SYNTHETIC_ARM_LENGTH_TRANSACTION,RPO-INR_OIS_5.0Y-018,True,SYNTHETIC_RFET_EVIDENCE,Synthetic transaction or committed-quote event; not an observed public closing price
INR_OIS_5.0Y,2025-08-26,SYNTHETIC_ARM_LENGTH_TRANSACTION,RPO-INR_OIS_5.0Y-019,True,SYNTHETIC_RFET_EVIDENCE,Synthetic transaction or committed-quote event; not an observed public closing price
INR_OIS_5.0Y,2025-08-28,SYNTHETIC_ARM_LENGTH_TRANSACTION,RPO-INR_OIS_5.0Y-020,True,SYNTHETIC_RFET_EVIDENCE,Synthetic transaction or committed-quote event; not an observed public closing price
INR_OIS_5.0Y,2025-09-01,SYNTHETIC_ARM_LENGTH_TRANSACTION,RPO-INR_OIS_5.0Y-021,True,SYNTHETIC_RFET_EVIDENCE,Synthetic transaction or committed-quote event; not an observed public closing price
INR_OIS_5.0Y,2025-09-03,SYNTHETIC_ARM_LENGTH_TRANSACTION,RPO-INR_OIS_5.0Y-022,True,SYNTHETIC_RFET_EVIDENCE,Synthetic transaction or committed-quote event; not an observed public closing price
INR_OIS_5.0Y,2025-09-05,SYNTHETIC_ARM_LENGTH_TRANSACTION,RPO-INR_OIS_5.0Y-023,True,SYNTHETIC_RFET_EVIDENCE,Synthetic transaction or committed-quote event; not an observed public closing price
INR_OIS_5.0Y,2025-09-10,SYNTHETIC_ARM_LENGTH_TRANSACTION,RPO-INR_OIS_5.0Y-024,True,SYNTHETIC_RFET_EVIDENCE,Synthetic transaction or committed-quote event; not an observed public closing price
INR_OIS_5.0Y,2025-09-12,SYNTHETIC_ARM_LENGTH_TRANSACTION,RPO-INR_OIS_5.0Y-025,True,SYNTHETIC_RFET_EVIDENCE,Synthetic transaction or committed-quote event; not an observed public closing price
INR_OIS_5.0Y,2025-09-16,SYNTHETIC_ARM_LENGTH_TRANSACTION,RPO-INR_OIS_5.0Y-026,True,SYNTHETIC_RFET_EVIDENCE,Synthetic transaction or committed-quote event; not an observed public closing price
INR_OIS_5.0Y,2025-09-18,SYNTHETIC_ARM_LENGTH_TRANSACTION,RPO-INR_OIS_5.0Y-027,True,SYNTHETIC_RFET_EVIDENCE,Synthetic transaction or committed-quote event; not an observed public closing price
INR_OIS_5.0Y,2025-09-23,SYNTHETIC_ARM_LENGTH_TRANSACTION,RPO-INR_OIS_5.0Y-028,True,SYNTHETIC_RFET_EVIDENCE,Synthetic transaction or committed-quote event; not an observed public closing price
INR_OIS_5.0Y,2025-09-25,SYNTHETIC_ARM_LENGTH_TRANSACTION,RPO-INR_OIS_5.0Y-029,True,SYNTHETIC_RFET_EVIDENCE,Synthetic transaction or committed-quote event; not an observed public closing price
INR_OIS_5.0Y,2025-09-29,SYNTHETIC_ARM_LENGTH_TRANSACTION,RPO-INR_OIS_5.0Y-030,True,SYNTHETIC_RFET_EVIDENCE,Synthetic transaction or committed-quote event; not an observed public closing price
INR_OIS_5.0Y,2025-10-01,SYNTHETIC_ARM_LENGTH_TRANSACTION,RPO-INR_OIS_5.0Y-031,True,SYNTHETIC_RFET_EVIDENCE,Synthetic transaction or committed-quote event; not an observed public closing price
INR_OIS_5.0Y,2025-10-03,SYNTHETIC_ARM_LENGTH_TRANSACTION,RPO-INR_OIS_5.0Y-032,True,SYNTHETIC_RFET_EVIDENCE,Synthetic transaction or committed-quote event; not an observed public closing price
INR_OIS_5.0Y,2025-10-08,SYNTHETIC_ARM_LENGTH_TRANSACTION,RPO-INR_OIS_5.0Y-033,True,SYNTHETIC_RFET_EVIDENCE,Synthetic transaction or committed-quote event; not an observed public closing price
INR_OIS_5.0Y,2025-10-10,SYNTHETIC_ARM_LENGTH_TRANSACTION,RPO-INR_OIS_5.0Y-034,True,SYNTHETIC_RFET_EVIDENCE,Synthetic transaction or committed-quote event; not an observed public closing price
INR_OIS_5.0Y,2025-10-14,SYNTHETIC_ARM_LENGTH_TRANSACTION,RPO-INR_OIS_5.0Y-035,True,SYNTHETIC_RFET_EVIDENCE,Synthetic transaction or committed-quote event; not an observed public closing price
INR_OIS_5.0Y,2025-10-16,SYNTHETIC_ARM_LENGTH_TRANSACTION,RPO-INR_OIS_5.0Y-036,True,SYNTHETIC_RFET_EVIDENCE,Synthetic transaction or committed-quote event; not an observed public closing price
INR_OIS_5.0Y,2025-10-21,SYNTHETIC_ARM_LENGTH_TRANSACTION,RPO-INR_OIS_5.0Y-037,True,SYNTHETIC_RFET_EVIDENCE,Synthetic transaction or committed-quote event; not an observed public closing price
INR_OIS_5.0Y,2025-10-23,SYNTHETIC_ARM_LENGTH_TRANSACTION,RPO-INR_OIS_5.0Y-038,True,SYNTHETIC_RFET_EVIDENCE,Synthetic transaction or committed-quote event; not an observed public closing price
INR_OIS_5.0Y,2025-10-27,SYNTHETIC_ARM_LENGTH_TRANSACTION,RPO-INR_OIS_5.0Y-039,True,SYNTHETIC_RFET_EVIDENCE,Synthetic transaction or committed-quote event; not an observed public closing price
INR_OIS_5.0Y,2025-10-29,SYNTHETIC_ARM_LENGTH_TRANSACTION,RPO-INR_OIS_5.0Y-040,True,SYNTHETIC_RFET_EVIDENCE,Synthetic transaction or committed-quote event; not an observed public closing price
INR_OIS_5.0Y,2025-10-31,SYNTHETIC_ARM_LENGTH_TRANSACTION,RPO-INR_OIS_5.0Y-041,True,SYNTHETIC_RFET_EVIDENCE,Synthetic transaction or committed-quote event; not an observed public closing price
INR_OIS_5.0Y,2025-11-05,SYNTHETIC_ARM_LENGTH_TRANSACTION,RPO-INR_OIS_5.0Y-042,True,SYNTHETIC_RFET_EVIDENCE,Synthetic transaction or committed-quote event; not an observed public closing price
INR_OIS_5.0Y,2025-11-07,SYNTHETIC_ARM_LENGTH_TRANSACTION,RPO-INR_OIS_5.0Y-043,True,SYNTHETIC_RFET_EVIDENCE,Synthetic transaction or committed-quote event; not an observed public closing price
INR_OIS_5.0Y,2025-11-11,SYNTHETIC_ARM_LENGTH_TRANSACTION,RPO-INR_OIS_5.0Y-044,True,SYNTHETIC_RFET_EVIDENCE,Synthetic transaction or committed-quote event; not an observed public closing price
INR_OIS_5.0Y,2025-11-13,SYNTHETIC_ARM_LENGTH_TRANSACTION,RPO-INR_OIS_5.0Y-045,True,SYNTHETIC_RFET_EVIDENCE,Synthetic transaction or committed-quote event; not an observed public closing price
INR_OIS_5.0Y,2025-11-18,SYNTHETIC_ARM_LENGTH_TRANSACTION,RPO-INR_OIS_5.0Y-046,True,SYNTHETIC_RFET_EVIDENCE,Synthetic transaction or committed-quote event; not an observed public closing price
INR_OIS_5.0Y,2025-11-20,SYNTHETIC_ARM_LENGTH_TRANSACTION,RPO-INR_OIS_5.0Y-047,True,SYNTHETIC_RFET_EVIDENCE,Synthetic transaction or committed-quote event; not an observed public closing price
INR_OIS_5.0Y,2025-11-24,SYNTHETIC_ARM_LENGTH_TRANSACTION,RPO-INR_OIS_5.0Y-048,True,SYNTHETIC_RFET_EVIDENCE,Synthetic transaction or committed-quote event; not an observed public closing price
INR_OIS_5.0Y,2025-11-26,SYNTHETIC_ARM_LENGTH_TRANSACTION,RPO-INR_OIS_5.0Y-049,True,SYNTHETIC_RFET_EVIDENCE,Synthetic transaction or committed-quote event; not an observed public closing price
INR_OIS_5.0Y,2025-11-28,SYNTHETIC_ARM_LENGTH_TRANSACTION,RPO-INR_OIS_5.0Y-050,True,SYNTHETIC_RFET_EVIDENCE,Synthetic transaction or committed-quote event; not an observed public closing price
INR_OIS_5.0Y,2025-12-03,SYNTHETIC_ARM_LENGTH_TRANSACTION,RPO-INR_OIS_5.0Y-051,True,SYNTHETIC_RFET_EVIDENCE,Synthetic transaction or committed-quote event; not an observed public closing price
INR_OIS_5.0Y,2025-12-05,SYNTHETIC_ARM_LENGTH_TRANSACTION,RPO-INR_OIS_5.0Y-052,True,SYNTHETIC_RFET_EVIDENCE,Synthetic transaction or committed-quote event; not an observed public closing price
INR_OIS_5.0Y,2025-12-09,SYNTHETIC_ARM_LENGTH_TRANSACTION,RPO-INR_OIS_5.0Y-053,True,SYNTHETIC_RFET_EVIDENCE,Synthetic transaction or committed-quote event; not an observed public closing price
INR_OIS_5.0Y,2025-12-11,SYNTHETIC_ARM_LENGTH_TRANSACTION,RPO-INR_OIS_5.0Y-054,True,SYNTHETIC_RFET_EVIDENCE,Synthetic transaction or committed-quote event; not an observed public closing price
INR_OIS_5.0Y,2025-12-16,SYNTHETIC_ARM_LENGTH_TRANSACTION,RPO-INR_OIS_5.0Y-055,True,SYNTHETIC_RFET_EVIDENCE,Synthetic transaction or committed-quote event; not an observed public closing price
INR_OIS_5.0Y,2025-12-18,SYNTHETIC_ARM_LENGTH_TRANSACTION,RPO-INR_OIS_5.0Y-056,True,SYNTHETIC_RFET_EVIDENCE,Synthetic transaction or committed-quote event; not an observed public closing price
INR_OIS_5.0Y,2025-12-22,SYNTHETIC_ARM_LENGTH_TRANSACTION,RPO-INR_OIS_5.0Y-057,True,SYNTHETIC_RFET_EVIDENCE,Synthetic transaction or committed-quote event; not an observed public closing price
INR_OIS_5.0Y,2025-12-24,SYNTHETIC_ARM_LENGTH_TRANSACTION,RPO-INR_OIS_5.0Y-058,True,SYNTHETIC_RFET_EVIDENCE,Synthetic transaction or committed-quote event; not an observed public closing price
INR_OIS_5.0Y,2025-12-26,SYNTHETIC_ARM_LENGTH_TRANSACTION,RPO-INR_OIS_5.0Y-059,True,SYNTHETIC_RFET_EVIDENCE,Synthetic transaction or committed-quote event; not an observed public closing price
INR_OIS_5.0Y,2025-12-31,SYNTHETIC_ARM_LENGTH_TRANSACTION,RPO-INR_OIS_5.0Y-060,True,SYNTHETIC_RFET_EVIDENCE,Synthetic transaction or committed-quote event; not an observed public closing price
INR_OIS_5.0Y,2026-01-02,SYNTHETIC_ARM_LENGTH_TRANSACTION,RPO-INR_OIS_5.0Y-061,True,SYNTHETIC_RFET_EVIDENCE,Synthetic transaction or committed-quote event; not an observed public closing price
INR_OIS_5.0Y,2026-01-06,SYNTHETIC_ARM_LENGTH_TRANSACTION,RPO-INR_OIS_5.0Y-062,True,SYNTHETIC_RFET_EVIDENCE,Synthetic transaction or committed-quote event; not an observed public closing price
INR_OIS_5.0Y,2026-01-08,SYNTHETIC_ARM_LENGTH_TRANSACTION,RPO-INR_OIS_5.0Y-063,True,SYNTHETIC_RFET_EVIDENCE,Synthetic transaction or committed-quote event; not an observed public closing price
INR_OIS_5.0Y,2026-01-13,SYNTHETIC_ARM_LENGTH_TRANSACTION,RPO-INR_OIS_5.0Y-064,True,SYNTHETIC_RFET_EVIDENCE,Synthetic transaction or committed-quote event; not an observed public closing price
INR_OIS_5.0Y,2026-01-15,SYNTHETIC_ARM_LENGTH_TRANSACTION,RPO-INR_OIS_5.0Y-065,True,SYNTHETIC_RFET_EVIDENCE,Synthetic transaction or committed-quote event; not an observed public closing price
INR_OIS_5.0Y,2026-01-19,SYNTHETIC_ARM_LENGTH_TRANSACTION,RPO-INR_OIS_5.0Y-066,True,SYNTHETIC_RFET_EVIDENCE,Synthetic transaction or committed-quote event; not an observed public closing price
INR_OIS_5.0Y,2026-01-21,SYNTHETIC_ARM_LENGTH_TRANSACTION,RPO-INR_OIS_5.0Y-067,True,SYNTHETIC_RFET_EVIDENCE,Synthetic transaction or committed-quote event; not an observed public closing price
INR_OIS_5.0Y,2026-01-23,SYNTHETIC_ARM_LENGTH_TRANSACTION,RPO-INR_OIS_5.0Y-068,True,SYNTHETIC_RFET_EVIDENCE,Synthetic transaction or committed-quote event; not an observed public closing price
INR_OIS_5.0Y,2026-01-28,SYNTHETIC_ARM_LENGTH_TRANSACTION,RPO-INR_OIS_5.0Y-069,True,SYNTHETIC_RFET_EVIDENCE,Synthetic transaction or committed-quote event; not an observed public closing price
INR_OIS_5.0Y,2026-01-30,SYNTHETIC_ARM_LENGTH_TRANSACTION,RPO-INR_OIS_5.0Y-070,True,SYNTHETIC_RFET_EVIDENCE,Synthetic transaction or committed-quote event; not an observed public closing price
INR_OIS_5.0Y,2026-02-03,SYNTHETIC_ARM_LENGTH_TRANSACTION,RPO-INR_OIS_5.0Y-071,True,SYNTHETIC_RFET_EVIDENCE,Synthetic transaction or committed-quote event; not an observed public closing price
INR_OIS_5.0Y,2026-02-05,SYNTHETIC_ARM_LENGTH_TRANSACTION,RPO-INR_OIS_5.0Y-072,True,SYNTHETIC_RFET_EVIDENCE,Synthetic transaction or committed-quote event; not an observed public closing price
INR_OIS_5.0Y,2026-02-10,SYNTHETIC_ARM_LENGTH_TRANSACTION,RPO-INR_OIS_5.0Y-073,True,SYNTHETIC_RFET_EVIDENCE,Synthetic transaction or committed-quote event; not an observed public closing price
INR_OIS_5.0Y,2026-02-12,SYNTHETIC_ARM_LENGTH_TRANSACTION,RPO-INR_OIS_5.0Y-074,True,SYNTHETIC_RFET_EVIDENCE,Synthetic transaction or committed-quote event; not an observed public closing price
INR_OIS_5.0Y,2026-02-16,SYNTHETIC_ARM_LENGTH_TRANSACTION,RPO-INR_OIS_5.0Y-075,True,SYNTHETIC_RFET_EVIDENCE,Synthetic transaction or committed-quote event; not an observed public closing price
INR_OIS_5.0Y,2026-02-18,SYNTHETIC_ARM_LENGTH_TRANSACTION,RPO-INR_OIS_5.0Y-076,True,SYNTHETIC_RFET_EVIDENCE,Synthetic transaction or committed-quote event; not an observed public closing price
INR_OIS_5.0Y,2026-02-20,SYNTHETIC_ARM_LENGTH_TRANSACTION,RPO-INR_OIS_5.0Y-077,True,SYNTHETIC_RFET_EVIDENCE,Synthetic transaction or committed-quote event; not an observed public closing price
INR_OIS_5.0Y,2026-02-25,SYNTHETIC_ARM_LENGTH_TRANSACTION,RPO-INR_OIS_5.0Y-078,True,SYNTHETIC_RFET_EVIDENCE,Synthetic transaction or committed-quote event; not an observed public closing price
INR_OIS_5.0Y,2026-02-27,SYNTHETIC_ARM_LENGTH_TRANSACTION,RPO-INR_OIS_5.0Y-079,True,SYNTHETIC_RFET_EVIDENCE,Synthetic transaction or committed-quote event; not an observed public closing price
INR_OIS_5.0Y,2026-03-03,SYNTHETIC_ARM_LENGTH_TRANSACTION,RPO-INR_OIS_5.0Y-080,True,SYNTHETIC_RFET_EVIDENCE,Synthetic transaction or committed-quote event; not an observed public closing price
INR_OIS_5.0Y,2026-03-05,SYNTHETIC_ARM_LENGTH_TRANSACTION,RPO-INR_OIS_5.0Y-081,True,SYNTHETIC_RFET_EVIDENCE,Synthetic transaction or committed-quote event; not an observed public closing price
INR_OIS_5.0Y,2026-03-10,SYNTHETIC_ARM_LENGTH_TRANSACTION,RPO-INR_OIS_5.0Y-082,True,SYNTHETIC_RFET_EVIDENCE,Synthetic transaction or committed-quote event; not an observed public closing price
INR_OIS_5.0Y,2026-03-12,SYNTHETIC_ARM_LENGTH_TRANSACTION,RPO-INR_OIS_5.0Y-083,True,SYNTHETIC_RFET_EVIDENCE,Synthetic transaction or committed-quote event; not an observed public closing price
INR_OIS_5.0Y,2026-03-16,SYNTHETIC_ARM_LENGTH_TRANSACTION,RPO-INR_OIS_5.0Y-084,True,SYNTHETIC_RFET_EVIDENCE,Synthetic transaction or committed-quote event; not an observed public closing price
INR_OIS_5.0Y,2026-03-18,SYNTHETIC_ARM_LENGTH_TRANSACTION,RPO-INR_OIS_5.0Y-085,True,SYNTHETIC_RFET_EVIDENCE,Synthetic transaction or committed-quote event; not an observed public closing price
INR_OIS_5.0Y,2026-03-20,SYNTHETIC_ARM_LENGTH_TRANSACTION,RPO-INR_OIS_5.0Y-086,True,SYNTHETIC_RFET_EVIDENCE,Synthetic transaction or committed-quote event; not an observed public closing price
INR_OIS_5.0Y,2026-03-25,SYNTHETIC_ARM_LENGTH_TRANSACTION,RPO-INR_OIS_5.0Y-087,True,SYNTHETIC_RFET_EVIDENCE,Synthetic transaction or committed-quote event; not an observed public closing price
INR_OIS_5.0Y,2026-03-27,SYNTHETIC_ARM_LENGTH_TRANSACTION,RPO-INR_OIS_5.0Y-088,True,SYNTHETIC_RFET_EVIDENCE,Synthetic transaction or committed-quote event; not an observed public closing price
INR_OIS_5.0Y,2026-03-31,SYNTHETIC_ARM_LENGTH_TRANSACTION,RPO-INR_OIS_5.0Y-089,True,SYNTHETIC_RFET_EVIDENCE,Synthetic transaction or committed-quote event; not an observed public closing price
INR_OIS_5.0Y,2026-04-02,SYNTHETIC_ARM_LENGTH_TRANSACTION,RPO-INR_OIS_5.0Y-090,True,SYNTHETIC_RFET_EVIDENCE,Synthetic transaction or committed-quote event; not an observed public closing price
INR_OIS_5.0Y,2026-04-07,SYNTHETIC_ARM_LENGTH_TRANSACTION,RPO-INR_OIS_5.0Y-091,True,SYNTHETIC_RFET_EVIDENCE,Synthetic transaction or committed-quote event; not an observed public closing price
INR_OIS_5.0Y,2026-04-09,SYNTHETIC_ARM_LENGTH_TRANSACTION,RPO-INR_OIS_5.0Y-092,True,SYNTHETIC_RFET_EVIDENCE,Synthetic transaction or committed-quote event; not an observed public closing price
INR_OIS_5.0Y,2026-04-13,SYNTHETIC_ARM_LENGTH_TRANSACTION,RPO-INR_OIS_5.0Y-093,True,SYNTHETIC_RFET_EVIDENCE,Synthetic transaction or committed-quote event; not an observed public closing price
INR_OIS_5.0Y,2026-04-15,SYNTHETIC_ARM_LENGTH_TRANSACTION,RPO-INR_OIS_5.0Y-094,True,SYNTHETIC_RFET_EVIDENCE,Synthetic transaction or committed-quote event; not an observed public closing price
INR_OIS_5.0Y,2026-04-17,SYNTHETIC_ARM_LENGTH_TRANSACTION,RPO-INR_OIS_5.0Y-095,True,SYNTHETIC_RFET_EVIDENCE,Synthetic transaction or committed-quote event; not an observed public closing price
INR_OIS_5.0Y,2026-04-22,SYNTHETIC_ARM_LENGTH_TRANSACTION,RPO-INR_OIS_5.0Y-096,True,SYNTHETIC_RFET_EVIDENCE,Synthetic transaction or committed-quote event; not an observed public closing price
INR_OIS_5.0Y,2026-04-24,SYNTHETIC_ARM_LENGTH_TRANSACTION,RPO-INR_OIS_5.0Y-097,True,SYNTHETIC_RFET_EVIDENCE,Synthetic transaction or committed-quote event; not an observed public closing price
INR_OIS_5.0Y,2026-04-28,SYNTHETIC_ARM_LENGTH_TRANSACTION,RPO-INR_OIS_5.0Y-098,True,SYNTHETIC_RFET_EVIDENCE,Synthetic transaction or committed-quote event; not an observed public closing price
INR_OIS_5.0Y,2026-04-30,SYNTHETIC_ARM_LENGTH_TRANSACTION,RPO-INR_OIS_5.0Y-099,True,SYNTHETIC_RFET_EVIDENCE,Synthetic transaction or committed-quote event; not an observed public closing price
INR_OIS_5.0Y,2026-05-05,SYNTHETIC_ARM_LENGTH_TRANSACTION,RPO-INR_OIS_5.0Y-100,True,SYNTHETIC_RFET_EVIDENCE,Synthetic transaction or committed-quote event; not an observed public closing price
INR_OIS_5.0Y,2026-05-07,SYNTHETIC_ARM_LENGTH_TRANSACTION,RPO-INR_OIS_5.0Y-101,True,SYNTHETIC_RFET_EVIDENCE,Synthetic transaction or committed-quote event; not an observed public closing price
INR_OIS_5.0Y,2026-05-11,SYNTHETIC_ARM_LENGTH_TRANSACTION,RPO-INR_OIS_5.0Y-102,True,SYNTHETIC_RFET_EVIDENCE,Synthetic transaction or committed-quote event; not an observed public closing price
INR_OIS_5.0Y,2026-05-13,SYNTHETIC_ARM_LENGTH_TRANSACTION,RPO-INR_OIS_5.0Y-103,True,SYNTHETIC_RFET_EVIDENCE,Synthetic transaction or committed-quote event; not an observed public closing price
INR_OIS_5.0Y,2026-05-15,SYNTHETIC_ARM_LENGTH_TRANSACTION,RPO-INR_OIS_5.0Y-104,True,SYNTHETIC_RFET_EVIDENCE,Synthetic transaction or committed-quote event; not an observed public closing price
INR_OIS_5.0Y,2026-05-20,SYNTHETIC_ARM_LENGTH_TRANSACTION,RPO-INR_OIS_5.0Y-105,True,SYNTHETIC_RFET_EVIDENCE,Synthetic transaction or committed-quote event; not an observed public closing price
INR_OIS_5.0Y,2026-05-22,SYNTHETIC_ARM_LENGTH_TRANSACTION,RPO-INR_OIS_5.0Y-106,True,SYNTHETIC_RFET_EVIDENCE,Synthetic transaction or committed-quote event; not an observed public closing price
INR_OIS_5.0Y,2026-05-26,SYNTHETIC_ARM_LENGTH_TRANSACTION,RPO-INR_OIS_5.0Y-107,True,SYNTHETIC_RFET_EVIDENCE,Synthetic transaction or committed-quote event; not an observed public closing price
INR_OIS_5.0Y,2026-05-28,SYNTHETIC_ARM_LENGTH_TRANSACTION,RPO-INR_OIS_5.0Y-108,True,SYNTHETIC_RFET_EVIDENCE,Synthetic transaction or committed-quote event; not an observed public closing price
INR_OIS_5.0Y,2026-06-02,SYNTHETIC_ARM_LENGTH_TRANSACTION,RPO-INR_OIS_5.0Y-109,True,SYNTHETIC_RFET_EVIDENCE,Synthetic transaction or committed-quote event; not an observed public closing price
INR_OIS_5.0Y,2026-06-04,SYNTHETIC_ARM_LENGTH_TRANSACTION,RPO-INR_OIS_5.0Y-110,True,SYNTHETIC_RFET_EVIDENCE,Synthetic transaction or committed-quote event; not an observed public closing price
INR_OIS_5.0Y,2026-06-08,SYNTHETIC_ARM_LENGTH_TRANSACTION,RPO-INR_OIS_5.0Y-111,True,SYNTHETIC_RFET_EVIDENCE,Synthetic transaction or committed-quote event; not an observed public closing price
INR_OIS_5.0Y,2026-06-10,SYNTHETIC_ARM_LENGTH_TRANSACTION,RPO-INR_OIS_5.0Y-112,True,SYNTHETIC_RFET_EVIDENCE,Synthetic transaction or committed-quote event; not an observed public closing price
INR_OIS_5.0Y,2026-06-12,SYNTHETIC_ARM_LENGTH_TRANSACTION,RPO-INR_OIS_5.0Y-113,True,SYNTHETIC_RFET_EVIDENCE,Synthetic transaction or committed-quote event; not an observed public closing price
INR_OIS_5.0Y,2026-06-17,SYNTHETIC_ARM_LENGTH_TRANSACTION,RPO-INR_OIS_5.0Y-114,True,SYNTHETIC_RFET_EVIDENCE,Synthetic transaction or committed-quote event; not an observed public closing price
INR_OIS_5.0Y,2026-06-19,SYNTHETIC_ARM_LENGTH_TRANSACTION,RPO-INR_OIS_5.0Y-115,True,SYNTHETIC_RFET_EVIDENCE,Synthetic transaction or committed-quote event; not an observed public closing price
INR_OIS_5.0Y,2026-06-23,SYNTHETIC_ARM_LENGTH_TRANSACTION,RPO-INR_OIS_5.0Y-116,True,SYNTHETIC_RFET_EVIDENCE,Synthetic transaction or committed-quote event; not an observed public closing price
INR_OIS_5.0Y,2026-06-25,SYNTHETIC_ARM_LENGTH_TRANSACTION,RPO-INR_OIS_5.0Y-117,True,SYNTHETIC_RFET_EVIDENCE,Synthetic transaction or committed-quote event; not an observed public closing price
INR_OIS_5.0Y,2026-06-30,SYNTHETIC_ARM_LENGTH_TRANSACTION,RPO-INR_OIS_5.0Y-118,True,SYNTHETIC_RFET_EVIDENCE,Synthetic transaction or committed-quote event; not an observed public closing price
INR_OIS_VOL_1.0Y_UNDERLYING_5.0Y,2025-07-01,SYNTHETIC_COMMITTED_QUOTE,RPO-INR_OIS_VOL_1.0Y_UNDERLYING_5.0Y-001,True,SYNTHETIC_RFET_EVIDENCE,Synthetic transaction or committed-quote event; not an observed public closing price
INR_OIS_VOL_1.0Y_UNDERLYING_5.0Y,2025-07-11,SYNTHETIC_COMMITTED_QUOTE,RPO-INR_OIS_VOL_1.0Y_UNDERLYING_5.0Y-002,True,SYNTHETIC_RFET_EVIDENCE,Synthetic transaction or committed-quote event; not an observed public closing price
INR_OIS_VOL_1.0Y_UNDERLYING_5.0Y,2025-07-23,SYNTHETIC_COMMITTED_QUOTE,RPO-INR_OIS_VOL_1.0Y_UNDERLYING_5.0Y-003,True,SYNTHETIC_RFET_EVIDENCE,Synthetic transaction or committed-quote event; not an observed public closing price
INR_OIS_VOL_1.0Y_UNDERLYING_5.0Y,2025-08-05,SYNTHETIC_COMMITTED_QUOTE,RPO-INR_OIS_VOL_1.0Y_UNDERLYING_5.0Y-004,True,SYNTHETIC_RFET_EVIDENCE,Synthetic transaction or committed-quote event; not an observed public closing price
INR_OIS_VOL_1.0Y_UNDERLYING_5.0Y,2025-08-15,SYNTHETIC_COMMITTED_QUOTE,RPO-INR_OIS_VOL_1.0Y_UNDERLYING_5.0Y-005,True,SYNTHETIC_RFET_EVIDENCE,Synthetic transaction or committed-quote event; not an observed public closing price
INR_OIS_VOL_1.0Y_UNDERLYING_5.0Y,2025-08-27,SYNTHETIC_COMMITTED_QUOTE,RPO-INR_OIS_VOL_1.0Y_UNDERLYING_5.0Y-006,True,SYNTHETIC_RFET_EVIDENCE,Synthetic transaction or committed-quote event; not an observed public closing price
INR_OIS_VOL_1.0Y_UNDERLYING_5.0Y,2025-09-09,SYNTHETIC_COMMITTED_QUOTE,RPO-INR_OIS_VOL_1.0Y_UNDERLYING_5.0Y-007,True,SYNTHETIC_RFET_EVIDENCE,Synthetic transaction or committed-quote event; not an observed public closing price
INR_OIS_VOL_1.0Y_UNDERLYING_5.0Y,2025-09-19,SYNTHETIC_COMMITTED_QUOTE,RPO-INR_OIS_VOL_1.0Y_UNDERLYING_5.0Y-008,True,SYNTHETIC_RFET_EVIDENCE,Synthetic transaction or committed-quote event; not an observed public closing price
INR_OIS_VOL_1.0Y_UNDERLYING_5.0Y,2025-10-02,SYNTHETIC_COMMITTED_QUOTE,RPO-INR_OIS_VOL_1.0Y_UNDERLYING_5.0Y-009,True,SYNTHETIC_RFET_EVIDENCE,Synthetic transaction or committed-quote event; not an observed public closing price
INR_OIS_VOL_1.0Y_UNDERLYING_5.0Y,2025-10-14,SYNTHETIC_COMMITTED_QUOTE,RPO-INR_OIS_VOL_1.0Y_UNDERLYING_5.0Y-010,True,SYNTHETIC_RFET_EVIDENCE,Synthetic transaction or committed-quote event; not an observed public closing price
INR_OIS_VOL_1.0Y_UNDERLYING_5.0Y,2025-10-24,SYNTHETIC_COMMITTED_QUOTE,RPO-INR_OIS_VOL_1.0Y_UNDERLYING_5.0Y-011,True,SYNTHETIC_RFET_EVIDENCE,Synthetic transaction or committed-quote event; not an observed public closing price
INR_OIS_VOL_1.0Y_UNDERLYING_5.0Y,2025-11-06,SYNTHETIC_COMMITTED_QUOTE,RPO-INR_OIS_VOL_1.0Y_UNDERLYING_5.0Y-012,True,SYNTHETIC_RFET_EVIDENCE,Synthetic transaction or committed-quote event; not an observed public closing price
INR_OIS_VOL_1.0Y_UNDERLYING_5.0Y,2025-11-18,SYNTHETIC_COMMITTED_QUOTE,RPO-INR_OIS_VOL_1.0Y_UNDERLYING_5.0Y-013,True,SYNTHETIC_RFET_EVIDENCE,Synthetic transaction or committed-quote event; not an observed public closing price
INR_OIS_VOL_1.0Y_UNDERLYING_5.0Y,2025-12-01,SYNTHETIC_COMMITTED_QUOTE,RPO-INR_OIS_VOL_1.0Y_UNDERLYING_5.0Y-014,True,SYNTHETIC_RFET_EVIDENCE,Synthetic transaction or committed-quote event; not an observed public closing price
INR_OIS_VOL_1.0Y_UNDERLYING_5.0Y,2025-12-11,SYNTHETIC_COMMITTED_QUOTE,RPO-INR_OIS_VOL_1.0Y_UNDERLYING_5.0Y-015,True,SYNTHETIC_RFET_EVIDENCE,Synthetic transaction or committed-quote event; not an observed public closing price
INR_OIS_VOL_1.0Y_UNDERLYING_5.0Y,2025-12-23,SYNTHETIC_COMMITTED_QUOTE,RPO-INR_OIS_VOL_1.0Y_UNDERLYING_5.0Y-016,True,SYNTHETIC_RFET_EVIDENCE,Synthetic transaction or committed-quote event; not an observed public closing price
INR_OIS_VOL_1.0Y_UNDERLYING_5.0Y,2026-01-05,SYNTHETIC_COMMITTED_QUOTE,RPO-INR_OIS_VOL_1.0Y_UNDERLYING_5.0Y-017,True,SYNTHETIC_RFET_EVIDENCE,Synthetic transaction or committed-quote event; not an observed public closing price
INR_OIS_VOL_1.0Y_UNDERLYING_5.0Y,2026-01-15,SYNTHETIC_COMMITTED_QUOTE,RPO-INR_OIS_VOL_1.0Y_UNDERLYING_5.0Y-018,True,SYNTHETIC_RFET_EVIDENCE,Synthetic transaction or committed-quote event; not an observed public closing price
INR_OIS_VOL_1.0Y_UNDERLYING_5.0Y,2026-01-27,SYNTHETIC_COMMITTED_QUOTE,RPO-INR_OIS_VOL_1.0Y_UNDERLYING_5.0Y-019,True,SYNTHETIC_RFET_EVIDENCE,Synthetic transaction or committed-quote event; not an observed public closing price
INR_OIS_VOL_1.0Y_UNDERLYING_5.0Y,2026-02-09,SYNTHETIC_COMMITTED_QUOTE,RPO-INR_OIS_VOL_1.0Y_UNDERLYING_5.0Y-020,True,SYNTHETIC_RFET_EVIDENCE,Synthetic transaction or committed-quote event; not an observed public closing price
INR_OIS_VOL_1.0Y_UNDERLYING_5.0Y,2026-02-19,SYNTHETIC_COMMITTED_QUOTE,RPO-INR_OIS_VOL_1.0Y_UNDERLYING_5.0Y-021,True,SYNTHETIC_RFET_EVIDENCE,Synthetic transaction or committed-quote event; not an observed public closing price
INR_OIS_VOL_1.0Y_UNDERLYING_5.0Y,2026-03-04,SYNTHETIC_COMMITTED_QUOTE,RPO-INR_OIS_VOL_1.0Y_UNDERLYING_5.0Y-022,True,SYNTHETIC_RFET_EVIDENCE,Synthetic transaction or committed-quote event; not an observed public closing price
INR_OIS_VOL_1.0Y_UNDERLYING_5.0Y,2026-03-16,SYNTHETIC_COMMITTED_QUOTE,RPO-INR_OIS_VOL_1.0Y_UNDERLYING_5.0Y-023,True,SYNTHETIC_RFET_EVIDENCE,Synthetic transaction or committed-quote event; not an observed public closing price
INR_OIS_VOL_1.0Y_UNDERLYING_5.0Y,2026-03-26,SYNTHETIC_COMMITTED_QUOTE,RPO-INR_OIS_VOL_1.0Y_UNDERLYING_5.0Y-024,True,SYNTHETIC_RFET_EVIDENCE,Synthetic transaction or committed-quote event; not an observed public closing price
INR_OIS_VOL_1.0Y_UNDERLYING_5.0Y,2026-04-08,SYNTHETIC_COMMITTED_QUOTE,RPO-INR_OIS_VOL_1.0Y_UNDERLYING_5.0Y-025,True,SYNTHETIC_RFET_EVIDENCE,Synthetic transaction or committed-quote event; not an observed public closing price
INR_OIS_VOL_1.0Y_UNDERLYING_5.0Y,2026-04-20,SYNTHETIC_COMMITTED_QUOTE,RPO-INR_OIS_VOL_1.0Y_UNDERLYING_5.0Y-026,True,SYNTHETIC_RFET_EVIDENCE,Synthetic transaction or committed-quote event; not an observed public closing price
INR_OIS_VOL_1.0Y_UNDERLYING_5.0Y,2026-05-01,SYNTHETIC_COMMITTED_QUOTE,RPO-INR_OIS_VOL_1.0Y_UNDERLYING_5.0Y-027,True,SYNTHETIC_RFET_EVIDENCE,Synthetic transaction or committed-quote event; not an observed public closing price
INR_OIS_VOL_1.0Y_UNDERLYING_5.0Y,2026-05-13,SYNTHETIC_COMMITTED_QUOTE,RPO-INR_OIS_VOL_1.0Y_UNDERLYING_5.0Y-028,True,SYNTHETIC_RFET_EVIDENCE,Synthetic transaction or committed-quote event; not an observed public closing price
INR_OIS_VOL_1.0Y_UNDERLYING_5.0Y,2026-05-25,SYNTHETIC_COMMITTED_QUOTE,RPO-INR_OIS_VOL_1.0Y_UNDERLYING_5.0Y-029,True,SYNTHETIC_RFET_EVIDENCE,Synthetic transaction or committed-quote event; not an observed public closing price
INR_OIS_VOL_1.0Y_UNDERLYING_5.0Y,2026-06-05,SYNTHETIC_COMMITTED_QUOTE,RPO-INR_OIS_VOL_1.0Y_UNDERLYING_5.0Y-030,True,SYNTHETIC_RFET_EVIDENCE,Synthetic transaction or committed-quote event; not an observed public closing price
INR_OIS_VOL_1.0Y_UNDERLYING_5.0Y,2026-06-17,SYNTHETIC_COMMITTED_QUOTE,RPO-INR_OIS_VOL_1.0Y_UNDERLYING_5.0Y-031,True,SYNTHETIC_RFET_EVIDENCE,Synthetic transaction or committed-quote event; not an observed public closing price
INR_OIS_VOL_1.0Y_UNDERLYING_5.0Y,2026-06-30,SYNTHETIC_COMMITTED_QUOTE,RPO-INR_OIS_VOL_1.0Y_UNDERLYING_5.0Y-032,True,SYNTHETIC_RFET_EVIDENCE,Synthetic transaction or committed-quote event; not an observed public closing price
INR_OIS_VOL_3.0Y_UNDERLYING_5.0Y,2025-07-01,SYNTHETIC_COMMITTED_QUOTE,RPO-INR_OIS_VOL_3.0Y_UNDERLYING_5.0Y-001,True,SYNTHETIC_RFET_EVIDENCE,Synthetic transaction or committed-quote event; not an observed public closing price
INR_OIS_VOL_3.0Y_UNDERLYING_5.0Y,2025-07-11,SYNTHETIC_COMMITTED_QUOTE,RPO-INR_OIS_VOL_3.0Y_UNDERLYING_5.0Y-002,True,SYNTHETIC_RFET_EVIDENCE,Synthetic transaction or committed-quote event; not an observed public closing price
INR_OIS_VOL_3.0Y_UNDERLYING_5.0Y,2025-07-23,SYNTHETIC_COMMITTED_QUOTE,RPO-INR_OIS_VOL_3.0Y_UNDERLYING_5.0Y-003,True,SYNTHETIC_RFET_EVIDENCE,Synthetic transaction or committed-quote event; not an observed public closing price
INR_OIS_VOL_3.0Y_UNDERLYING_5.0Y,2025-08-05,SYNTHETIC_COMMITTED_QUOTE,RPO-INR_OIS_VOL_3.0Y_UNDERLYING_5.0Y-004,True,SYNTHETIC_RFET_EVIDENCE,Synthetic transaction or committed-quote event; not an observed public closing price
INR_OIS_VOL_3.0Y_UNDERLYING_5.0Y,2025-08-15,SYNTHETIC_COMMITTED_QUOTE,RPO-INR_OIS_VOL_3.0Y_UNDERLYING_5.0Y-005,True,SYNTHETIC_RFET_EVIDENCE,Synthetic transaction or committed-quote event; not an observed public closing price
INR_OIS_VOL_3.0Y_UNDERLYING_5.0Y,2025-08-27,SYNTHETIC_COMMITTED_QUOTE,RPO-INR_OIS_VOL_3.0Y_UNDERLYING_5.0Y-006,True,SYNTHETIC_RFET_EVIDENCE,Synthetic transaction or committed-quote event; not an observed public closing price
INR_OIS_VOL_3.0Y_UNDERLYING_5.0Y,2025-09-09,SYNTHETIC_COMMITTED_QUOTE,RPO-INR_OIS_VOL_3.0Y_UNDERLYING_5.0Y-007,True,SYNTHETIC_RFET_EVIDENCE,Synthetic transaction or committed-quote event; not an observed public closing price
INR_OIS_VOL_3.0Y_UNDERLYING_5.0Y,2025-09-19,SYNTHETIC_COMMITTED_QUOTE,RPO-INR_OIS_VOL_3.0Y_UNDERLYING_5.0Y-008,True,SYNTHETIC_RFET_EVIDENCE,Synthetic transaction or committed-quote event; not an observed public closing price
INR_OIS_VOL_3.0Y_UNDERLYING_5.0Y,2025-10-02,SYNTHETIC_COMMITTED_QUOTE,RPO-INR_OIS_VOL_3.0Y_UNDERLYING_5.0Y-009,True,SYNTHETIC_RFET_EVIDENCE,Synthetic transaction or committed-quote event; not an observed public closing price
INR_OIS_VOL_3.0Y_UNDERLYING_5.0Y,2025-10-14,SYNTHETIC_COMMITTED_QUOTE,RPO-INR_OIS_VOL_3.0Y_UNDERLYING_5.0Y-010,True,SYNTHETIC_RFET_EVIDENCE,Synthetic transaction or committed-quote event; not an observed public closing price
INR_OIS_VOL_3.0Y_UNDERLYING_5.0Y,2025-10-24,SYNTHETIC_COMMITTED_QUOTE,RPO-INR_OIS_VOL_3.0Y_UNDERLYING_5.0Y-011,True,SYNTHETIC_RFET_EVIDENCE,Synthetic transaction or committed-quote event; not an observed public closing price
INR_OIS_VOL_3.0Y_UNDERLYING_5.0Y,2025-11-06,SYNTHETIC_COMMITTED_QUOTE,RPO-INR_OIS_VOL_3.0Y_UNDERLYING_5.0Y-012,True,SYNTHETIC_RFET_EVIDENCE,Synthetic transaction or committed-quote event; not an observed public closing price
INR_OIS_VOL_3.0Y_UNDERLYING_5.0Y,2025-11-18,SYNTHETIC_COMMITTED_QUOTE,RPO-INR_OIS_VOL_3.0Y_UNDERLYING_5.0Y-013,True,SYNTHETIC_RFET_EVIDENCE,Synthetic transaction or committed-quote event; not an observed public closing price
INR_OIS_VOL_3.0Y_UNDERLYING_5.0Y,2025-12-01,SYNTHETIC_COMMITTED_QUOTE,RPO-INR_OIS_VOL_3.0Y_UNDERLYING_5.0Y-014,True,SYNTHETIC_RFET_EVIDENCE,Synthetic transaction or committed-quote event; not an observed public closing price
INR_OIS_VOL_3.0Y_UNDERLYING_5.0Y,2025-12-11,SYNTHETIC_COMMITTED_QUOTE,RPO-INR_OIS_VOL_3.0Y_UNDERLYING_5.0Y-015,True,SYNTHETIC_RFET_EVIDENCE,Synthetic transaction or committed-quote event; not an observed public closing price
INR_OIS_VOL_3.0Y_UNDERLYING_5.0Y,2025-12-23,SYNTHETIC_COMMITTED_QUOTE,RPO-INR_OIS_VOL_3.0Y_UNDERLYING_5.0Y-016,True,SYNTHETIC_RFET_EVIDENCE,Synthetic transaction or committed-quote event; not an observed public closing price
INR_OIS_VOL_3.0Y_UNDERLYING_5.0Y,2026-01-05,SYNTHETIC_COMMITTED_QUOTE,RPO-INR_OIS_VOL_3.0Y_UNDERLYING_5.0Y-017,True,SYNTHETIC_RFET_EVIDENCE,Synthetic transaction or committed-quote event; not an observed public closing price
INR_OIS_VOL_3.0Y_UNDERLYING_5.0Y,2026-01-15,SYNTHETIC_COMMITTED_QUOTE,RPO-INR_OIS_VOL_3.0Y_UNDERLYING_5.0Y-018,True,SYNTHETIC_RFET_EVIDENCE,Synthetic transaction or committed-quote event; not an observed public closing price
INR_OIS_VOL_3.0Y_UNDERLYING_5.0Y,2026-01-27,SYNTHETIC_COMMITTED_QUOTE,RPO-INR_OIS_VOL_3.0Y_UNDERLYING_5.0Y-019,True,SYNTHETIC_RFET_EVIDENCE,Synthetic transaction or committed-quote event; not an observed public closing price
INR_OIS_VOL_3.0Y_UNDERLYING_5.0Y,2026-02-09,SYNTHETIC_COMMITTED_QUOTE,RPO-INR_OIS_VOL_3.0Y_UNDERLYING_5.0Y-020,True,SYNTHETIC_RFET_EVIDENCE,Synthetic transaction or committed-quote event; not an observed public closing price
INR_OIS_VOL_3.0Y_UNDERLYING_5.0Y,2026-02-19,SYNTHETIC_COMMITTED_QUOTE,RPO-INR_OIS_VOL_3.0Y_UNDERLYING_5.0Y-021,True,SYNTHETIC_RFET_EVIDENCE,Synthetic transaction or committed-quote event; not an observed public closing price
INR_OIS_VOL_3.0Y_UNDERLYING_5.0Y,2026-03-04,SYNTHETIC_COMMITTED_QUOTE,RPO-INR_OIS_VOL_3.0Y_UNDERLYING_5.0Y-022,True,SYNTHETIC_RFET_EVIDENCE,Synthetic transaction or committed-quote event; not an observed public closing price
INR_OIS_VOL_3.0Y_UNDERLYING_5.0Y,2026-03-16,SYNTHETIC_COMMITTED_QUOTE,RPO-INR_OIS_VOL_3.0Y_UNDERLYING_5.0Y-023,True,SYNTHETIC_RFET_EVIDENCE,Synthetic transaction or committed-quote event; not an observed public closing price
INR_OIS_VOL_3.0Y_UNDERLYING_5.0Y,2026-03-26,SYNTHETIC_COMMITTED_QUOTE,RPO-INR_OIS_VOL_3.0Y_UNDERLYING_5.0Y-024,True,SYNTHETIC_RFET_EVIDENCE,Synthetic transaction or committed-quote event; not an observed public closing price
INR_OIS_VOL_3.0Y_UNDERLYING_5.0Y,2026-04-08,SYNTHETIC_COMMITTED_QUOTE,RPO-INR_OIS_VOL_3.0Y_UNDERLYING_5.0Y-025,True,SYNTHETIC_RFET_EVIDENCE,Synthetic transaction or committed-quote event; not an observed public closing price
INR_OIS_VOL_3.0Y_UNDERLYING_5.0Y,2026-04-20,SYNTHETIC_COMMITTED_QUOTE,RPO-INR_OIS_VOL_3.0Y_UNDERLYING_5.0Y-026,True,SYNTHETIC_RFET_EVIDENCE,Synthetic transaction or committed-quote event; not an observed public closing price
INR_OIS_VOL_3.0Y_UNDERLYING_5.0Y,2026-05-01,SYNTHETIC_COMMITTED_QUOTE,RPO-INR_OIS_VOL_3.0Y_UNDERLYING_5.0Y-027,True,SYNTHETIC_RFET_EVIDENCE,Synthetic transaction or committed-quote event; not an observed public closing price
INR_OIS_VOL_3.0Y_UNDERLYING_5.0Y,2026-05-13,SYNTHETIC_COMMITTED_QUOTE,RPO-INR_OIS_VOL_3.0Y_UNDERLYING_5.0Y-028,True,SYNTHETIC_RFET_EVIDENCE,Synthetic transaction or committed-quote event; not an observed public closing price
INR_OIS_VOL_3.0Y_UNDERLYING_5.0Y,2026-05-25,SYNTHETIC_COMMITTED_QUOTE,RPO-INR_OIS_VOL_3.0Y_UNDERLYING_5.0Y-029,True,SYNTHETIC_RFET_EVIDENCE,Synthetic transaction or committed-quote event; not an observed public closing price
INR_OIS_VOL_3.0Y_UNDERLYING_5.0Y,2026-06-05,SYNTHETIC_COMMITTED_QUOTE,RPO-INR_OIS_VOL_3.0Y_UNDERLYING_5.0Y-030,True,SYNTHETIC_RFET_EVIDENCE,Synthetic transaction or committed-quote event; not an observed public closing price
INR_OIS_VOL_3.0Y_UNDERLYING_5.0Y,2026-06-17,SYNTHETIC_COMMITTED_QUOTE,RPO-INR_OIS_VOL_3.0Y_UNDERLYING_5.0Y-031,True,SYNTHETIC_RFET_EVIDENCE,Synthetic transaction or committed-quote event; not an observed public closing price
INR_OIS_VOL_3.0Y_UNDERLYING_5.0Y,2026-06-30,SYNTHETIC_COMMITTED_QUOTE,RPO-INR_OIS_VOL_3.0Y_UNDERLYING_5.0Y-032,True,SYNTHETIC_RFET_EVIDENCE,Synthetic transaction or committed-quote event; not an observed public closing price
INR_OVER_USD_BASIS,2025-07-01,SYNTHETIC_ARM_LENGTH_TRANSACTION,RPO-INR_OVER_USD_BASIS-001,True,SYNTHETIC_RFET_EVIDENCE,Synthetic transaction or committed-quote event; not an observed public closing price
INR_OVER_USD_BASIS,2025-07-03,SYNTHETIC_ARM_LENGTH_TRANSACTION,RPO-INR_OVER_USD_BASIS-002,True,SYNTHETIC_RFET_EVIDENCE,Synthetic transaction or committed-quote event; not an observed public closing price
INR_OVER_USD_BASIS,2025-07-07,SYNTHETIC_ARM_LENGTH_TRANSACTION,RPO-INR_OVER_USD_BASIS-003,True,SYNTHETIC_RFET_EVIDENCE,Synthetic transaction or committed-quote event; not an observed public closing price
INR_OVER_USD_BASIS,2025-07-09,SYNTHETIC_ARM_LENGTH_TRANSACTION,RPO-INR_OVER_USD_BASIS-004,True,SYNTHETIC_RFET_EVIDENCE,Synthetic transaction or committed-quote event; not an observed public closing price
INR_OVER_USD_BASIS,2025-07-11,SYNTHETIC_ARM_LENGTH_TRANSACTION,RPO-INR_OVER_USD_BASIS-005,True,SYNTHETIC_RFET_EVIDENCE,Synthetic transaction or committed-quote event; not an observed public closing price
INR_OVER_USD_BASIS,2025-07-16,SYNTHETIC_ARM_LENGTH_TRANSACTION,RPO-INR_OVER_USD_BASIS-006,True,SYNTHETIC_RFET_EVIDENCE,Synthetic transaction or committed-quote event; not an observed public closing price
INR_OVER_USD_BASIS,2025-07-18,SYNTHETIC_ARM_LENGTH_TRANSACTION,RPO-INR_OVER_USD_BASIS-007,True,SYNTHETIC_RFET_EVIDENCE,Synthetic transaction or committed-quote event; not an observed public closing price
INR_OVER_USD_BASIS,2025-07-22,SYNTHETIC_ARM_LENGTH_TRANSACTION,RPO-INR_OVER_USD_BASIS-008,True,SYNTHETIC_RFET_EVIDENCE,Synthetic transaction or committed-quote event; not an observed public closing price
INR_OVER_USD_BASIS,2025-07-24,SYNTHETIC_ARM_LENGTH_TRANSACTION,RPO-INR_OVER_USD_BASIS-009,True,SYNTHETIC_RFET_EVIDENCE,Synthetic transaction or committed-quote event; not an observed public closing price
INR_OVER_USD_BASIS,2025-07-29,SYNTHETIC_ARM_LENGTH_TRANSACTION,RPO-INR_OVER_USD_BASIS-010,True,SYNTHETIC_RFET_EVIDENCE,Synthetic transaction or committed-quote event; not an observed public closing price
INR_OVER_USD_BASIS,2025-07-31,SYNTHETIC_ARM_LENGTH_TRANSACTION,RPO-INR_OVER_USD_BASIS-011,True,SYNTHETIC_RFET_EVIDENCE,Synthetic transaction or committed-quote event; not an observed public closing price
INR_OVER_USD_BASIS,2025-08-04,SYNTHETIC_ARM_LENGTH_TRANSACTION,RPO-INR_OVER_USD_BASIS-012,True,SYNTHETIC_RFET_EVIDENCE,Synthetic transaction or committed-quote event; not an observed public closing price
INR_OVER_USD_BASIS,2025-08-06,SYNTHETIC_ARM_LENGTH_TRANSACTION,RPO-INR_OVER_USD_BASIS-013,True,SYNTHETIC_RFET_EVIDENCE,Synthetic transaction or committed-quote event; not an observed public closing price
INR_OVER_USD_BASIS,2025-08-08,SYNTHETIC_ARM_LENGTH_TRANSACTION,RPO-INR_OVER_USD_BASIS-014,True,SYNTHETIC_RFET_EVIDENCE,Synthetic transaction or committed-quote event; not an observed public closing price
INR_OVER_USD_BASIS,2025-08-13,SYNTHETIC_ARM_LENGTH_TRANSACTION,RPO-INR_OVER_USD_BASIS-015,True,SYNTHETIC_RFET_EVIDENCE,Synthetic transaction or committed-quote event; not an observed public closing price
INR_OVER_USD_BASIS,2025-08-15,SYNTHETIC_ARM_LENGTH_TRANSACTION,RPO-INR_OVER_USD_BASIS-016,True,SYNTHETIC_RFET_EVIDENCE,Synthetic transaction or committed-quote event; not an observed public closing price
INR_OVER_USD_BASIS,2025-08-19,SYNTHETIC_ARM_LENGTH_TRANSACTION,RPO-INR_OVER_USD_BASIS-017,True,SYNTHETIC_RFET_EVIDENCE,Synthetic transaction or committed-quote event; not an observed public closing price
INR_OVER_USD_BASIS,2025-08-21,SYNTHETIC_ARM_LENGTH_TRANSACTION,RPO-INR_OVER_USD_BASIS-018,True,SYNTHETIC_RFET_EVIDENCE,Synthetic transaction or committed-quote event; not an observed public closing price
INR_OVER_USD_BASIS,2025-08-26,SYNTHETIC_ARM_LENGTH_TRANSACTION,RPO-INR_OVER_USD_BASIS-019,True,SYNTHETIC_RFET_EVIDENCE,Synthetic transaction or committed-quote event; not an observed public closing price
INR_OVER_USD_BASIS,2025-08-28,SYNTHETIC_ARM_LENGTH_TRANSACTION,RPO-INR_OVER_USD_BASIS-020,True,SYNTHETIC_RFET_EVIDENCE,Synthetic transaction or committed-quote event; not an observed public closing price
INR_OVER_USD_BASIS,2025-09-01,SYNTHETIC_ARM_LENGTH_TRANSACTION,RPO-INR_OVER_USD_BASIS-021,True,SYNTHETIC_RFET_EVIDENCE,Synthetic transaction or committed-quote event; not an observed public closing price
INR_OVER_USD_BASIS,2025-09-03,SYNTHETIC_ARM_LENGTH_TRANSACTION,RPO-INR_OVER_USD_BASIS-022,True,SYNTHETIC_RFET_EVIDENCE,Synthetic transaction or committed-quote event; not an observed public closing price
INR_OVER_USD_BASIS,2025-09-05,SYNTHETIC_ARM_LENGTH_TRANSACTION,RPO-INR_OVER_USD_BASIS-023,True,SYNTHETIC_RFET_EVIDENCE,Synthetic transaction or committed-quote event; not an observed public closing price
INR_OVER_USD_BASIS,2025-09-10,SYNTHETIC_ARM_LENGTH_TRANSACTION,RPO-INR_OVER_USD_BASIS-024,True,SYNTHETIC_RFET_EVIDENCE,Synthetic transaction or committed-quote event; not an observed public closing price
INR_OVER_USD_BASIS,2025-09-12,SYNTHETIC_ARM_LENGTH_TRANSACTION,RPO-INR_OVER_USD_BASIS-025,True,SYNTHETIC_RFET_EVIDENCE,Synthetic transaction or committed-quote event; not an observed public closing price
INR_OVER_USD_BASIS,2025-09-16,SYNTHETIC_ARM_LENGTH_TRANSACTION,RPO-INR_OVER_USD_BASIS-026,True,SYNTHETIC_RFET_EVIDENCE,Synthetic transaction or committed-quote event; not an observed public closing price
INR_OVER_USD_BASIS,2025-09-18,SYNTHETIC_ARM_LENGTH_TRANSACTION,RPO-INR_OVER_USD_BASIS-027,True,SYNTHETIC_RFET_EVIDENCE,Synthetic transaction or committed-quote event; not an observed public closing price
INR_OVER_USD_BASIS,2025-09-23,SYNTHETIC_ARM_LENGTH_TRANSACTION,RPO-INR_OVER_USD_BASIS-028,True,SYNTHETIC_RFET_EVIDENCE,Synthetic transaction or committed-quote event; not an observed public closing price
INR_OVER_USD_BASIS,2025-09-25,SYNTHETIC_ARM_LENGTH_TRANSACTION,RPO-INR_OVER_USD_BASIS-029,True,SYNTHETIC_RFET_EVIDENCE,Synthetic transaction or committed-quote event; not an observed public closing price
INR_OVER_USD_BASIS,2025-09-29,SYNTHETIC_ARM_LENGTH_TRANSACTION,RPO-INR_OVER_USD_BASIS-030,True,SYNTHETIC_RFET_EVIDENCE,Synthetic transaction or committed-quote event; not an observed public closing price
INR_OVER_USD_BASIS,2025-10-01,SYNTHETIC_ARM_LENGTH_TRANSACTION,RPO-INR_OVER_USD_BASIS-031,True,SYNTHETIC_RFET_EVIDENCE,Synthetic transaction or committed-quote event; not an observed public closing price
INR_OVER_USD_BASIS,2025-10-03,SYNTHETIC_ARM_LENGTH_TRANSACTION,RPO-INR_OVER_USD_BASIS-032,True,SYNTHETIC_RFET_EVIDENCE,Synthetic transaction or committed-quote event; not an observed public closing price
INR_OVER_USD_BASIS,2025-10-08,SYNTHETIC_ARM_LENGTH_TRANSACTION,RPO-INR_OVER_USD_BASIS-033,True,SYNTHETIC_RFET_EVIDENCE,Synthetic transaction or committed-quote event; not an observed public closing price
INR_OVER_USD_BASIS,2025-10-10,SYNTHETIC_ARM_LENGTH_TRANSACTION,RPO-INR_OVER_USD_BASIS-034,True,SYNTHETIC_RFET_EVIDENCE,Synthetic transaction or committed-quote event; not an observed public closing price
INR_OVER_USD_BASIS,2025-10-14,SYNTHETIC_ARM_LENGTH_TRANSACTION,RPO-INR_OVER_USD_BASIS-035,True,SYNTHETIC_RFET_EVIDENCE,Synthetic transaction or committed-quote event; not an observed public closing price
INR_OVER_USD_BASIS,2025-10-16,SYNTHETIC_ARM_LENGTH_TRANSACTION,RPO-INR_OVER_USD_BASIS-036,True,SYNTHETIC_RFET_EVIDENCE,Synthetic transaction or committed-quote event; not an observed public closing price
INR_OVER_USD_BASIS,2025-10-21,SYNTHETIC_ARM_LENGTH_TRANSACTION,RPO-INR_OVER_USD_BASIS-037,True,SYNTHETIC_RFET_EVIDENCE,Synthetic transaction or committed-quote event; not an observed public closing price
INR_OVER_USD_BASIS,2025-10-23,SYNTHETIC_ARM_LENGTH_TRANSACTION,RPO-INR_OVER_USD_BASIS-038,True,SYNTHETIC_RFET_EVIDENCE,Synthetic transaction or committed-quote event; not an observed public closing price
INR_OVER_USD_BASIS,2025-10-27,SYNTHETIC_ARM_LENGTH_TRANSACTION,RPO-INR_OVER_USD_BASIS-039,True,SYNTHETIC_RFET_EVIDENCE,Synthetic transaction or committed-quote event; not an observed public closing price
INR_OVER_USD_BASIS,2025-10-29,SYNTHETIC_ARM_LENGTH_TRANSACTION,RPO-INR_OVER_USD_BASIS-040,True,SYNTHETIC_RFET_EVIDENCE,Synthetic transaction or committed-quote event; not an observed public closing price
INR_OVER_USD_BASIS,2025-10-31,SYNTHETIC_ARM_LENGTH_TRANSACTION,RPO-INR_OVER_USD_BASIS-041,True,SYNTHETIC_RFET_EVIDENCE,Synthetic transaction or committed-quote event; not an observed public closing price
INR_OVER_USD_BASIS,2025-11-05,SYNTHETIC_ARM_LENGTH_TRANSACTION,RPO-INR_OVER_USD_BASIS-042,True,SYNTHETIC_RFET_EVIDENCE,Synthetic transaction or committed-quote event; not an observed public closing price
INR_OVER_USD_BASIS,2025-11-07,SYNTHETIC_ARM_LENGTH_TRANSACTION,RPO-INR_OVER_USD_BASIS-043,True,SYNTHETIC_RFET_EVIDENCE,Synthetic transaction or committed-quote event; not an observed public closing price
INR_OVER_USD_BASIS,2025-11-11,SYNTHETIC_ARM_LENGTH_TRANSACTION,RPO-INR_OVER_USD_BASIS-044,True,SYNTHETIC_RFET_EVIDENCE,Synthetic transaction or committed-quote event; not an observed public closing price
INR_OVER_USD_BASIS,2025-11-13,SYNTHETIC_ARM_LENGTH_TRANSACTION,RPO-INR_OVER_USD_BASIS-045,True,SYNTHETIC_RFET_EVIDENCE,Synthetic transaction or committed-quote event; not an observed public closing price
INR_OVER_USD_BASIS,2025-11-18,SYNTHETIC_ARM_LENGTH_TRANSACTION,RPO-INR_OVER_USD_BASIS-046,True,SYNTHETIC_RFET_EVIDENCE,Synthetic transaction or committed-quote event; not an observed public closing price
INR_OVER_USD_BASIS,2025-11-20,SYNTHETIC_ARM_LENGTH_TRANSACTION,RPO-INR_OVER_USD_BASIS-047,True,SYNTHETIC_RFET_EVIDENCE,Synthetic transaction or committed-quote event; not an observed public closing price
INR_OVER_USD_BASIS,2025-11-24,SYNTHETIC_ARM_LENGTH_TRANSACTION,RPO-INR_OVER_USD_BASIS-048,True,SYNTHETIC_RFET_EVIDENCE,Synthetic transaction or committed-quote event; not an observed public closing price
INR_OVER_USD_BASIS,2025-11-26,SYNTHETIC_ARM_LENGTH_TRANSACTION,RPO-INR_OVER_USD_BASIS-049,True,SYNTHETIC_RFET_EVIDENCE,Synthetic transaction or committed-quote event; not an observed public closing price
INR_OVER_USD_BASIS,2025-11-28,SYNTHETIC_ARM_LENGTH_TRANSACTION,RPO-INR_OVER_USD_BASIS-050,True,SYNTHETIC_RFET_EVIDENCE,Synthetic transaction or committed-quote event; not an observed public closing price
INR_OVER_USD_BASIS,2025-12-03,SYNTHETIC_ARM_LENGTH_TRANSACTION,RPO-INR_OVER_USD_BASIS-051,True,SYNTHETIC_RFET_EVIDENCE,Synthetic transaction or committed-quote event; not an observed public closing price
INR_OVER_USD_BASIS,2025-12-05,SYNTHETIC_ARM_LENGTH_TRANSACTION,RPO-INR_OVER_USD_BASIS-052,True,SYNTHETIC_RFET_EVIDENCE,Synthetic transaction or committed-quote event; not an observed public closing price
INR_OVER_USD_BASIS,2025-12-09,SYNTHETIC_ARM_LENGTH_TRANSACTION,RPO-INR_OVER_USD_BASIS-053,True,SYNTHETIC_RFET_EVIDENCE,Synthetic transaction or committed-quote event; not an observed public closing price
INR_OVER_USD_BASIS,2025-12-11,SYNTHETIC_ARM_LENGTH_TRANSACTION,RPO-INR_OVER_USD_BASIS-054,True,SYNTHETIC_RFET_EVIDENCE,Synthetic transaction or committed-quote event; not an observed public closing price
INR_OVER_USD_BASIS,2025-12-16,SYNTHETIC_ARM_LENGTH_TRANSACTION,RPO-INR_OVER_USD_BASIS-055,True,SYNTHETIC_RFET_EVIDENCE,Synthetic transaction or committed-quote event; not an observed public closing price
INR_OVER_USD_BASIS,2025-12-18,SYNTHETIC_ARM_LENGTH_TRANSACTION,RPO-INR_OVER_USD_BASIS-056,True,SYNTHETIC_RFET_EVIDENCE,Synthetic transaction or committed-quote event; not an observed public closing price
INR_OVER_USD_BASIS,2025-12-22,SYNTHETIC_ARM_LENGTH_TRANSACTION,RPO-INR_OVER_USD_BASIS-057,True,SYNTHETIC_RFET_EVIDENCE,Synthetic transaction or committed-quote event; not an observed public closing price
INR_OVER_USD_BASIS,2025-12-24,SYNTHETIC_ARM_LENGTH_TRANSACTION,RPO-INR_OVER_USD_BASIS-058,True,SYNTHETIC_RFET_EVIDENCE,Synthetic transaction or committed-quote event; not an observed public closing price
INR_OVER_USD_BASIS,2025-12-26,SYNTHETIC_ARM_LENGTH_TRANSACTION,RPO-INR_OVER_USD_BASIS-059,True,SYNTHETIC_RFET_EVIDENCE,Synthetic transaction or committed-quote event; not an observed public closing price
INR_OVER_USD_BASIS,2025-12-31,SYNTHETIC_ARM_LENGTH_TRANSACTION,RPO-INR_OVER_USD_BASIS-060,True,SYNTHETIC_RFET_EVIDENCE,Synthetic transaction or committed-quote event; not an observed public closing price
INR_OVER_USD_BASIS,2026-01-02,SYNTHETIC_ARM_LENGTH_TRANSACTION,RPO-INR_OVER_USD_BASIS-061,True,SYNTHETIC_RFET_EVIDENCE,Synthetic transaction or committed-quote event; not an observed public closing price
INR_OVER_USD_BASIS,2026-01-06,SYNTHETIC_ARM_LENGTH_TRANSACTION,RPO-INR_OVER_USD_BASIS-062,True,SYNTHETIC_RFET_EVIDENCE,Synthetic transaction or committed-quote event; not an observed public closing price
INR_OVER_USD_BASIS,2026-01-08,SYNTHETIC_ARM_LENGTH_TRANSACTION,RPO-INR_OVER_USD_BASIS-063,True,SYNTHETIC_RFET_EVIDENCE,Synthetic transaction or committed-quote event; not an observed public closing price
INR_OVER_USD_BASIS,2026-01-13,SYNTHETIC_ARM_LENGTH_TRANSACTION,RPO-INR_OVER_USD_BASIS-064,True,SYNTHETIC_RFET_EVIDENCE,Synthetic transaction or committed-quote event; not an observed public closing price
INR_OVER_USD_BASIS,2026-01-15,SYNTHETIC_ARM_LENGTH_TRANSACTION,RPO-INR_OVER_USD_BASIS-065,True,SYNTHETIC_RFET_EVIDENCE,Synthetic transaction or committed-quote event; not an observed public closing price
INR_OVER_USD_BASIS,2026-01-19,SYNTHETIC_ARM_LENGTH_TRANSACTION,RPO-INR_OVER_USD_BASIS-066,True,SYNTHETIC_RFET_EVIDENCE,Synthetic transaction or committed-quote event; not an observed public closing price
INR_OVER_USD_BASIS,2026-01-21,SYNTHETIC_ARM_LENGTH_TRANSACTION,RPO-INR_OVER_USD_BASIS-067,True,SYNTHETIC_RFET_EVIDENCE,Synthetic transaction or committed-quote event; not an observed public closing price
INR_OVER_USD_BASIS,2026-01-23,SYNTHETIC_ARM_LENGTH_TRANSACTION,RPO-INR_OVER_USD_BASIS-068,True,SYNTHETIC_RFET_EVIDENCE,Synthetic transaction or committed-quote event; not an observed public closing price
INR_OVER_USD_BASIS,2026-01-28,SYNTHETIC_ARM_LENGTH_TRANSACTION,RPO-INR_OVER_USD_BASIS-069,True,SYNTHETIC_RFET_EVIDENCE,Synthetic transaction or committed-quote event; not an observed public closing price
INR_OVER_USD_BASIS,2026-01-30,SYNTHETIC_ARM_LENGTH_TRANSACTION,RPO-INR_OVER_USD_BASIS-070,True,SYNTHETIC_RFET_EVIDENCE,Synthetic transaction or committed-quote event; not an observed public closing price
INR_OVER_USD_BASIS,2026-02-03,SYNTHETIC_ARM_LENGTH_TRANSACTION,RPO-INR_OVER_USD_BASIS-071,True,SYNTHETIC_RFET_EVIDENCE,Synthetic transaction or committed-quote event; not an observed public closing price
INR_OVER_USD_BASIS,2026-02-05,SYNTHETIC_ARM_LENGTH_TRANSACTION,RPO-INR_OVER_USD_BASIS-072,True,SYNTHETIC_RFET_EVIDENCE,Synthetic transaction or committed-quote event; not an observed public closing price
INR_OVER_USD_BASIS,2026-02-10,SYNTHETIC_ARM_LENGTH_TRANSACTION,RPO-INR_OVER_USD_BASIS-073,True,SYNTHETIC_RFET_EVIDENCE,Synthetic transaction or committed-quote event; not an observed public closing price
INR_OVER_USD_BASIS,2026-02-12,SYNTHETIC_ARM_LENGTH_TRANSACTION,RPO-INR_OVER_USD_BASIS-074,True,SYNTHETIC_RFET_EVIDENCE,Synthetic transaction or committed-quote event; not an observed public closing price
INR_OVER_USD_BASIS,2026-02-16,SYNTHETIC_ARM_LENGTH_TRANSACTION,RPO-INR_OVER_USD_BASIS-075,True,SYNTHETIC_RFET_EVIDENCE,Synthetic transaction or committed-quote event; not an observed public closing price
INR_OVER_USD_BASIS,2026-02-18,SYNTHETIC_ARM_LENGTH_TRANSACTION,RPO-INR_OVER_USD_BASIS-076,True,SYNTHETIC_RFET_EVIDENCE,Synthetic transaction or committed-quote event; not an observed public closing price
INR_OVER_USD_BASIS,2026-02-20,SYNTHETIC_ARM_LENGTH_TRANSACTION,RPO-INR_OVER_USD_BASIS-077,True,SYNTHETIC_RFET_EVIDENCE,Synthetic transaction or committed-quote event; not an observed public closing price
INR_OVER_USD_BASIS,2026-02-25,SYNTHETIC_ARM_LENGTH_TRANSACTION,RPO-INR_OVER_USD_BASIS-078,True,SYNTHETIC_RFET_EVIDENCE,Synthetic transaction or committed-quote event; not an observed public closing price
INR_OVER_USD_BASIS,2026-02-27,SYNTHETIC_ARM_LENGTH_TRANSACTION,RPO-INR_OVER_USD_BASIS-079,True,SYNTHETIC_RFET_EVIDENCE,Synthetic transaction or committed-quote event; not an observed public closing price
INR_OVER_USD_BASIS,2026-03-03,SYNTHETIC_ARM_LENGTH_TRANSACTION,RPO-INR_OVER_USD_BASIS-080,True,SYNTHETIC_RFET_EVIDENCE,Synthetic transaction or committed-quote event; not an observed public closing price
INR_OVER_USD_BASIS,2026-03-05,SYNTHETIC_ARM_LENGTH_TRANSACTION,RPO-INR_OVER_USD_BASIS-081,True,SYNTHETIC_RFET_EVIDENCE,Synthetic transaction or committed-quote event; not an observed public closing price
INR_OVER_USD_BASIS,2026-03-10,SYNTHETIC_ARM_LENGTH_TRANSACTION,RPO-INR_OVER_USD_BASIS-082,True,SYNTHETIC_RFET_EVIDENCE,Synthetic transaction or committed-quote event; not an observed public closing price
INR_OVER_USD_BASIS,2026-03-12,SYNTHETIC_ARM_LENGTH_TRANSACTION,RPO-INR_OVER_USD_BASIS-083,True,SYNTHETIC_RFET_EVIDENCE,Synthetic transaction or committed-quote event; not an observed public closing price
INR_OVER_USD_BASIS,2026-03-16,SYNTHETIC_ARM_LENGTH_TRANSACTION,RPO-INR_OVER_USD_BASIS-084,True,SYNTHETIC_RFET_EVIDENCE,Synthetic transaction or committed-quote event; not an observed public closing price
INR_OVER_USD_BASIS,2026-03-18,SYNTHETIC_ARM_LENGTH_TRANSACTION,RPO-INR_OVER_USD_BASIS-085,True,SYNTHETIC_RFET_EVIDENCE,Synthetic transaction or committed-quote event; not an observed public closing price
INR_OVER_USD_BASIS,2026-03-20,SYNTHETIC_ARM_LENGTH_TRANSACTION,RPO-INR_OVER_USD_BASIS-086,True,SYNTHETIC_RFET_EVIDENCE,Synthetic transaction or committed-quote event; not an observed public closing price
INR_OVER_USD_BASIS,2026-03-25,SYNTHETIC_ARM_LENGTH_TRANSACTION,RPO-INR_OVER_USD_BASIS-087,True,SYNTHETIC_RFET_EVIDENCE,Synthetic transaction or committed-quote event; not an observed public closing price
INR_OVER_USD_BASIS,2026-03-27,SYNTHETIC_ARM_LENGTH_TRANSACTION,RPO-INR_OVER_USD_BASIS-088,True,SYNTHETIC_RFET_EVIDENCE,Synthetic transaction or committed-quote event; not an observed public closing price
INR_OVER_USD_BASIS,2026-03-31,SYNTHETIC_ARM_LENGTH_TRANSACTION,RPO-INR_OVER_USD_BASIS-089,True,SYNTHETIC_RFET_EVIDENCE,Synthetic transaction or committed-quote event; not an observed public closing price
INR_OVER_USD_BASIS,2026-04-02,SYNTHETIC_ARM_LENGTH_TRANSACTION,RPO-INR_OVER_USD_BASIS-090,True,SYNTHETIC_RFET_EVIDENCE,Synthetic transaction or committed-quote event; not an observed public closing price
INR_OVER_USD_BASIS,2026-04-07,SYNTHETIC_ARM_LENGTH_TRANSACTION,RPO-INR_OVER_USD_BASIS-091,True,SYNTHETIC_RFET_EVIDENCE,Synthetic transaction or committed-quote event; not an observed public closing price
INR_OVER_USD_BASIS,2026-04-09,SYNTHETIC_ARM_LENGTH_TRANSACTION,RPO-INR_OVER_USD_BASIS-092,True,SYNTHETIC_RFET_EVIDENCE,Synthetic transaction or committed-quote event; not an observed public closing price
INR_OVER_USD_BASIS,2026-04-13,SYNTHETIC_ARM_LENGTH_TRANSACTION,RPO-INR_OVER_USD_BASIS-093,True,SYNTHETIC_RFET_EVIDENCE,Synthetic transaction or committed-quote event; not an observed public closing price
INR_OVER_USD_BASIS,2026-04-15,SYNTHETIC_ARM_LENGTH_TRANSACTION,RPO-INR_OVER_USD_BASIS-094,True,SYNTHETIC_RFET_EVIDENCE,Synthetic transaction or committed-quote event; not an observed public closing price
INR_OVER_USD_BASIS,2026-04-17,SYNTHETIC_ARM_LENGTH_TRANSACTION,RPO-INR_OVER_USD_BASIS-095,True,SYNTHETIC_RFET_EVIDENCE,Synthetic transaction or committed-quote event; not an observed public closing price
INR_OVER_USD_BASIS,2026-04-22,SYNTHETIC_ARM_LENGTH_TRANSACTION,RPO-INR_OVER_USD_BASIS-096,True,SYNTHETIC_RFET_EVIDENCE,Synthetic transaction or committed-quote event; not an observed public closing price
INR_OVER_USD_BASIS,2026-04-24,SYNTHETIC_ARM_LENGTH_TRANSACTION,RPO-INR_OVER_USD_BASIS-097,True,SYNTHETIC_RFET_EVIDENCE,Synthetic transaction or committed-quote event; not an observed public closing price
INR_OVER_USD_BASIS,2026-04-28,SYNTHETIC_ARM_LENGTH_TRANSACTION,RPO-INR_OVER_USD_BASIS-098,True,SYNTHETIC_RFET_EVIDENCE,Synthetic transaction or committed-quote event; not an observed public closing price
INR_OVER_USD_BASIS,2026-04-30,SYNTHETIC_ARM_LENGTH_TRANSACTION,RPO-INR_OVER_USD_BASIS-099,True,SYNTHETIC_RFET_EVIDENCE,Synthetic transaction or committed-quote event; not an observed public closing price
INR_OVER_USD_BASIS,2026-05-05,SYNTHETIC_ARM_LENGTH_TRANSACTION,RPO-INR_OVER_USD_BASIS-100,True,SYNTHETIC_RFET_EVIDENCE,Synthetic transaction or committed-quote event; not an observed public closing price
INR_OVER_USD_BASIS,2026-05-07,SYNTHETIC_ARM_LENGTH_TRANSACTION,RPO-INR_OVER_USD_BASIS-101,True,SYNTHETIC_RFET_EVIDENCE,Synthetic transaction or committed-quote event; not an observed public closing price
INR_OVER_USD_BASIS,2026-05-11,SYNTHETIC_ARM_LENGTH_TRANSACTION,RPO-INR_OVER_USD_BASIS-102,True,SYNTHETIC_RFET_EVIDENCE,Synthetic transaction or committed-quote event; not an observed public closing price
INR_OVER_USD_BASIS,2026-05-13,SYNTHETIC_ARM_LENGTH_TRANSACTION,RPO-INR_OVER_USD_BASIS-103,True,SYNTHETIC_RFET_EVIDENCE,Synthetic transaction or committed-quote event; not an observed public closing price
INR_OVER_USD_BASIS,2026-05-15,SYNTHETIC_ARM_LENGTH_TRANSACTION,RPO-INR_OVER_USD_BASIS-104,True,SYNTHETIC_RFET_EVIDENCE,Synthetic transaction or committed-quote event; not an observed public closing price
INR_OVER_USD_BASIS,2026-05-20,SYNTHETIC_ARM_LENGTH_TRANSACTION,RPO-INR_OVER_USD_BASIS-105,True,SYNTHETIC_RFET_EVIDENCE,Synthetic transaction or committed-quote event; not an observed public closing price
INR_OVER_USD_BASIS,2026-05-22,SYNTHETIC_ARM_LENGTH_TRANSACTION,RPO-INR_OVER_USD_BASIS-106,True,SYNTHETIC_RFET_EVIDENCE,Synthetic transaction or committed-quote event; not an observed public closing price
INR_OVER_USD_BASIS,2026-05-26,SYNTHETIC_ARM_LENGTH_TRANSACTION,RPO-INR_OVER_USD_BASIS-107,True,SYNTHETIC_RFET_EVIDENCE,Synthetic transaction or committed-quote event; not an observed public closing price
INR_OVER_USD_BASIS,2026-05-28,SYNTHETIC_ARM_LENGTH_TRANSACTION,RPO-INR_OVER_USD_BASIS-108,True,SYNTHETIC_RFET_EVIDENCE,Synthetic transaction or committed-quote event; not an observed public closing price
INR_OVER_USD_BASIS,2026-06-02,SYNTHETIC_ARM_LENGTH_TRANSACTION,RPO-INR_OVER_USD_BASIS-109,True,SYNTHETIC_RFET_EVIDENCE,Synthetic transaction or committed-quote event; not an observed public closing price
INR_OVER_USD_BASIS,2026-06-04,SYNTHETIC_ARM_LENGTH_TRANSACTION,RPO-INR_OVER_USD_BASIS-110,True,SYNTHETIC_RFET_EVIDENCE,Synthetic transaction or committed-quote event; not an observed public closing price
INR_OVER_USD_BASIS,2026-06-08,SYNTHETIC_ARM_LENGTH_TRANSACTION,RPO-INR_OVER_USD_BASIS-111,True,SYNTHETIC_RFET_EVIDENCE,Synthetic transaction or committed-quote event; not an observed public closing price
INR_OVER_USD_BASIS,2026-06-10,SYNTHETIC_ARM_LENGTH_TRANSACTION,RPO-INR_OVER_USD_BASIS-112,True,SYNTHETIC_RFET_EVIDENCE,Synthetic transaction or committed-quote event; not an observed public closing price
INR_OVER_USD_BASIS,2026-06-12,SYNTHETIC_ARM_LENGTH_TRANSACTION,RPO-INR_OVER_USD_BASIS-113,True,SYNTHETIC_RFET_EVIDENCE,Synthetic transaction or committed-quote event; not an observed public closing price
INR_OVER_USD_BASIS,2026-06-17,SYNTHETIC_ARM_LENGTH_TRANSACTION,RPO-INR_OVER_USD_BASIS-114,True,SYNTHETIC_RFET_EVIDENCE,Synthetic transaction or committed-quote event; not an observed public closing price
INR_OVER_USD_BASIS,2026-06-19,SYNTHETIC_ARM_LENGTH_TRANSACTION,RPO-INR_OVER_USD_BASIS-115,True,SYNTHETIC_RFET_EVIDENCE,Synthetic transaction or committed-quote event; not an observed public closing price
INR_OVER_USD_BASIS,2026-06-23,SYNTHETIC_ARM_LENGTH_TRANSACTION,RPO-INR_OVER_USD_BASIS-116,True,SYNTHETIC_RFET_EVIDENCE,Synthetic transaction or committed-quote event; not an observed public closing price
INR_OVER_USD_BASIS,2026-06-25,SYNTHETIC_ARM_LENGTH_TRANSACTION,RPO-INR_OVER_USD_BASIS-117,True,SYNTHETIC_RFET_EVIDENCE,Synthetic transaction or committed-quote event; not an observed public closing price
INR_OVER_USD_BASIS,2026-06-30,SYNTHETIC_ARM_LENGTH_TRANSACTION,RPO-INR_OVER_USD_BASIS-118,True,SYNTHETIC_RFET_EVIDENCE,Synthetic transaction or committed-quote event; not an observed public closing price
NIFTY50,2025-07-01,SYNTHETIC_ARM_LENGTH_TRANSACTION,RPO-NIFTY50-001,True,SYNTHETIC_RFET_EVIDENCE,Synthetic transaction or committed-quote event; not an observed public closing price
NIFTY50,2025-07-03,SYNTHETIC_ARM_LENGTH_TRANSACTION,RPO-NIFTY50-002,True,SYNTHETIC_RFET_EVIDENCE,Synthetic transaction or committed-quote event; not an observed public closing price
NIFTY50,2025-07-07,SYNTHETIC_ARM_LENGTH_TRANSACTION,RPO-NIFTY50-003,True,SYNTHETIC_RFET_EVIDENCE,Synthetic transaction or committed-quote event; not an observed public closing price
NIFTY50,2025-07-09,SYNTHETIC_ARM_LENGTH_TRANSACTION,RPO-NIFTY50-004,True,SYNTHETIC_RFET_EVIDENCE,Synthetic transaction or committed-quote event; not an observed public closing price
NIFTY50,2025-07-11,SYNTHETIC_ARM_LENGTH_TRANSACTION,RPO-NIFTY50-005,True,SYNTHETIC_RFET_EVIDENCE,Synthetic transaction or committed-quote event; not an observed public closing price
NIFTY50,2025-07-16,SYNTHETIC_ARM_LENGTH_TRANSACTION,RPO-NIFTY50-006,True,SYNTHETIC_RFET_EVIDENCE,Synthetic transaction or committed-quote event; not an observed public closing price
NIFTY50,2025-07-18,SYNTHETIC_ARM_LENGTH_TRANSACTION,RPO-NIFTY50-007,True,SYNTHETIC_RFET_EVIDENCE,Synthetic transaction or committed-quote event; not an observed public closing price
NIFTY50,2025-07-22,SYNTHETIC_ARM_LENGTH_TRANSACTION,RPO-NIFTY50-008,True,SYNTHETIC_RFET_EVIDENCE,Synthetic transaction or committed-quote event; not an observed public closing price
NIFTY50,2025-07-24,SYNTHETIC_ARM_LENGTH_TRANSACTION,RPO-NIFTY50-009,True,SYNTHETIC_RFET_EVIDENCE,Synthetic transaction or committed-quote event; not an observed public closing price
NIFTY50,2025-07-29,SYNTHETIC_ARM_LENGTH_TRANSACTION,RPO-NIFTY50-010,True,SYNTHETIC_RFET_EVIDENCE,Synthetic transaction or committed-quote event; not an observed public closing price
NIFTY50,2025-07-31,SYNTHETIC_ARM_LENGTH_TRANSACTION,RPO-NIFTY50-011,True,SYNTHETIC_RFET_EVIDENCE,Synthetic transaction or committed-quote event; not an observed public closing price
NIFTY50,2025-08-04,SYNTHETIC_ARM_LENGTH_TRANSACTION,RPO-NIFTY50-012,True,SYNTHETIC_RFET_EVIDENCE,Synthetic transaction or committed-quote event; not an observed public closing price
NIFTY50,2025-08-06,SYNTHETIC_ARM_LENGTH_TRANSACTION,RPO-NIFTY50-013,True,SYNTHETIC_RFET_EVIDENCE,Synthetic transaction or committed-quote event; not an observed public closing price
NIFTY50,2025-08-08,SYNTHETIC_ARM_LENGTH_TRANSACTION,RPO-NIFTY50-014,True,SYNTHETIC_RFET_EVIDENCE,Synthetic transaction or committed-quote event; not an observed public closing price
NIFTY50,2025-08-13,SYNTHETIC_ARM_LENGTH_TRANSACTION,RPO-NIFTY50-015,True,SYNTHETIC_RFET_EVIDENCE,Synthetic transaction or committed-quote event; not an observed public closing price
NIFTY50,2025-08-15,SYNTHETIC_ARM_LENGTH_TRANSACTION,RPO-NIFTY50-016,True,SYNTHETIC_RFET_EVIDENCE,Synthetic transaction or committed-quote event; not an observed public closing price
NIFTY50,2025-08-19,SYNTHETIC_ARM_LENGTH_TRANSACTION,RPO-NIFTY50-017,True,SYNTHETIC_RFET_EVIDENCE,Synthetic transaction or committed-quote event; not an observed public closing price
NIFTY50,2025-08-21,SYNTHETIC_ARM_LENGTH_TRANSACTION,RPO-NIFTY50-018,True,SYNTHETIC_RFET_EVIDENCE,Synthetic transaction or committed-quote event; not an observed public closing price
NIFTY50,2025-08-26,SYNTHETIC_ARM_LENGTH_TRANSACTION,RPO-NIFTY50-019,True,SYNTHETIC_RFET_EVIDENCE,Synthetic transaction or committed-quote event; not an observed public closing price
NIFTY50,2025-08-28,SYNTHETIC_ARM_LENGTH_TRANSACTION,RPO-NIFTY50-020,True,SYNTHETIC_RFET_EVIDENCE,Synthetic transaction or committed-quote event; not an observed public closing price
NIFTY50,2025-09-01,SYNTHETIC_ARM_LENGTH_TRANSACTION,RPO-NIFTY50-021,True,SYNTHETIC_RFET_EVIDENCE,Synthetic transaction or committed-quote event; not an observed public closing price
NIFTY50,2025-09-03,SYNTHETIC_ARM_LENGTH_TRANSACTION,RPO-NIFTY50-022,True,SYNTHETIC_RFET_EVIDENCE,Synthetic transaction or committed-quote event; not an observed public closing price
NIFTY50,2025-09-05,SYNTHETIC_ARM_LENGTH_TRANSACTION,RPO-NIFTY50-023,True,SYNTHETIC_RFET_EVIDENCE,Synthetic transaction or committed-quote event; not an observed public closing price
NIFTY50,2025-09-10,SYNTHETIC_ARM_LENGTH_TRANSACTION,RPO-NIFTY50-024,True,SYNTHETIC_RFET_EVIDENCE,Synthetic transaction or committed-quote event; not an observed public closing price
NIFTY50,2025-09-12,SYNTHETIC_ARM_LENGTH_TRANSACTION,RPO-NIFTY50-025,True,SYNTHETIC_RFET_EVIDENCE,Synthetic transaction or committed-quote event; not an observed public closing price
NIFTY50,2025-09-16,SYNTHETIC_ARM_LENGTH_TRANSACTION,RPO-NIFTY50-026,True,SYNTHETIC_RFET_EVIDENCE,Synthetic transaction or committed-quote event; not an observed public closing price
NIFTY50,2025-09-18,SYNTHETIC_ARM_LENGTH_TRANSACTION,RPO-NIFTY50-027,True,SYNTHETIC_RFET_EVIDENCE,Synthetic transaction or committed-quote event; not an observed public closing price
NIFTY50,2025-09-23,SYNTHETIC_ARM_LENGTH_TRANSACTION,RPO-NIFTY50-028,True,SYNTHETIC_RFET_EVIDENCE,Synthetic transaction or committed-quote event; not an observed public closing price
NIFTY50,2025-09-25,SYNTHETIC_ARM_LENGTH_TRANSACTION,RPO-NIFTY50-029,True,SYNTHETIC_RFET_EVIDENCE,Synthetic transaction or committed-quote event; not an observed public closing price
NIFTY50,2025-09-29,SYNTHETIC_ARM_LENGTH_TRANSACTION,RPO-NIFTY50-030,True,SYNTHETIC_RFET_EVIDENCE,Synthetic transaction or committed-quote event; not an observed public closing price
NIFTY50,2025-10-01,SYNTHETIC_ARM_LENGTH_TRANSACTION,RPO-NIFTY50-031,True,SYNTHETIC_RFET_EVIDENCE,Synthetic transaction or committed-quote event; not an observed public closing price
NIFTY50,2025-10-03,SYNTHETIC_ARM_LENGTH_TRANSACTION,RPO-NIFTY50-032,True,SYNTHETIC_RFET_EVIDENCE,Synthetic transaction or committed-quote event; not an observed public closing price
NIFTY50,2025-10-08,SYNTHETIC_ARM_LENGTH_TRANSACTION,RPO-NIFTY50-033,True,SYNTHETIC_RFET_EVIDENCE,Synthetic transaction or committed-quote event; not an observed public closing price
NIFTY50,2025-10-10,SYNTHETIC_ARM_LENGTH_TRANSACTION,RPO-NIFTY50-034,True,SYNTHETIC_RFET_EVIDENCE,Synthetic transaction or committed-quote event; not an observed public closing price
NIFTY50,2025-10-14,SYNTHETIC_ARM_LENGTH_TRANSACTION,RPO-NIFTY50-035,True,SYNTHETIC_RFET_EVIDENCE,Synthetic transaction or committed-quote event; not an observed public closing price
NIFTY50,2025-10-16,SYNTHETIC_ARM_LENGTH_TRANSACTION,RPO-NIFTY50-036,True,SYNTHETIC_RFET_EVIDENCE,Synthetic transaction or committed-quote event; not an observed public closing price
NIFTY50,2025-10-21,SYNTHETIC_ARM_LENGTH_TRANSACTION,RPO-NIFTY50-037,True,SYNTHETIC_RFET_EVIDENCE,Synthetic transaction or committed-quote event; not an observed public closing price
NIFTY50,2025-10-23,SYNTHETIC_ARM_LENGTH_TRANSACTION,RPO-NIFTY50-038,True,SYNTHETIC_RFET_EVIDENCE,Synthetic transaction or committed-quote event; not an observed public closing price
NIFTY50,2025-10-27,SYNTHETIC_ARM_LENGTH_TRANSACTION,RPO-NIFTY50-039,True,SYNTHETIC_RFET_EVIDENCE,Synthetic transaction or committed-quote event; not an observed public closing price
NIFTY50,2025-10-29,SYNTHETIC_ARM_LENGTH_TRANSACTION,RPO-NIFTY50-040,True,SYNTHETIC_RFET_EVIDENCE,Synthetic transaction or committed-quote event; not an observed public closing price
NIFTY50,2025-10-31,SYNTHETIC_ARM_LENGTH_TRANSACTION,RPO-NIFTY50-041,True,SYNTHETIC_RFET_EVIDENCE,Synthetic transaction or committed-quote event; not an observed public closing price
NIFTY50,2025-11-05,SYNTHETIC_ARM_LENGTH_TRANSACTION,RPO-NIFTY50-042,True,SYNTHETIC_RFET_EVIDENCE,Synthetic transaction or committed-quote event; not an observed public closing price
NIFTY50,2025-11-07,SYNTHETIC_ARM_LENGTH_TRANSACTION,RPO-NIFTY50-043,True,SYNTHETIC_RFET_EVIDENCE,Synthetic transaction or committed-quote event; not an observed public closing price
NIFTY50,2025-11-11,SYNTHETIC_ARM_LENGTH_TRANSACTION,RPO-NIFTY50-044,True,SYNTHETIC_RFET_EVIDENCE,Synthetic transaction or committed-quote event; not an observed public closing price
NIFTY50,2025-11-13,SYNTHETIC_ARM_LENGTH_TRANSACTION,RPO-NIFTY50-045,True,SYNTHETIC_RFET_EVIDENCE,Synthetic transaction or committed-quote event; not an observed public closing price
NIFTY50,2025-11-18,SYNTHETIC_ARM_LENGTH_TRANSACTION,RPO-NIFTY50-046,True,SYNTHETIC_RFET_EVIDENCE,Synthetic transaction or committed-quote event; not an observed public closing price
NIFTY50,2025-11-20,SYNTHETIC_ARM_LENGTH_TRANSACTION,RPO-NIFTY50-047,True,SYNTHETIC_RFET_EVIDENCE,Synthetic transaction or committed-quote event; not an observed public closing price
NIFTY50,2025-11-24,SYNTHETIC_ARM_LENGTH_TRANSACTION,RPO-NIFTY50-048,True,SYNTHETIC_RFET_EVIDENCE,Synthetic transaction or committed-quote event; not an observed public closing price
NIFTY50,2025-11-26,SYNTHETIC_ARM_LENGTH_TRANSACTION,RPO-NIFTY50-049,True,SYNTHETIC_RFET_EVIDENCE,Synthetic transaction or committed-quote event; not an observed public closing price
NIFTY50,2025-11-28,SYNTHETIC_ARM_LENGTH_TRANSACTION,RPO-NIFTY50-050,True,SYNTHETIC_RFET_EVIDENCE,Synthetic transaction or committed-quote event; not an observed public closing price
NIFTY50,2025-12-03,SYNTHETIC_ARM_LENGTH_TRANSACTION,RPO-NIFTY50-051,True,SYNTHETIC_RFET_EVIDENCE,Synthetic transaction or committed-quote event; not an observed public closing price
NIFTY50,2025-12-05,SYNTHETIC_ARM_LENGTH_TRANSACTION,RPO-NIFTY50-052,True,SYNTHETIC_RFET_EVIDENCE,Synthetic transaction or committed-quote event; not an observed public closing price
NIFTY50,2025-12-09,SYNTHETIC_ARM_LENGTH_TRANSACTION,RPO-NIFTY50-053,True,SYNTHETIC_RFET_EVIDENCE,Synthetic transaction or committed-quote event; not an observed public closing price
NIFTY50,2025-12-11,SYNTHETIC_ARM_LENGTH_TRANSACTION,RPO-NIFTY50-054,True,SYNTHETIC_RFET_EVIDENCE,Synthetic transaction or committed-quote event; not an observed public closing price
NIFTY50,2025-12-16,SYNTHETIC_ARM_LENGTH_TRANSACTION,RPO-NIFTY50-055,True,SYNTHETIC_RFET_EVIDENCE,Synthetic transaction or committed-quote event; not an observed public closing price
NIFTY50,2025-12-18,SYNTHETIC_ARM_LENGTH_TRANSACTION,RPO-NIFTY50-056,True,SYNTHETIC_RFET_EVIDENCE,Synthetic transaction or committed-quote event; not an observed public closing price
NIFTY50,2025-12-22,SYNTHETIC_ARM_LENGTH_TRANSACTION,RPO-NIFTY50-057,True,SYNTHETIC_RFET_EVIDENCE,Synthetic transaction or committed-quote event; not an observed public closing price
NIFTY50,2025-12-24,SYNTHETIC_ARM_LENGTH_TRANSACTION,RPO-NIFTY50-058,True,SYNTHETIC_RFET_EVIDENCE,Synthetic transaction or committed-quote event; not an observed public closing price
NIFTY50,2025-12-26,SYNTHETIC_ARM_LENGTH_TRANSACTION,RPO-NIFTY50-059,True,SYNTHETIC_RFET_EVIDENCE,Synthetic transaction or committed-quote event; not an observed public closing price
NIFTY50,2025-12-31,SYNTHETIC_ARM_LENGTH_TRANSACTION,RPO-NIFTY50-060,True,SYNTHETIC_RFET_EVIDENCE,Synthetic transaction or committed-quote event; not an observed public closing price
NIFTY50,2026-01-02,SYNTHETIC_ARM_LENGTH_TRANSACTION,RPO-NIFTY50-061,True,SYNTHETIC_RFET_EVIDENCE,Synthetic transaction or committed-quote event; not an observed public closing price
NIFTY50,2026-01-06,SYNTHETIC_ARM_LENGTH_TRANSACTION,RPO-NIFTY50-062,True,SYNTHETIC_RFET_EVIDENCE,Synthetic transaction or committed-quote event; not an observed public closing price
NIFTY50,2026-01-08,SYNTHETIC_ARM_LENGTH_TRANSACTION,RPO-NIFTY50-063,True,SYNTHETIC_RFET_EVIDENCE,Synthetic transaction or committed-quote event; not an observed public closing price
NIFTY50,2026-01-13,SYNTHETIC_ARM_LENGTH_TRANSACTION,RPO-NIFTY50-064,True,SYNTHETIC_RFET_EVIDENCE,Synthetic transaction or committed-quote event; not an observed public closing price
NIFTY50,2026-01-15,SYNTHETIC_ARM_LENGTH_TRANSACTION,RPO-NIFTY50-065,True,SYNTHETIC_RFET_EVIDENCE,Synthetic transaction or committed-quote event; not an observed public closing price
NIFTY50,2026-01-19,SYNTHETIC_ARM_LENGTH_TRANSACTION,RPO-NIFTY50-066,True,SYNTHETIC_RFET_EVIDENCE,Synthetic transaction or committed-quote event; not an observed public closing price
NIFTY50,2026-01-21,SYNTHETIC_ARM_LENGTH_TRANSACTION,RPO-NIFTY50-067,True,SYNTHETIC_RFET_EVIDENCE,Synthetic transaction or committed-quote event; not an observed public closing price
NIFTY50,2026-01-23,SYNTHETIC_ARM_LENGTH_TRANSACTION,RPO-NIFTY50-068,True,SYNTHETIC_RFET_EVIDENCE,Synthetic transaction or committed-quote event; not an observed public closing price
NIFTY50,2026-01-28,SYNTHETIC_ARM_LENGTH_TRANSACTION,RPO-NIFTY50-069,True,SYNTHETIC_RFET_EVIDENCE,Synthetic transaction or committed-quote event; not an observed public closing price
NIFTY50,2026-01-30,SYNTHETIC_ARM_LENGTH_TRANSACTION,RPO-NIFTY50-070,True,SYNTHETIC_RFET_EVIDENCE,Synthetic transaction or committed-quote event; not an observed public closing price
NIFTY50,2026-02-03,SYNTHETIC_ARM_LENGTH_TRANSACTION,RPO-NIFTY50-071,True,SYNTHETIC_RFET_EVIDENCE,Synthetic transaction or committed-quote event; not an observed public closing price
NIFTY50,2026-02-05,SYNTHETIC_ARM_LENGTH_TRANSACTION,RPO-NIFTY50-072,True,SYNTHETIC_RFET_EVIDENCE,Synthetic transaction or committed-quote event; not an observed public closing price
NIFTY50,2026-02-10,SYNTHETIC_ARM_LENGTH_TRANSACTION,RPO-NIFTY50-073,True,SYNTHETIC_RFET_EVIDENCE,Synthetic transaction or committed-quote event; not an observed public closing price
NIFTY50,2026-02-12,SYNTHETIC_ARM_LENGTH_TRANSACTION,RPO-NIFTY50-074,True,SYNTHETIC_RFET_EVIDENCE,Synthetic transaction or committed-quote event; not an observed public closing price
NIFTY50,2026-02-16,SYNTHETIC_ARM_LENGTH_TRANSACTION,RPO-NIFTY50-075,True,SYNTHETIC_RFET_EVIDENCE,Synthetic transaction or committed-quote event; not an observed public closing price
NIFTY50,2026-02-18,SYNTHETIC_ARM_LENGTH_TRANSACTION,RPO-NIFTY50-076,True,SYNTHETIC_RFET_EVIDENCE,Synthetic transaction or committed-quote event; not an observed public closing price
NIFTY50,2026-02-20,SYNTHETIC_ARM_LENGTH_TRANSACTION,RPO-NIFTY50-077,True,SYNTHETIC_RFET_EVIDENCE,Synthetic transaction or committed-quote event; not an observed public closing price
NIFTY50,2026-02-25,SYNTHETIC_ARM_LENGTH_TRANSACTION,RPO-NIFTY50-078,True,SYNTHETIC_RFET_EVIDENCE,Synthetic transaction or committed-quote event; not an observed public closing price
NIFTY50,2026-02-27,SYNTHETIC_ARM_LENGTH_TRANSACTION,RPO-NIFTY50-079,True,SYNTHETIC_RFET_EVIDENCE,Synthetic transaction or committed-quote event; not an observed public closing price
NIFTY50,2026-03-03,SYNTHETIC_ARM_LENGTH_TRANSACTION,RPO-NIFTY50-080,True,SYNTHETIC_RFET_EVIDENCE,Synthetic transaction or committed-quote event; not an observed public closing price
NIFTY50,2026-03-05,SYNTHETIC_ARM_LENGTH_TRANSACTION,RPO-NIFTY50-081,True,SYNTHETIC_RFET_EVIDENCE,Synthetic transaction or committed-quote event; not an observed public closing price
NIFTY50,2026-03-10,SYNTHETIC_ARM_LENGTH_TRANSACTION,RPO-NIFTY50-082,True,SYNTHETIC_RFET_EVIDENCE,Synthetic transaction or committed-quote event; not an observed public closing price
NIFTY50,2026-03-12,SYNTHETIC_ARM_LENGTH_TRANSACTION,RPO-NIFTY50-083,True,SYNTHETIC_RFET_EVIDENCE,Synthetic transaction or committed-quote event; not an observed public closing price
NIFTY50,2026-03-16,SYNTHETIC_ARM_LENGTH_TRANSACTION,RPO-NIFTY50-084,True,SYNTHETIC_RFET_EVIDENCE,Synthetic transaction or committed-quote event; not an observed public closing price
NIFTY50,2026-03-18,SYNTHETIC_ARM_LENGTH_TRANSACTION,RPO-NIFTY50-085,True,SYNTHETIC_RFET_EVIDENCE,Synthetic transaction or committed-quote event; not an observed public closing price
NIFTY50,2026-03-20,SYNTHETIC_ARM_LENGTH_TRANSACTION,RPO-NIFTY50-086,True,SYNTHETIC_RFET_EVIDENCE,Synthetic transaction or committed-quote event; not an observed public closing price
NIFTY50,2026-03-25,SYNTHETIC_ARM_LENGTH_TRANSACTION,RPO-NIFTY50-087,True,SYNTHETIC_RFET_EVIDENCE,Synthetic transaction or committed-quote event; not an observed public closing price
NIFTY50,2026-03-27,SYNTHETIC_ARM_LENGTH_TRANSACTION,RPO-NIFTY50-088,True,SYNTHETIC_RFET_EVIDENCE,Synthetic transaction or committed-quote event; not an observed public closing price
NIFTY50,2026-03-31,SYNTHETIC_ARM_LENGTH_TRANSACTION,RPO-NIFTY50-089,True,SYNTHETIC_RFET_EVIDENCE,Synthetic transaction or committed-quote event; not an observed public closing price
NIFTY50,2026-04-02,SYNTHETIC_ARM_LENGTH_TRANSACTION,RPO-NIFTY50-090,True,SYNTHETIC_RFET_EVIDENCE,Synthetic transaction or committed-quote event; not an observed public closing price
NIFTY50,2026-04-07,SYNTHETIC_ARM_LENGTH_TRANSACTION,RPO-NIFTY50-091,True,SYNTHETIC_RFET_EVIDENCE,Synthetic transaction or committed-quote event; not an observed public closing price
NIFTY50,2026-04-09,SYNTHETIC_ARM_LENGTH_TRANSACTION,RPO-NIFTY50-092,True,SYNTHETIC_RFET_EVIDENCE,Synthetic transaction or committed-quote event; not an observed public closing price
NIFTY50,2026-04-13,SYNTHETIC_ARM_LENGTH_TRANSACTION,RPO-NIFTY50-093,True,SYNTHETIC_RFET_EVIDENCE,Synthetic transaction or committed-quote event; not an observed public closing price
NIFTY50,2026-04-15,SYNTHETIC_ARM_LENGTH_TRANSACTION,RPO-NIFTY50-094,True,SYNTHETIC_RFET_EVIDENCE,Synthetic transaction or committed-quote event; not an observed public closing price
NIFTY50,2026-04-17,SYNTHETIC_ARM_LENGTH_TRANSACTION,RPO-NIFTY50-095,True,SYNTHETIC_RFET_EVIDENCE,Synthetic transaction or committed-quote event; not an observed public closing price
NIFTY50,2026-04-22,SYNTHETIC_ARM_LENGTH_TRANSACTION,RPO-NIFTY50-096,True,SYNTHETIC_RFET_EVIDENCE,Synthetic transaction or committed-quote event; not an observed public closing price
NIFTY50,2026-04-24,SYNTHETIC_ARM_LENGTH_TRANSACTION,RPO-NIFTY50-097,True,SYNTHETIC_RFET_EVIDENCE,Synthetic transaction or committed-quote event; not an observed public closing price
NIFTY50,2026-04-28,SYNTHETIC_ARM_LENGTH_TRANSACTION,RPO-NIFTY50-098,True,SYNTHETIC_RFET_EVIDENCE,Synthetic transaction or committed-quote event; not an observed public closing price
NIFTY50,2026-04-30,SYNTHETIC_ARM_LENGTH_TRANSACTION,RPO-NIFTY50-099,True,SYNTHETIC_RFET_EVIDENCE,Synthetic transaction or committed-quote event; not an observed public closing price
NIFTY50,2026-05-05,SYNTHETIC_ARM_LENGTH_TRANSACTION,RPO-NIFTY50-100,True,SYNTHETIC_RFET_EVIDENCE,Synthetic transaction or committed-quote event; not an observed public closing price
NIFTY50,2026-05-07,SYNTHETIC_ARM_LENGTH_TRANSACTION,RPO-NIFTY50-101,True,SYNTHETIC_RFET_EVIDENCE,Synthetic transaction or committed-quote event; not an observed public closing price
NIFTY50,2026-05-11,SYNTHETIC_ARM_LENGTH_TRANSACTION,RPO-NIFTY50-102,True,SYNTHETIC_RFET_EVIDENCE,Synthetic transaction or committed-quote event; not an observed public closing price
NIFTY50,2026-05-13,SYNTHETIC_ARM_LENGTH_TRANSACTION,RPO-NIFTY50-103,True,SYNTHETIC_RFET_EVIDENCE,Synthetic transaction or committed-quote event; not an observed public closing price
NIFTY50,2026-05-15,SYNTHETIC_ARM_LENGTH_TRANSACTION,RPO-NIFTY50-104,True,SYNTHETIC_RFET_EVIDENCE,Synthetic transaction or committed-quote event; not an observed public closing price
NIFTY50,2026-05-20,SYNTHETIC_ARM_LENGTH_TRANSACTION,RPO-NIFTY50-105,True,SYNTHETIC_RFET_EVIDENCE,Synthetic transaction or committed-quote event; not an observed public closing price
NIFTY50,2026-05-22,SYNTHETIC_ARM_LENGTH_TRANSACTION,RPO-NIFTY50-106,True,SYNTHETIC_RFET_EVIDENCE,Synthetic transaction or committed-quote event; not an observed public closing price
NIFTY50,2026-05-26,SYNTHETIC_ARM_LENGTH_TRANSACTION,RPO-NIFTY50-107,True,SYNTHETIC_RFET_EVIDENCE,Synthetic transaction or committed-quote event; not an observed public closing price
NIFTY50,2026-05-28,SYNTHETIC_ARM_LENGTH_TRANSACTION,RPO-NIFTY50-108,True,SYNTHETIC_RFET_EVIDENCE,Synthetic transaction or committed-quote event; not an observed public closing price
NIFTY50,2026-06-02,SYNTHETIC_ARM_LENGTH_TRANSACTION,RPO-NIFTY50-109,True,SYNTHETIC_RFET_EVIDENCE,Synthetic transaction or committed-quote event; not an observed public closing price
NIFTY50,2026-06-04,SYNTHETIC_ARM_LENGTH_TRANSACTION,RPO-NIFTY50-110,True,SYNTHETIC_RFET_EVIDENCE,Synthetic transaction or committed-quote event; not an observed public closing price
NIFTY50,2026-06-08,SYNTHETIC_ARM_LENGTH_TRANSACTION,RPO-NIFTY50-111,True,SYNTHETIC_RFET_EVIDENCE,Synthetic transaction or committed-quote event; not an observed public closing price
NIFTY50,2026-06-10,SYNTHETIC_ARM_LENGTH_TRANSACTION,RPO-NIFTY50-112,True,SYNTHETIC_RFET_EVIDENCE,Synthetic transaction or committed-quote event; not an observed public closing price
NIFTY50,2026-06-12,SYNTHETIC_ARM_LENGTH_TRANSACTION,RPO-NIFTY50-113,True,SYNTHETIC_RFET_EVIDENCE,Synthetic transaction or committed-quote event; not an observed public closing price
NIFTY50,2026-06-17,SYNTHETIC_ARM_LENGTH_TRANSACTION,RPO-NIFTY50-114,True,SYNTHETIC_RFET_EVIDENCE,Synthetic transaction or committed-quote event; not an observed public closing price
NIFTY50,2026-06-19,SYNTHETIC_ARM_LENGTH_TRANSACTION,RPO-NIFTY50-115,True,SYNTHETIC_RFET_EVIDENCE,Synthetic transaction or committed-quote event; not an observed public closing price
NIFTY50,2026-06-23,SYNTHETIC_ARM_LENGTH_TRANSACTION,RPO-NIFTY50-116,True,SYNTHETIC_RFET_EVIDENCE,Synthetic transaction or committed-quote event; not an observed public closing price
NIFTY50,2026-06-25,SYNTHETIC_ARM_LENGTH_TRANSACTION,RPO-NIFTY50-117,True,SYNTHETIC_RFET_EVIDENCE,Synthetic transaction or committed-quote event; not an observed public closing price
NIFTY50,2026-06-30,SYNTHETIC_ARM_LENGTH_TRANSACTION,RPO-NIFTY50-118,True,SYNTHETIC_RFET_EVIDENCE,Synthetic transaction or committed-quote event; not an observed public closing price
NIFTY50_VOL_0.5Y,2025-07-01,SYNTHETIC_COMMITTED_QUOTE,RPO-NIFTY50_VOL_0.5Y-001,True,SYNTHETIC_RFET_EVIDENCE,Synthetic transaction or committed-quote event; not an observed public closing price
NIFTY50_VOL_0.5Y,2025-07-11,SYNTHETIC_COMMITTED_QUOTE,RPO-NIFTY50_VOL_0.5Y-002,True,SYNTHETIC_RFET_EVIDENCE,Synthetic transaction or committed-quote event; not an observed public closing price
NIFTY50_VOL_0.5Y,2025-07-23,SYNTHETIC_COMMITTED_QUOTE,RPO-NIFTY50_VOL_0.5Y-003,True,SYNTHETIC_RFET_EVIDENCE,Synthetic transaction or committed-quote event; not an observed public closing price
NIFTY50_VOL_0.5Y,2025-08-05,SYNTHETIC_COMMITTED_QUOTE,RPO-NIFTY50_VOL_0.5Y-004,True,SYNTHETIC_RFET_EVIDENCE,Synthetic transaction or committed-quote event; not an observed public closing price
NIFTY50_VOL_0.5Y,2025-08-15,SYNTHETIC_COMMITTED_QUOTE,RPO-NIFTY50_VOL_0.5Y-005,True,SYNTHETIC_RFET_EVIDENCE,Synthetic transaction or committed-quote event; not an observed public closing price
NIFTY50_VOL_0.5Y,2025-08-27,SYNTHETIC_COMMITTED_QUOTE,RPO-NIFTY50_VOL_0.5Y-006,True,SYNTHETIC_RFET_EVIDENCE,Synthetic transaction or committed-quote event; not an observed public closing price
NIFTY50_VOL_0.5Y,2025-09-09,SYNTHETIC_COMMITTED_QUOTE,RPO-NIFTY50_VOL_0.5Y-007,True,SYNTHETIC_RFET_EVIDENCE,Synthetic transaction or committed-quote event; not an observed public closing price
NIFTY50_VOL_0.5Y,2025-09-19,SYNTHETIC_COMMITTED_QUOTE,RPO-NIFTY50_VOL_0.5Y-008,True,SYNTHETIC_RFET_EVIDENCE,Synthetic transaction or committed-quote event; not an observed public closing price
NIFTY50_VOL_0.5Y,2025-10-02,SYNTHETIC_COMMITTED_QUOTE,RPO-NIFTY50_VOL_0.5Y-009,True,SYNTHETIC_RFET_EVIDENCE,Synthetic transaction or committed-quote event; not an observed public closing price
NIFTY50_VOL_0.5Y,2025-10-14,SYNTHETIC_COMMITTED_QUOTE,RPO-NIFTY50_VOL_0.5Y-010,True,SYNTHETIC_RFET_EVIDENCE,Synthetic transaction or committed-quote event; not an observed public closing price
NIFTY50_VOL_0.5Y,2025-10-24,SYNTHETIC_COMMITTED_QUOTE,RPO-NIFTY50_VOL_0.5Y-011,True,SYNTHETIC_RFET_EVIDENCE,Synthetic transaction or committed-quote event; not an observed public closing price
NIFTY50_VOL_0.5Y,2025-11-06,SYNTHETIC_COMMITTED_QUOTE,RPO-NIFTY50_VOL_0.5Y-012,True,SYNTHETIC_RFET_EVIDENCE,Synthetic transaction or committed-quote event; not an observed public closing price
NIFTY50_VOL_0.5Y,2025-11-18,SYNTHETIC_COMMITTED_QUOTE,RPO-NIFTY50_VOL_0.5Y-013,True,SYNTHETIC_RFET_EVIDENCE,Synthetic transaction or committed-quote event; not an observed public closing price
NIFTY50_VOL_0.5Y,2025-12-01,SYNTHETIC_COMMITTED_QUOTE,RPO-NIFTY50_VOL_0.5Y-014,True,SYNTHETIC_RFET_EVIDENCE,Synthetic transaction or committed-quote event; not an observed public closing price
NIFTY50_VOL_0.5Y,2025-12-11,SYNTHETIC_COMMITTED_QUOTE,RPO-NIFTY50_VOL_0.5Y-015,True,SYNTHETIC_RFET_EVIDENCE,Synthetic transaction or committed-quote event; not an observed public closing price
NIFTY50_VOL_0.5Y,2025-12-23,SYNTHETIC_COMMITTED_QUOTE,RPO-NIFTY50_VOL_0.5Y-016,True,SYNTHETIC_RFET_EVIDENCE,Synthetic transaction or committed-quote event; not an observed public closing price
NIFTY50_VOL_0.5Y,2026-01-05,SYNTHETIC_COMMITTED_QUOTE,RPO-NIFTY50_VOL_0.5Y-017,True,SYNTHETIC_RFET_EVIDENCE,Synthetic transaction or committed-quote event; not an observed public closing price
NIFTY50_VOL_0.5Y,2026-01-15,SYNTHETIC_COMMITTED_QUOTE,RPO-NIFTY50_VOL_0.5Y-018,True,SYNTHETIC_RFET_EVIDENCE,Synthetic transaction or committed-quote event; not an observed public closing price
NIFTY50_VOL_0.5Y,2026-01-27,SYNTHETIC_COMMITTED_QUOTE,RPO-NIFTY50_VOL_0.5Y-019,True,SYNTHETIC_RFET_EVIDENCE,Synthetic transaction or committed-quote event; not an observed public closing price
NIFTY50_VOL_0.5Y,2026-02-09,SYNTHETIC_COMMITTED_QUOTE,RPO-NIFTY50_VOL_0.5Y-020,True,SYNTHETIC_RFET_EVIDENCE,Synthetic transaction or committed-quote event; not an observed public closing price
NIFTY50_VOL_0.5Y,2026-02-19,SYNTHETIC_COMMITTED_QUOTE,RPO-NIFTY50_VOL_0.5Y-021,True,SYNTHETIC_RFET_EVIDENCE,Synthetic transaction or committed-quote event; not an observed public closing price
NIFTY50_VOL_0.5Y,2026-03-04,SYNTHETIC_COMMITTED_QUOTE,RPO-NIFTY50_VOL_0.5Y-022,True,SYNTHETIC_RFET_EVIDENCE,Synthetic transaction or committed-quote event; not an observed public closing price
NIFTY50_VOL_0.5Y,2026-03-16,SYNTHETIC_COMMITTED_QUOTE,RPO-NIFTY50_VOL_0.5Y-023,True,SYNTHETIC_RFET_EVIDENCE,Synthetic transaction or committed-quote event; not an observed public closing price
NIFTY50_VOL_0.5Y,2026-03-26,SYNTHETIC_COMMITTED_QUOTE,RPO-NIFTY50_VOL_0.5Y-024,True,SYNTHETIC_RFET_EVIDENCE,Synthetic transaction or committed-quote event; not an observed public closing price
NIFTY50_VOL_0.5Y,2026-04-08,SYNTHETIC_COMMITTED_QUOTE,RPO-NIFTY50_VOL_0.5Y-025,True,SYNTHETIC_RFET_EVIDENCE,Synthetic transaction or committed-quote event; not an observed public closing price
NIFTY50_VOL_0.5Y,2026-04-20,SYNTHETIC_COMMITTED_QUOTE,RPO-NIFTY50_VOL_0.5Y-026,True,SYNTHETIC_RFET_EVIDENCE,Synthetic transaction or committed-quote event; not an observed public closing price
NIFTY50_VOL_0.5Y,2026-05-01,SYNTHETIC_COMMITTED_QUOTE,RPO-NIFTY50_VOL_0.5Y-027,True,SYNTHETIC_RFET_EVIDENCE,Synthetic transaction or committed-quote event; not an observed public closing price
NIFTY50_VOL_0.5Y,2026-05-13,SYNTHETIC_COMMITTED_QUOTE,RPO-NIFTY50_VOL_0.5Y-028,True,SYNTHETIC_RFET_EVIDENCE,Synthetic transaction or committed-quote event; not an observed public closing price
NIFTY50_VOL_0.5Y,2026-05-25,SYNTHETIC_COMMITTED_QUOTE,RPO-NIFTY50_VOL_0.5Y-029,True,SYNTHETIC_RFET_EVIDENCE,Synthetic transaction or committed-quote event; not an observed public closing price
NIFTY50_VOL_0.5Y,2026-06-05,SYNTHETIC_COMMITTED_QUOTE,RPO-NIFTY50_VOL_0.5Y-030,True,SYNTHETIC_RFET_EVIDENCE,Synthetic transaction or committed-quote event; not an observed public closing price
NIFTY50_VOL_0.5Y,2026-06-17,SYNTHETIC_COMMITTED_QUOTE,RPO-NIFTY50_VOL_0.5Y-031,True,SYNTHETIC_RFET_EVIDENCE,Synthetic transaction or committed-quote event; not an observed public closing price
NIFTY50_VOL_0.5Y,2026-06-30,SYNTHETIC_COMMITTED_QUOTE,RPO-NIFTY50_VOL_0.5Y-032,True,SYNTHETIC_RFET_EVIDENCE,Synthetic transaction or committed-quote event; not an observed public closing price
NIFTY50_VOL_1.0Y,2025-07-01,SYNTHETIC_COMMITTED_QUOTE,RPO-NIFTY50_VOL_1.0Y-001,True,SYNTHETIC_RFET_EVIDENCE,Synthetic transaction or committed-quote event; not an observed public closing price
NIFTY50_VOL_1.0Y,2025-07-11,SYNTHETIC_COMMITTED_QUOTE,RPO-NIFTY50_VOL_1.0Y-002,True,SYNTHETIC_RFET_EVIDENCE,Synthetic transaction or committed-quote event; not an observed public closing price
NIFTY50_VOL_1.0Y,2025-07-23,SYNTHETIC_COMMITTED_QUOTE,RPO-NIFTY50_VOL_1.0Y-003,True,SYNTHETIC_RFET_EVIDENCE,Synthetic transaction or committed-quote event; not an observed public closing price
NIFTY50_VOL_1.0Y,2025-08-05,SYNTHETIC_COMMITTED_QUOTE,RPO-NIFTY50_VOL_1.0Y-004,True,SYNTHETIC_RFET_EVIDENCE,Synthetic transaction or committed-quote event; not an observed public closing price
NIFTY50_VOL_1.0Y,2025-08-15,SYNTHETIC_COMMITTED_QUOTE,RPO-NIFTY50_VOL_1.0Y-005,True,SYNTHETIC_RFET_EVIDENCE,Synthetic transaction or committed-quote event; not an observed public closing price
NIFTY50_VOL_1.0Y,2025-08-27,SYNTHETIC_COMMITTED_QUOTE,RPO-NIFTY50_VOL_1.0Y-006,True,SYNTHETIC_RFET_EVIDENCE,Synthetic transaction or committed-quote event; not an observed public closing price
NIFTY50_VOL_1.0Y,2025-09-09,SYNTHETIC_COMMITTED_QUOTE,RPO-NIFTY50_VOL_1.0Y-007,True,SYNTHETIC_RFET_EVIDENCE,Synthetic transaction or committed-quote event; not an observed public closing price
NIFTY50_VOL_1.0Y,2025-09-19,SYNTHETIC_COMMITTED_QUOTE,RPO-NIFTY50_VOL_1.0Y-008,True,SYNTHETIC_RFET_EVIDENCE,Synthetic transaction or committed-quote event; not an observed public closing price
NIFTY50_VOL_1.0Y,2025-10-02,SYNTHETIC_COMMITTED_QUOTE,RPO-NIFTY50_VOL_1.0Y-009,True,SYNTHETIC_RFET_EVIDENCE,Synthetic transaction or committed-quote event; not an observed public closing price
NIFTY50_VOL_1.0Y,2025-10-14,SYNTHETIC_COMMITTED_QUOTE,RPO-NIFTY50_VOL_1.0Y-010,True,SYNTHETIC_RFET_EVIDENCE,Synthetic transaction or committed-quote event; not an observed public closing price
NIFTY50_VOL_1.0Y,2025-10-24,SYNTHETIC_COMMITTED_QUOTE,RPO-NIFTY50_VOL_1.0Y-011,True,SYNTHETIC_RFET_EVIDENCE,Synthetic transaction or committed-quote event; not an observed public closing price
NIFTY50_VOL_1.0Y,2025-11-06,SYNTHETIC_COMMITTED_QUOTE,RPO-NIFTY50_VOL_1.0Y-012,True,SYNTHETIC_RFET_EVIDENCE,Synthetic transaction or committed-quote event; not an observed public closing price
NIFTY50_VOL_1.0Y,2025-11-18,SYNTHETIC_COMMITTED_QUOTE,RPO-NIFTY50_VOL_1.0Y-013,True,SYNTHETIC_RFET_EVIDENCE,Synthetic transaction or committed-quote event; not an observed public closing price
NIFTY50_VOL_1.0Y,2025-12-01,SYNTHETIC_COMMITTED_QUOTE,RPO-NIFTY50_VOL_1.0Y-014,True,SYNTHETIC_RFET_EVIDENCE,Synthetic transaction or committed-quote event; not an observed public closing price
NIFTY50_VOL_1.0Y,2025-12-11,SYNTHETIC_COMMITTED_QUOTE,RPO-NIFTY50_VOL_1.0Y-015,True,SYNTHETIC_RFET_EVIDENCE,Synthetic transaction or committed-quote event; not an observed public closing price
NIFTY50_VOL_1.0Y,2025-12-23,SYNTHETIC_COMMITTED_QUOTE,RPO-NIFTY50_VOL_1.0Y-016,True,SYNTHETIC_RFET_EVIDENCE,Synthetic transaction or committed-quote event; not an observed public closing price
NIFTY50_VOL_1.0Y,2026-01-05,SYNTHETIC_COMMITTED_QUOTE,RPO-NIFTY50_VOL_1.0Y-017,True,SYNTHETIC_RFET_EVIDENCE,Synthetic transaction or committed-quote event; not an observed public closing price
NIFTY50_VOL_1.0Y,2026-01-15,SYNTHETIC_COMMITTED_QUOTE,RPO-NIFTY50_VOL_1.0Y-018,True,SYNTHETIC_RFET_EVIDENCE,Synthetic transaction or committed-quote event; not an observed public closing price
NIFTY50_VOL_1.0Y,2026-01-27,SYNTHETIC_COMMITTED_QUOTE,RPO-NIFTY50_VOL_1.0Y-019,True,SYNTHETIC_RFET_EVIDENCE,Synthetic transaction or committed-quote event; not an observed public closing price
NIFTY50_VOL_1.0Y,2026-02-09,SYNTHETIC_COMMITTED_QUOTE,RPO-NIFTY50_VOL_1.0Y-020,True,SYNTHETIC_RFET_EVIDENCE,Synthetic transaction or committed-quote event; not an observed public closing price
NIFTY50_VOL_1.0Y,2026-02-19,SYNTHETIC_COMMITTED_QUOTE,RPO-NIFTY50_VOL_1.0Y-021,True,SYNTHETIC_RFET_EVIDENCE,Synthetic transaction or committed-quote event; not an observed public closing price
NIFTY50_VOL_1.0Y,2026-03-04,SYNTHETIC_COMMITTED_QUOTE,RPO-NIFTY50_VOL_1.0Y-022,True,SYNTHETIC_RFET_EVIDENCE,Synthetic transaction or committed-quote event; not an observed public closing price
NIFTY50_VOL_1.0Y,2026-03-16,SYNTHETIC_COMMITTED_QUOTE,RPO-NIFTY50_VOL_1.0Y-023,True,SYNTHETIC_RFET_EVIDENCE,Synthetic transaction or committed-quote event; not an observed public closing price
NIFTY50_VOL_1.0Y,2026-03-26,SYNTHETIC_COMMITTED_QUOTE,RPO-NIFTY50_VOL_1.0Y-024,True,SYNTHETIC_RFET_EVIDENCE,Synthetic transaction or committed-quote event; not an observed public closing price
NIFTY50_VOL_1.0Y,2026-04-08,SYNTHETIC_COMMITTED_QUOTE,RPO-NIFTY50_VOL_1.0Y-025,True,SYNTHETIC_RFET_EVIDENCE,Synthetic transaction or committed-quote event; not an observed public closing price
NIFTY50_VOL_1.0Y,2026-04-20,SYNTHETIC_COMMITTED_QUOTE,RPO-NIFTY50_VOL_1.0Y-026,True,SYNTHETIC_RFET_EVIDENCE,Synthetic transaction or committed-quote event; not an observed public closing price
NIFTY50_VOL_1.0Y,2026-05-01,SYNTHETIC_COMMITTED_QUOTE,RPO-NIFTY50_VOL_1.0Y-027,True,SYNTHETIC_RFET_EVIDENCE,Synthetic transaction or committed-quote event; not an observed public closing price
NIFTY50_VOL_1.0Y,2026-05-13,SYNTHETIC_COMMITTED_QUOTE,RPO-NIFTY50_VOL_1.0Y-028,True,SYNTHETIC_RFET_EVIDENCE,Synthetic transaction or committed-quote event; not an observed public closing price
NIFTY50_VOL_1.0Y,2026-05-25,SYNTHETIC_COMMITTED_QUOTE,RPO-NIFTY50_VOL_1.0Y-029,True,SYNTHETIC_RFET_EVIDENCE,Synthetic transaction or committed-quote event; not an observed public closing price
NIFTY50_VOL_1.0Y,2026-06-05,SYNTHETIC_COMMITTED_QUOTE,RPO-NIFTY50_VOL_1.0Y-030,True,SYNTHETIC_RFET_EVIDENCE,Synthetic transaction or committed-quote event; not an observed public closing price
NIFTY50_VOL_1.0Y,2026-06-17,SYNTHETIC_COMMITTED_QUOTE,RPO-NIFTY50_VOL_1.0Y-031,True,SYNTHETIC_RFET_EVIDENCE,Synthetic transaction or committed-quote event; not an observed public closing price
NIFTY50_VOL_1.0Y,2026-06-30,SYNTHETIC_COMMITTED_QUOTE,RPO-NIFTY50_VOL_1.0Y-032,True,SYNTHETIC_RFET_EVIDENCE,Synthetic transaction or committed-quote event; not an observed public closing price
RELIANCE,2025-07-01,SYNTHETIC_ARM_LENGTH_TRANSACTION,RPO-RELIANCE-001,True,SYNTHETIC_RFET_EVIDENCE,Synthetic transaction or committed-quote event; not an observed public closing price
RELIANCE,2025-07-03,SYNTHETIC_ARM_LENGTH_TRANSACTION,RPO-RELIANCE-002,True,SYNTHETIC_RFET_EVIDENCE,Synthetic transaction or committed-quote event; not an observed public closing price
RELIANCE,2025-07-07,SYNTHETIC_ARM_LENGTH_TRANSACTION,RPO-RELIANCE-003,True,SYNTHETIC_RFET_EVIDENCE,Synthetic transaction or committed-quote event; not an observed public closing price
RELIANCE,2025-07-09,SYNTHETIC_ARM_LENGTH_TRANSACTION,RPO-RELIANCE-004,True,SYNTHETIC_RFET_EVIDENCE,Synthetic transaction or committed-quote event; not an observed public closing price
RELIANCE,2025-07-11,SYNTHETIC_ARM_LENGTH_TRANSACTION,RPO-RELIANCE-005,True,SYNTHETIC_RFET_EVIDENCE,Synthetic transaction or committed-quote event; not an observed public closing price
RELIANCE,2025-07-16,SYNTHETIC_ARM_LENGTH_TRANSACTION,RPO-RELIANCE-006,True,SYNTHETIC_RFET_EVIDENCE,Synthetic transaction or committed-quote event; not an observed public closing price
RELIANCE,2025-07-18,SYNTHETIC_ARM_LENGTH_TRANSACTION,RPO-RELIANCE-007,True,SYNTHETIC_RFET_EVIDENCE,Synthetic transaction or committed-quote event; not an observed public closing price
RELIANCE,2025-07-22,SYNTHETIC_ARM_LENGTH_TRANSACTION,RPO-RELIANCE-008,True,SYNTHETIC_RFET_EVIDENCE,Synthetic transaction or committed-quote event; not an observed public closing price
RELIANCE,2025-07-24,SYNTHETIC_ARM_LENGTH_TRANSACTION,RPO-RELIANCE-009,True,SYNTHETIC_RFET_EVIDENCE,Synthetic transaction or committed-quote event; not an observed public closing price
RELIANCE,2025-07-29,SYNTHETIC_ARM_LENGTH_TRANSACTION,RPO-RELIANCE-010,True,SYNTHETIC_RFET_EVIDENCE,Synthetic transaction or committed-quote event; not an observed public closing price
RELIANCE,2025-07-31,SYNTHETIC_ARM_LENGTH_TRANSACTION,RPO-RELIANCE-011,True,SYNTHETIC_RFET_EVIDENCE,Synthetic transaction or committed-quote event; not an observed public closing price
RELIANCE,2025-08-04,SYNTHETIC_ARM_LENGTH_TRANSACTION,RPO-RELIANCE-012,True,SYNTHETIC_RFET_EVIDENCE,Synthetic transaction or committed-quote event; not an observed public closing price
RELIANCE,2025-08-06,SYNTHETIC_ARM_LENGTH_TRANSACTION,RPO-RELIANCE-013,True,SYNTHETIC_RFET_EVIDENCE,Synthetic transaction or committed-quote event; not an observed public closing price
RELIANCE,2025-08-08,SYNTHETIC_ARM_LENGTH_TRANSACTION,RPO-RELIANCE-014,True,SYNTHETIC_RFET_EVIDENCE,Synthetic transaction or committed-quote event; not an observed public closing price
RELIANCE,2025-08-13,SYNTHETIC_ARM_LENGTH_TRANSACTION,RPO-RELIANCE-015,True,SYNTHETIC_RFET_EVIDENCE,Synthetic transaction or committed-quote event; not an observed public closing price
RELIANCE,2025-08-15,SYNTHETIC_ARM_LENGTH_TRANSACTION,RPO-RELIANCE-016,True,SYNTHETIC_RFET_EVIDENCE,Synthetic transaction or committed-quote event; not an observed public closing price
RELIANCE,2025-08-19,SYNTHETIC_ARM_LENGTH_TRANSACTION,RPO-RELIANCE-017,True,SYNTHETIC_RFET_EVIDENCE,Synthetic transaction or committed-quote event; not an observed public closing price
RELIANCE,2025-08-21,SYNTHETIC_ARM_LENGTH_TRANSACTION,RPO-RELIANCE-018,True,SYNTHETIC_RFET_EVIDENCE,Synthetic transaction or committed-quote event; not an observed public closing price
RELIANCE,2025-08-26,SYNTHETIC_ARM_LENGTH_TRANSACTION,RPO-RELIANCE-019,True,SYNTHETIC_RFET_EVIDENCE,Synthetic transaction or committed-quote event; not an observed public closing price
RELIANCE,2025-08-28,SYNTHETIC_ARM_LENGTH_TRANSACTION,RPO-RELIANCE-020,True,SYNTHETIC_RFET_EVIDENCE,Synthetic transaction or committed-quote event; not an observed public closing price
RELIANCE,2025-09-01,SYNTHETIC_ARM_LENGTH_TRANSACTION,RPO-RELIANCE-021,True,SYNTHETIC_RFET_EVIDENCE,Synthetic transaction or committed-quote event; not an observed public closing price
RELIANCE,2025-09-03,SYNTHETIC_ARM_LENGTH_TRANSACTION,RPO-RELIANCE-022,True,SYNTHETIC_RFET_EVIDENCE,Synthetic transaction or committed-quote event; not an observed public closing price
RELIANCE,2025-09-05,SYNTHETIC_ARM_LENGTH_TRANSACTION,RPO-RELIANCE-023,True,SYNTHETIC_RFET_EVIDENCE,Synthetic transaction or committed-quote event; not an observed public closing price
RELIANCE,2025-09-10,SYNTHETIC_ARM_LENGTH_TRANSACTION,RPO-RELIANCE-024,True,SYNTHETIC_RFET_EVIDENCE,Synthetic transaction or committed-quote event; not an observed public closing price
RELIANCE,2025-09-12,SYNTHETIC_ARM_LENGTH_TRANSACTION,RPO-RELIANCE-025,True,SYNTHETIC_RFET_EVIDENCE,Synthetic transaction or committed-quote event; not an observed public closing price
RELIANCE,2025-09-16,SYNTHETIC_ARM_LENGTH_TRANSACTION,RPO-RELIANCE-026,True,SYNTHETIC_RFET_EVIDENCE,Synthetic transaction or committed-quote event; not an observed public closing price
RELIANCE,2025-09-18,SYNTHETIC_ARM_LENGTH_TRANSACTION,RPO-RELIANCE-027,True,SYNTHETIC_RFET_EVIDENCE,Synthetic transaction or committed-quote event; not an observed public closing price
RELIANCE,2025-09-23,SYNTHETIC_ARM_LENGTH_TRANSACTION,RPO-RELIANCE-028,True,SYNTHETIC_RFET_EVIDENCE,Synthetic transaction or committed-quote event; not an observed public closing price
RELIANCE,2025-09-25,SYNTHETIC_ARM_LENGTH_TRANSACTION,RPO-RELIANCE-029,True,SYNTHETIC_RFET_EVIDENCE,Synthetic transaction or committed-quote event; not an observed public closing price
RELIANCE,2025-09-29,SYNTHETIC_ARM_LENGTH_TRANSACTION,RPO-RELIANCE-030,True,SYNTHETIC_RFET_EVIDENCE,Synthetic transaction or committed-quote event; not an observed public closing price
RELIANCE,2025-10-01,SYNTHETIC_ARM_LENGTH_TRANSACTION,RPO-RELIANCE-031,True,SYNTHETIC_RFET_EVIDENCE,Synthetic transaction or committed-quote event; not an observed public closing price
RELIANCE,2025-10-03,SYNTHETIC_ARM_LENGTH_TRANSACTION,RPO-RELIANCE-032,True,SYNTHETIC_RFET_EVIDENCE,Synthetic transaction or committed-quote event; not an observed public closing price
RELIANCE,2025-10-08,SYNTHETIC_ARM_LENGTH_TRANSACTION,RPO-RELIANCE-033,True,SYNTHETIC_RFET_EVIDENCE,Synthetic transaction or committed-quote event; not an observed public closing price
RELIANCE,2025-10-10,SYNTHETIC_ARM_LENGTH_TRANSACTION,RPO-RELIANCE-034,True,SYNTHETIC_RFET_EVIDENCE,Synthetic transaction or committed-quote event; not an observed public closing price
RELIANCE,2025-10-14,SYNTHETIC_ARM_LENGTH_TRANSACTION,RPO-RELIANCE-035,True,SYNTHETIC_RFET_EVIDENCE,Synthetic transaction or committed-quote event; not an observed public closing price
RELIANCE,2025-10-16,SYNTHETIC_ARM_LENGTH_TRANSACTION,RPO-RELIANCE-036,True,SYNTHETIC_RFET_EVIDENCE,Synthetic transaction or committed-quote event; not an observed public closing price
RELIANCE,2025-10-21,SYNTHETIC_ARM_LENGTH_TRANSACTION,RPO-RELIANCE-037,True,SYNTHETIC_RFET_EVIDENCE,Synthetic transaction or committed-quote event; not an observed public closing price
RELIANCE,2025-10-23,SYNTHETIC_ARM_LENGTH_TRANSACTION,RPO-RELIANCE-038,True,SYNTHETIC_RFET_EVIDENCE,Synthetic transaction or committed-quote event; not an observed public closing price
RELIANCE,2025-10-27,SYNTHETIC_ARM_LENGTH_TRANSACTION,RPO-RELIANCE-039,True,SYNTHETIC_RFET_EVIDENCE,Synthetic transaction or committed-quote event; not an observed public closing price
RELIANCE,2025-10-29,SYNTHETIC_ARM_LENGTH_TRANSACTION,RPO-RELIANCE-040,True,SYNTHETIC_RFET_EVIDENCE,Synthetic transaction or committed-quote event; not an observed public closing price
RELIANCE,2025-10-31,SYNTHETIC_ARM_LENGTH_TRANSACTION,RPO-RELIANCE-041,True,SYNTHETIC_RFET_EVIDENCE,Synthetic transaction or committed-quote event; not an observed public closing price
RELIANCE,2025-11-05,SYNTHETIC_ARM_LENGTH_TRANSACTION,RPO-RELIANCE-042,True,SYNTHETIC_RFET_EVIDENCE,Synthetic transaction or committed-quote event; not an observed public closing price
RELIANCE,2025-11-07,SYNTHETIC_ARM_LENGTH_TRANSACTION,RPO-RELIANCE-043,True,SYNTHETIC_RFET_EVIDENCE,Synthetic transaction or committed-quote event; not an observed public closing price
RELIANCE,2025-11-11,SYNTHETIC_ARM_LENGTH_TRANSACTION,RPO-RELIANCE-044,True,SYNTHETIC_RFET_EVIDENCE,Synthetic transaction or committed-quote event; not an observed public closing price
RELIANCE,2025-11-13,SYNTHETIC_ARM_LENGTH_TRANSACTION,RPO-RELIANCE-045,True,SYNTHETIC_RFET_EVIDENCE,Synthetic transaction or committed-quote event; not an observed public closing price
RELIANCE,2025-11-18,SYNTHETIC_ARM_LENGTH_TRANSACTION,RPO-RELIANCE-046,True,SYNTHETIC_RFET_EVIDENCE,Synthetic transaction or committed-quote event; not an observed public closing price
RELIANCE,2025-11-20,SYNTHETIC_ARM_LENGTH_TRANSACTION,RPO-RELIANCE-047,True,SYNTHETIC_RFET_EVIDENCE,Synthetic transaction or committed-quote event; not an observed public closing price
RELIANCE,2025-11-24,SYNTHETIC_ARM_LENGTH_TRANSACTION,RPO-RELIANCE-048,True,SYNTHETIC_RFET_EVIDENCE,Synthetic transaction or committed-quote event; not an observed public closing price
RELIANCE,2025-11-26,SYNTHETIC_ARM_LENGTH_TRANSACTION,RPO-RELIANCE-049,True,SYNTHETIC_RFET_EVIDENCE,Synthetic transaction or committed-quote event; not an observed public closing price
RELIANCE,2025-11-28,SYNTHETIC_ARM_LENGTH_TRANSACTION,RPO-RELIANCE-050,True,SYNTHETIC_RFET_EVIDENCE,Synthetic transaction or committed-quote event; not an observed public closing price
RELIANCE,2025-12-03,SYNTHETIC_ARM_LENGTH_TRANSACTION,RPO-RELIANCE-051,True,SYNTHETIC_RFET_EVIDENCE,Synthetic transaction or committed-quote event; not an observed public closing price
RELIANCE,2025-12-05,SYNTHETIC_ARM_LENGTH_TRANSACTION,RPO-RELIANCE-052,True,SYNTHETIC_RFET_EVIDENCE,Synthetic transaction or committed-quote event; not an observed public closing price
RELIANCE,2025-12-09,SYNTHETIC_ARM_LENGTH_TRANSACTION,RPO-RELIANCE-053,True,SYNTHETIC_RFET_EVIDENCE,Synthetic transaction or committed-quote event; not an observed public closing price
RELIANCE,2025-12-11,SYNTHETIC_ARM_LENGTH_TRANSACTION,RPO-RELIANCE-054,True,SYNTHETIC_RFET_EVIDENCE,Synthetic transaction or committed-quote event; not an observed public closing price
RELIANCE,2025-12-16,SYNTHETIC_ARM_LENGTH_TRANSACTION,RPO-RELIANCE-055,True,SYNTHETIC_RFET_EVIDENCE,Synthetic transaction or committed-quote event; not an observed public closing price
RELIANCE,2025-12-18,SYNTHETIC_ARM_LENGTH_TRANSACTION,RPO-RELIANCE-056,True,SYNTHETIC_RFET_EVIDENCE,Synthetic transaction or committed-quote event; not an observed public closing price
RELIANCE,2025-12-22,SYNTHETIC_ARM_LENGTH_TRANSACTION,RPO-RELIANCE-057,True,SYNTHETIC_RFET_EVIDENCE,Synthetic transaction or committed-quote event; not an observed public closing price
RELIANCE,2025-12-24,SYNTHETIC_ARM_LENGTH_TRANSACTION,RPO-RELIANCE-058,True,SYNTHETIC_RFET_EVIDENCE,Synthetic transaction or committed-quote event; not an observed public closing price
RELIANCE,2025-12-26,SYNTHETIC_ARM_LENGTH_TRANSACTION,RPO-RELIANCE-059,True,SYNTHETIC_RFET_EVIDENCE,Synthetic transaction or committed-quote event; not an observed public closing price
RELIANCE,2025-12-31,SYNTHETIC_ARM_LENGTH_TRANSACTION,RPO-RELIANCE-060,True,SYNTHETIC_RFET_EVIDENCE,Synthetic transaction or committed-quote event; not an observed public closing price
RELIANCE,2026-01-02,SYNTHETIC_ARM_LENGTH_TRANSACTION,RPO-RELIANCE-061,True,SYNTHETIC_RFET_EVIDENCE,Synthetic transaction or committed-quote event; not an observed public closing price
RELIANCE,2026-01-06,SYNTHETIC_ARM_LENGTH_TRANSACTION,RPO-RELIANCE-062,True,SYNTHETIC_RFET_EVIDENCE,Synthetic transaction or committed-quote event; not an observed public closing price
RELIANCE,2026-01-08,SYNTHETIC_ARM_LENGTH_TRANSACTION,RPO-RELIANCE-063,True,SYNTHETIC_RFET_EVIDENCE,Synthetic transaction or committed-quote event; not an observed public closing price
RELIANCE,2026-01-13,SYNTHETIC_ARM_LENGTH_TRANSACTION,RPO-RELIANCE-064,True,SYNTHETIC_RFET_EVIDENCE,Synthetic transaction or committed-quote event; not an observed public closing price
RELIANCE,2026-01-15,SYNTHETIC_ARM_LENGTH_TRANSACTION,RPO-RELIANCE-065,True,SYNTHETIC_RFET_EVIDENCE,Synthetic transaction or committed-quote event; not an observed public closing price
RELIANCE,2026-01-19,SYNTHETIC_ARM_LENGTH_TRANSACTION,RPO-RELIANCE-066,True,SYNTHETIC_RFET_EVIDENCE,Synthetic transaction or committed-quote event; not an observed public closing price
RELIANCE,2026-01-21,SYNTHETIC_ARM_LENGTH_TRANSACTION,RPO-RELIANCE-067,True,SYNTHETIC_RFET_EVIDENCE,Synthetic transaction or committed-quote event; not an observed public closing price
RELIANCE,2026-01-23,SYNTHETIC_ARM_LENGTH_TRANSACTION,RPO-RELIANCE-068,True,SYNTHETIC_RFET_EVIDENCE,Synthetic transaction or committed-quote event; not an observed public closing price
RELIANCE,2026-01-28,SYNTHETIC_ARM_LENGTH_TRANSACTION,RPO-RELIANCE-069,True,SYNTHETIC_RFET_EVIDENCE,Synthetic transaction or committed-quote event; not an observed public closing price
RELIANCE,2026-01-30,SYNTHETIC_ARM_LENGTH_TRANSACTION,RPO-RELIANCE-070,True,SYNTHETIC_RFET_EVIDENCE,Synthetic transaction or committed-quote event; not an observed public closing price
RELIANCE,2026-02-03,SYNTHETIC_ARM_LENGTH_TRANSACTION,RPO-RELIANCE-071,True,SYNTHETIC_RFET_EVIDENCE,Synthetic transaction or committed-quote event; not an observed public closing price
RELIANCE,2026-02-05,SYNTHETIC_ARM_LENGTH_TRANSACTION,RPO-RELIANCE-072,True,SYNTHETIC_RFET_EVIDENCE,Synthetic transaction or committed-quote event; not an observed public closing price
RELIANCE,2026-02-10,SYNTHETIC_ARM_LENGTH_TRANSACTION,RPO-RELIANCE-073,True,SYNTHETIC_RFET_EVIDENCE,Synthetic transaction or committed-quote event; not an observed public closing price
RELIANCE,2026-02-12,SYNTHETIC_ARM_LENGTH_TRANSACTION,RPO-RELIANCE-074,True,SYNTHETIC_RFET_EVIDENCE,Synthetic transaction or committed-quote event; not an observed public closing price
RELIANCE,2026-02-16,SYNTHETIC_ARM_LENGTH_TRANSACTION,RPO-RELIANCE-075,True,SYNTHETIC_RFET_EVIDENCE,Synthetic transaction or committed-quote event; not an observed public closing price
RELIANCE,2026-02-18,SYNTHETIC_ARM_LENGTH_TRANSACTION,RPO-RELIANCE-076,True,SYNTHETIC_RFET_EVIDENCE,Synthetic transaction or committed-quote event; not an observed public closing price
RELIANCE,2026-02-20,SYNTHETIC_ARM_LENGTH_TRANSACTION,RPO-RELIANCE-077,True,SYNTHETIC_RFET_EVIDENCE,Synthetic transaction or committed-quote event; not an observed public closing price
RELIANCE,2026-02-25,SYNTHETIC_ARM_LENGTH_TRANSACTION,RPO-RELIANCE-078,True,SYNTHETIC_RFET_EVIDENCE,Synthetic transaction or committed-quote event; not an observed public closing price
RELIANCE,2026-02-27,SYNTHETIC_ARM_LENGTH_TRANSACTION,RPO-RELIANCE-079,True,SYNTHETIC_RFET_EVIDENCE,Synthetic transaction or committed-quote event; not an observed public closing price
RELIANCE,2026-03-03,SYNTHETIC_ARM_LENGTH_TRANSACTION,RPO-RELIANCE-080,True,SYNTHETIC_RFET_EVIDENCE,Synthetic transaction or committed-quote event; not an observed public closing price
RELIANCE,2026-03-05,SYNTHETIC_ARM_LENGTH_TRANSACTION,RPO-RELIANCE-081,True,SYNTHETIC_RFET_EVIDENCE,Synthetic transaction or committed-quote event; not an observed public closing price
RELIANCE,2026-03-10,SYNTHETIC_ARM_LENGTH_TRANSACTION,RPO-RELIANCE-082,True,SYNTHETIC_RFET_EVIDENCE,Synthetic transaction or committed-quote event; not an observed public closing price
RELIANCE,2026-03-12,SYNTHETIC_ARM_LENGTH_TRANSACTION,RPO-RELIANCE-083,True,SYNTHETIC_RFET_EVIDENCE,Synthetic transaction or committed-quote event; not an observed public closing price
RELIANCE,2026-03-16,SYNTHETIC_ARM_LENGTH_TRANSACTION,RPO-RELIANCE-084,True,SYNTHETIC_RFET_EVIDENCE,Synthetic transaction or committed-quote event; not an observed public closing price
RELIANCE,2026-03-18,SYNTHETIC_ARM_LENGTH_TRANSACTION,RPO-RELIANCE-085,True,SYNTHETIC_RFET_EVIDENCE,Synthetic transaction or committed-quote event; not an observed public closing price
RELIANCE,2026-03-20,SYNTHETIC_ARM_LENGTH_TRANSACTION,RPO-RELIANCE-086,True,SYNTHETIC_RFET_EVIDENCE,Synthetic transaction or committed-quote event; not an observed public closing price
RELIANCE,2026-03-25,SYNTHETIC_ARM_LENGTH_TRANSACTION,RPO-RELIANCE-087,True,SYNTHETIC_RFET_EVIDENCE,Synthetic transaction or committed-quote event; not an observed public closing price
RELIANCE,2026-03-27,SYNTHETIC_ARM_LENGTH_TRANSACTION,RPO-RELIANCE-088,True,SYNTHETIC_RFET_EVIDENCE,Synthetic transaction or committed-quote event; not an observed public closing price
RELIANCE,2026-03-31,SYNTHETIC_ARM_LENGTH_TRANSACTION,RPO-RELIANCE-089,True,SYNTHETIC_RFET_EVIDENCE,Synthetic transaction or committed-quote event; not an observed public closing price
RELIANCE,2026-04-02,SYNTHETIC_ARM_LENGTH_TRANSACTION,RPO-RELIANCE-090,True,SYNTHETIC_RFET_EVIDENCE,Synthetic transaction or committed-quote event; not an observed public closing price
RELIANCE,2026-04-07,SYNTHETIC_ARM_LENGTH_TRANSACTION,RPO-RELIANCE-091,True,SYNTHETIC_RFET_EVIDENCE,Synthetic transaction or committed-quote event; not an observed public closing price
RELIANCE,2026-04-09,SYNTHETIC_ARM_LENGTH_TRANSACTION,RPO-RELIANCE-092,True,SYNTHETIC_RFET_EVIDENCE,Synthetic transaction or committed-quote event; not an observed public closing price
RELIANCE,2026-04-13,SYNTHETIC_ARM_LENGTH_TRANSACTION,RPO-RELIANCE-093,True,SYNTHETIC_RFET_EVIDENCE,Synthetic transaction or committed-quote event; not an observed public closing price
RELIANCE,2026-04-15,SYNTHETIC_ARM_LENGTH_TRANSACTION,RPO-RELIANCE-094,True,SYNTHETIC_RFET_EVIDENCE,Synthetic transaction or committed-quote event; not an observed public closing price
RELIANCE,2026-04-17,SYNTHETIC_ARM_LENGTH_TRANSACTION,RPO-RELIANCE-095,True,SYNTHETIC_RFET_EVIDENCE,Synthetic transaction or committed-quote event; not an observed public closing price
RELIANCE,2026-04-22,SYNTHETIC_ARM_LENGTH_TRANSACTION,RPO-RELIANCE-096,True,SYNTHETIC_RFET_EVIDENCE,Synthetic transaction or committed-quote event; not an observed public closing price
RELIANCE,2026-04-24,SYNTHETIC_ARM_LENGTH_TRANSACTION,RPO-RELIANCE-097,True,SYNTHETIC_RFET_EVIDENCE,Synthetic transaction or committed-quote event; not an observed public closing price
RELIANCE,2026-04-28,SYNTHETIC_ARM_LENGTH_TRANSACTION,RPO-RELIANCE-098,True,SYNTHETIC_RFET_EVIDENCE,Synthetic transaction or committed-quote event; not an observed public closing price
RELIANCE,2026-04-30,SYNTHETIC_ARM_LENGTH_TRANSACTION,RPO-RELIANCE-099,True,SYNTHETIC_RFET_EVIDENCE,Synthetic transaction or committed-quote event; not an observed public closing price
RELIANCE,2026-05-05,SYNTHETIC_ARM_LENGTH_TRANSACTION,RPO-RELIANCE-100,True,SYNTHETIC_RFET_EVIDENCE,Synthetic transaction or committed-quote event; not an observed public closing price
RELIANCE,2026-05-07,SYNTHETIC_ARM_LENGTH_TRANSACTION,RPO-RELIANCE-101,True,SYNTHETIC_RFET_EVIDENCE,Synthetic transaction or committed-quote event; not an observed public closing price
RELIANCE,2026-05-11,SYNTHETIC_ARM_LENGTH_TRANSACTION,RPO-RELIANCE-102,True,SYNTHETIC_RFET_EVIDENCE,Synthetic transaction or committed-quote event; not an observed public closing price
RELIANCE,2026-05-13,SYNTHETIC_ARM_LENGTH_TRANSACTION,RPO-RELIANCE-103,True,SYNTHETIC_RFET_EVIDENCE,Synthetic transaction or committed-quote event; not an observed public closing price
RELIANCE,2026-05-15,SYNTHETIC_ARM_LENGTH_TRANSACTION,RPO-RELIANCE-104,True,SYNTHETIC_RFET_EVIDENCE,Synthetic transaction or committed-quote event; not an observed public closing price
RELIANCE,2026-05-20,SYNTHETIC_ARM_LENGTH_TRANSACTION,RPO-RELIANCE-105,True,SYNTHETIC_RFET_EVIDENCE,Synthetic transaction or committed-quote event; not an observed public closing price
RELIANCE,2026-05-22,SYNTHETIC_ARM_LENGTH_TRANSACTION,RPO-RELIANCE-106,True,SYNTHETIC_RFET_EVIDENCE,Synthetic transaction or committed-quote event; not an observed public closing price
RELIANCE,2026-05-26,SYNTHETIC_ARM_LENGTH_TRANSACTION,RPO-RELIANCE-107,True,SYNTHETIC_RFET_EVIDENCE,Synthetic transaction or committed-quote event; not an observed public closing price
RELIANCE,2026-05-28,SYNTHETIC_ARM_LENGTH_TRANSACTION,RPO-RELIANCE-108,True,SYNTHETIC_RFET_EVIDENCE,Synthetic transaction or committed-quote event; not an observed public closing price
RELIANCE,2026-06-02,SYNTHETIC_ARM_LENGTH_TRANSACTION,RPO-RELIANCE-109,True,SYNTHETIC_RFET_EVIDENCE,Synthetic transaction or committed-quote event; not an observed public closing price
RELIANCE,2026-06-04,SYNTHETIC_ARM_LENGTH_TRANSACTION,RPO-RELIANCE-110,True,SYNTHETIC_RFET_EVIDENCE,Synthetic transaction or committed-quote event; not an observed public closing price
RELIANCE,2026-06-08,SYNTHETIC_ARM_LENGTH_TRANSACTION,RPO-RELIANCE-111,True,SYNTHETIC_RFET_EVIDENCE,Synthetic transaction or committed-quote event; not an observed public closing price
RELIANCE,2026-06-10,SYNTHETIC_ARM_LENGTH_TRANSACTION,RPO-RELIANCE-112,True,SYNTHETIC_RFET_EVIDENCE,Synthetic transaction or committed-quote event; not an observed public closing price
RELIANCE,2026-06-12,SYNTHETIC_ARM_LENGTH_TRANSACTION,RPO-RELIANCE-113,True,SYNTHETIC_RFET_EVIDENCE,Synthetic transaction or committed-quote event; not an observed public closing price
RELIANCE,2026-06-17,SYNTHETIC_ARM_LENGTH_TRANSACTION,RPO-RELIANCE-114,True,SYNTHETIC_RFET_EVIDENCE,Synthetic transaction or committed-quote event; not an observed public closing price
RELIANCE,2026-06-19,SYNTHETIC_ARM_LENGTH_TRANSACTION,RPO-RELIANCE-115,True,SYNTHETIC_RFET_EVIDENCE,Synthetic transaction or committed-quote event; not an observed public closing price
RELIANCE,2026-06-23,SYNTHETIC_ARM_LENGTH_TRANSACTION,RPO-RELIANCE-116,True,SYNTHETIC_RFET_EVIDENCE,Synthetic transaction or committed-quote event; not an observed public closing price
RELIANCE,2026-06-25,SYNTHETIC_ARM_LENGTH_TRANSACTION,RPO-RELIANCE-117,True,SYNTHETIC_RFET_EVIDENCE,Synthetic transaction or committed-quote event; not an observed public closing price
RELIANCE,2026-06-30,SYNTHETIC_ARM_LENGTH_TRANSACTION,RPO-RELIANCE-118,True,SYNTHETIC_RFET_EVIDENCE,Synthetic transaction or committed-quote event; not an observed public closing price
RELIANCE_VOL_0.5Y,2025-07-01,SYNTHETIC_COMMITTED_QUOTE,RPO-RELIANCE_VOL_0.5Y-001,True,SYNTHETIC_RFET_EVIDENCE,Synthetic transaction or committed-quote event; not an observed public closing price
RELIANCE_VOL_0.5Y,2025-07-11,SYNTHETIC_COMMITTED_QUOTE,RPO-RELIANCE_VOL_0.5Y-002,True,SYNTHETIC_RFET_EVIDENCE,Synthetic transaction or committed-quote event; not an observed public closing price
RELIANCE_VOL_0.5Y,2025-07-23,SYNTHETIC_COMMITTED_QUOTE,RPO-RELIANCE_VOL_0.5Y-003,True,SYNTHETIC_RFET_EVIDENCE,Synthetic transaction or committed-quote event; not an observed public closing price
RELIANCE_VOL_0.5Y,2025-08-05,SYNTHETIC_COMMITTED_QUOTE,RPO-RELIANCE_VOL_0.5Y-004,True,SYNTHETIC_RFET_EVIDENCE,Synthetic transaction or committed-quote event; not an observed public closing price
RELIANCE_VOL_0.5Y,2025-08-15,SYNTHETIC_COMMITTED_QUOTE,RPO-RELIANCE_VOL_0.5Y-005,True,SYNTHETIC_RFET_EVIDENCE,Synthetic transaction or committed-quote event; not an observed public closing price
RELIANCE_VOL_0.5Y,2025-08-27,SYNTHETIC_COMMITTED_QUOTE,RPO-RELIANCE_VOL_0.5Y-006,True,SYNTHETIC_RFET_EVIDENCE,Synthetic transaction or committed-quote event; not an observed public closing price
RELIANCE_VOL_0.5Y,2025-09-09,SYNTHETIC_COMMITTED_QUOTE,RPO-RELIANCE_VOL_0.5Y-007,True,SYNTHETIC_RFET_EVIDENCE,Synthetic transaction or committed-quote event; not an observed public closing price
RELIANCE_VOL_0.5Y,2025-09-19,SYNTHETIC_COMMITTED_QUOTE,RPO-RELIANCE_VOL_0.5Y-008,True,SYNTHETIC_RFET_EVIDENCE,Synthetic transaction or committed-quote event; not an observed public closing price
RELIANCE_VOL_0.5Y,2025-10-02,SYNTHETIC_COMMITTED_QUOTE,RPO-RELIANCE_VOL_0.5Y-009,True,SYNTHETIC_RFET_EVIDENCE,Synthetic transaction or committed-quote event; not an observed public closing price
RELIANCE_VOL_0.5Y,2025-10-14,SYNTHETIC_COMMITTED_QUOTE,RPO-RELIANCE_VOL_0.5Y-010,True,SYNTHETIC_RFET_EVIDENCE,Synthetic transaction or committed-quote event; not an observed public closing price
RELIANCE_VOL_0.5Y,2025-10-24,SYNTHETIC_COMMITTED_QUOTE,RPO-RELIANCE_VOL_0.5Y-011,True,SYNTHETIC_RFET_EVIDENCE,Synthetic transaction or committed-quote event; not an observed public closing price
RELIANCE_VOL_0.5Y,2025-11-06,SYNTHETIC_COMMITTED_QUOTE,RPO-RELIANCE_VOL_0.5Y-012,True,SYNTHETIC_RFET_EVIDENCE,Synthetic transaction or committed-quote event; not an observed public closing price
RELIANCE_VOL_0.5Y,2025-11-18,SYNTHETIC_COMMITTED_QUOTE,RPO-RELIANCE_VOL_0.5Y-013,True,SYNTHETIC_RFET_EVIDENCE,Synthetic transaction or committed-quote event; not an observed public closing price
RELIANCE_VOL_0.5Y,2025-12-01,SYNTHETIC_COMMITTED_QUOTE,RPO-RELIANCE_VOL_0.5Y-014,True,SYNTHETIC_RFET_EVIDENCE,Synthetic transaction or committed-quote event; not an observed public closing price
RELIANCE_VOL_0.5Y,2025-12-11,SYNTHETIC_COMMITTED_QUOTE,RPO-RELIANCE_VOL_0.5Y-015,True,SYNTHETIC_RFET_EVIDENCE,Synthetic transaction or committed-quote event; not an observed public closing price
RELIANCE_VOL_0.5Y,2025-12-23,SYNTHETIC_COMMITTED_QUOTE,RPO-RELIANCE_VOL_0.5Y-016,True,SYNTHETIC_RFET_EVIDENCE,Synthetic transaction or committed-quote event; not an observed public closing price
RELIANCE_VOL_0.5Y,2026-01-05,SYNTHETIC_COMMITTED_QUOTE,RPO-RELIANCE_VOL_0.5Y-017,True,SYNTHETIC_RFET_EVIDENCE,Synthetic transaction or committed-quote event; not an observed public closing price
RELIANCE_VOL_0.5Y,2026-01-15,SYNTHETIC_COMMITTED_QUOTE,RPO-RELIANCE_VOL_0.5Y-018,True,SYNTHETIC_RFET_EVIDENCE,Synthetic transaction or committed-quote event; not an observed public closing price
RELIANCE_VOL_0.5Y,2026-01-27,SYNTHETIC_COMMITTED_QUOTE,RPO-RELIANCE_VOL_0.5Y-019,True,SYNTHETIC_RFET_EVIDENCE,Synthetic transaction or committed-quote event; not an observed public closing price
RELIANCE_VOL_0.5Y,2026-02-09,SYNTHETIC_COMMITTED_QUOTE,RPO-RELIANCE_VOL_0.5Y-020,True,SYNTHETIC_RFET_EVIDENCE,Synthetic transaction or committed-quote event; not an observed public closing price
RELIANCE_VOL_0.5Y,2026-02-19,SYNTHETIC_COMMITTED_QUOTE,RPO-RELIANCE_VOL_0.5Y-021,True,SYNTHETIC_RFET_EVIDENCE,Synthetic transaction or committed-quote event; not an observed public closing price
RELIANCE_VOL_0.5Y,2026-03-04,SYNTHETIC_COMMITTED_QUOTE,RPO-RELIANCE_VOL_0.5Y-022,True,SYNTHETIC_RFET_EVIDENCE,Synthetic transaction or committed-quote event; not an observed public closing price
RELIANCE_VOL_0.5Y,2026-03-16,SYNTHETIC_COMMITTED_QUOTE,RPO-RELIANCE_VOL_0.5Y-023,True,SYNTHETIC_RFET_EVIDENCE,Synthetic transaction or committed-quote event; not an observed public closing price
RELIANCE_VOL_0.5Y,2026-03-26,SYNTHETIC_COMMITTED_QUOTE,RPO-RELIANCE_VOL_0.5Y-024,True,SYNTHETIC_RFET_EVIDENCE,Synthetic transaction or committed-quote event; not an observed public closing price
RELIANCE_VOL_0.5Y,2026-04-08,SYNTHETIC_COMMITTED_QUOTE,RPO-RELIANCE_VOL_0.5Y-025,True,SYNTHETIC_RFET_EVIDENCE,Synthetic transaction or committed-quote event; not an observed public closing price
RELIANCE_VOL_0.5Y,2026-04-20,SYNTHETIC_COMMITTED_QUOTE,RPO-RELIANCE_VOL_0.5Y-026,True,SYNTHETIC_RFET_EVIDENCE,Synthetic transaction or committed-quote event; not an observed public closing price
RELIANCE_VOL_0.5Y,2026-05-01,SYNTHETIC_COMMITTED_QUOTE,RPO-RELIANCE_VOL_0.5Y-027,True,SYNTHETIC_RFET_EVIDENCE,Synthetic transaction or committed-quote event; not an observed public closing price
RELIANCE_VOL_0.5Y,2026-05-13,SYNTHETIC_COMMITTED_QUOTE,RPO-RELIANCE_VOL_0.5Y-028,True,SYNTHETIC_RFET_EVIDENCE,Synthetic transaction or committed-quote event; not an observed public closing price
RELIANCE_VOL_0.5Y,2026-05-25,SYNTHETIC_COMMITTED_QUOTE,RPO-RELIANCE_VOL_0.5Y-029,True,SYNTHETIC_RFET_EVIDENCE,Synthetic transaction or committed-quote event; not an observed public closing price
RELIANCE_VOL_0.5Y,2026-06-05,SYNTHETIC_COMMITTED_QUOTE,RPO-RELIANCE_VOL_0.5Y-030,True,SYNTHETIC_RFET_EVIDENCE,Synthetic transaction or committed-quote event; not an observed public closing price
RELIANCE_VOL_0.5Y,2026-06-17,SYNTHETIC_COMMITTED_QUOTE,RPO-RELIANCE_VOL_0.5Y-031,True,SYNTHETIC_RFET_EVIDENCE,Synthetic transaction or committed-quote event; not an observed public closing price
RELIANCE_VOL_0.5Y,2026-06-30,SYNTHETIC_COMMITTED_QUOTE,RPO-RELIANCE_VOL_0.5Y-032,True,SYNTHETIC_RFET_EVIDENCE,Synthetic transaction or committed-quote event; not an observed public closing price
RMBS_PRIME_2026_3.0Y,2025-07-03,SYNTHETIC_ARM_LENGTH_TRANSACTION,RPO-RMBS_PRIME_2026_3.0Y-001,True,SYNTHETIC_RFET_EVIDENCE,Synthetic transaction or committed-quote event; not an observed public closing price
RMBS_PRIME_2026_3.0Y,2025-07-14,SYNTHETIC_ARM_LENGTH_TRANSACTION,RPO-RMBS_PRIME_2026_3.0Y-002,True,SYNTHETIC_RFET_EVIDENCE,Synthetic transaction or committed-quote event; not an observed public closing price
RMBS_PRIME_2026_3.0Y,2025-07-21,SYNTHETIC_ARM_LENGTH_TRANSACTION,RPO-RMBS_PRIME_2026_3.0Y-003,True,SYNTHETIC_RFET_EVIDENCE,Synthetic transaction or committed-quote event; not an observed public closing price
RMBS_PRIME_2026_3.0Y,2025-07-22,SYNTHETIC_ARM_LENGTH_TRANSACTION,RPO-RMBS_PRIME_2026_3.0Y-004,True,SYNTHETIC_RFET_EVIDENCE,Synthetic transaction or committed-quote event; not an observed public closing price
RMBS_PRIME_2026_3.0Y,2025-07-29,SYNTHETIC_ARM_LENGTH_TRANSACTION,RPO-RMBS_PRIME_2026_3.0Y-005,True,SYNTHETIC_RFET_EVIDENCE,Synthetic transaction or committed-quote event; not an observed public closing price
RMBS_PRIME_2026_3.0Y,2025-08-04,SYNTHETIC_ARM_LENGTH_TRANSACTION,RPO-RMBS_PRIME_2026_3.0Y-006,True,SYNTHETIC_RFET_EVIDENCE,Synthetic transaction or committed-quote event; not an observed public closing price
RMBS_PRIME_2026_3.0Y,2025-08-06,SYNTHETIC_ARM_LENGTH_TRANSACTION,RPO-RMBS_PRIME_2026_3.0Y-007,True,SYNTHETIC_RFET_EVIDENCE,Synthetic transaction or committed-quote event; not an observed public closing price
RMBS_PRIME_2026_3.0Y,2025-08-28,SYNTHETIC_ARM_LENGTH_TRANSACTION,RPO-RMBS_PRIME_2026_3.0Y-008,True,SYNTHETIC_RFET_EVIDENCE,Synthetic transaction or committed-quote event; not an observed public closing price
RMBS_PRIME_2026_3.0Y,2025-09-18,SYNTHETIC_ARM_LENGTH_TRANSACTION,RPO-RMBS_PRIME_2026_3.0Y-009,True,SYNTHETIC_RFET_EVIDENCE,Synthetic transaction or committed-quote event; not an observed public closing price
RMBS_PRIME_2026_3.0Y,2025-10-14,SYNTHETIC_ARM_LENGTH_TRANSACTION,RPO-RMBS_PRIME_2026_3.0Y-010,True,SYNTHETIC_RFET_EVIDENCE,Synthetic transaction or committed-quote event; not an observed public closing price
RMBS_PRIME_2026_3.0Y,2025-11-07,SYNTHETIC_ARM_LENGTH_TRANSACTION,RPO-RMBS_PRIME_2026_3.0Y-011,True,SYNTHETIC_RFET_EVIDENCE,Synthetic transaction or committed-quote event; not an observed public closing price
RMBS_PRIME_2026_3.0Y,2025-11-13,SYNTHETIC_ARM_LENGTH_TRANSACTION,RPO-RMBS_PRIME_2026_3.0Y-012,True,SYNTHETIC_RFET_EVIDENCE,Synthetic transaction or committed-quote event; not an observed public closing price
RMBS_PRIME_2026_3.0Y,2025-11-19,SYNTHETIC_ARM_LENGTH_TRANSACTION,RPO-RMBS_PRIME_2026_3.0Y-013,True,SYNTHETIC_RFET_EVIDENCE,Synthetic transaction or committed-quote event; not an observed public closing price
RMBS_PRIME_2026_3.0Y,2025-12-15,SYNTHETIC_ARM_LENGTH_TRANSACTION,RPO-RMBS_PRIME_2026_3.0Y-014,True,SYNTHETIC_RFET_EVIDENCE,Synthetic transaction or committed-quote event; not an observed public closing price
RMBS_PRIME_2026_5.0Y,2025-07-10,SYNTHETIC_ARM_LENGTH_TRANSACTION,RPO-RMBS_PRIME_2026_5.0Y-001,True,SYNTHETIC_RFET_EVIDENCE,Synthetic transaction or committed-quote event; not an observed public closing price
RMBS_PRIME_2026_5.0Y,2025-07-16,SYNTHETIC_ARM_LENGTH_TRANSACTION,RPO-RMBS_PRIME_2026_5.0Y-002,True,SYNTHETIC_RFET_EVIDENCE,Synthetic transaction or committed-quote event; not an observed public closing price
RMBS_PRIME_2026_5.0Y,2025-07-21,SYNTHETIC_ARM_LENGTH_TRANSACTION,RPO-RMBS_PRIME_2026_5.0Y-003,True,SYNTHETIC_RFET_EVIDENCE,Synthetic transaction or committed-quote event; not an observed public closing price
RMBS_PRIME_2026_5.0Y,2025-08-13,SYNTHETIC_ARM_LENGTH_TRANSACTION,RPO-RMBS_PRIME_2026_5.0Y-004,True,SYNTHETIC_RFET_EVIDENCE,Synthetic transaction or committed-quote event; not an observed public closing price
RMBS_PRIME_2026_5.0Y,2025-09-01,SYNTHETIC_ARM_LENGTH_TRANSACTION,RPO-RMBS_PRIME_2026_5.0Y-005,True,SYNTHETIC_RFET_EVIDENCE,Synthetic transaction or committed-quote event; not an observed public closing price
RMBS_PRIME_2026_5.0Y,2025-09-03,SYNTHETIC_ARM_LENGTH_TRANSACTION,RPO-RMBS_PRIME_2026_5.0Y-006,True,SYNTHETIC_RFET_EVIDENCE,Synthetic transaction or committed-quote event; not an observed public closing price
RMBS_PRIME_2026_5.0Y,2025-09-10,SYNTHETIC_ARM_LENGTH_TRANSACTION,RPO-RMBS_PRIME_2026_5.0Y-007,True,SYNTHETIC_RFET_EVIDENCE,Synthetic transaction or committed-quote event; not an observed public closing price
RMBS_PRIME_2026_5.0Y,2025-09-16,SYNTHETIC_ARM_LENGTH_TRANSACTION,RPO-RMBS_PRIME_2026_5.0Y-008,True,SYNTHETIC_RFET_EVIDENCE,Synthetic transaction or committed-quote event; not an observed public closing price
RMBS_PRIME_2026_5.0Y,2025-10-03,SYNTHETIC_ARM_LENGTH_TRANSACTION,RPO-RMBS_PRIME_2026_5.0Y-009,True,SYNTHETIC_RFET_EVIDENCE,Synthetic transaction or committed-quote event; not an observed public closing price
RMBS_PRIME_2026_5.0Y,2025-11-04,SYNTHETIC_ARM_LENGTH_TRANSACTION,RPO-RMBS_PRIME_2026_5.0Y-010,True,SYNTHETIC_RFET_EVIDENCE,Synthetic transaction or committed-quote event; not an observed public closing price
RMBS_PRIME_2026_5.0Y,2025-12-08,SYNTHETIC_ARM_LENGTH_TRANSACTION,RPO-RMBS_PRIME_2026_5.0Y-011,True,SYNTHETIC_RFET_EVIDENCE,Synthetic transaction or committed-quote event; not an observed public closing price
RMBS_PRIME_2026_5.0Y,2025-12-16,SYNTHETIC_ARM_LENGTH_TRANSACTION,RPO-RMBS_PRIME_2026_5.0Y-012,True,SYNTHETIC_RFET_EVIDENCE,Synthetic transaction or committed-quote event; not an observed public closing price
RMBS_PRIME_2026_5.0Y,2025-12-24,SYNTHETIC_ARM_LENGTH_TRANSACTION,RPO-RMBS_PRIME_2026_5.0Y-013,True,SYNTHETIC_RFET_EVIDENCE,Synthetic transaction or committed-quote event; not an observed public closing price
RMBS_PRIME_2026_5.0Y,2025-12-26,SYNTHETIC_ARM_LENGTH_TRANSACTION,RPO-RMBS_PRIME_2026_5.0Y-014,True,SYNTHETIC_RFET_EVIDENCE,Synthetic transaction or committed-quote event; not an observed public closing price
USDINR,2025-07-01,SYNTHETIC_ARM_LENGTH_TRANSACTION,RPO-USDINR-001,True,SYNTHETIC_RFET_EVIDENCE,Synthetic transaction or committed-quote event; not an observed public closing price
USDINR,2025-07-03,SYNTHETIC_ARM_LENGTH_TRANSACTION,RPO-USDINR-002,True,SYNTHETIC_RFET_EVIDENCE,Synthetic transaction or committed-quote event; not an observed public closing price
USDINR,2025-07-07,SYNTHETIC_ARM_LENGTH_TRANSACTION,RPO-USDINR-003,True,SYNTHETIC_RFET_EVIDENCE,Synthetic transaction or committed-quote event; not an observed public closing price
USDINR,2025-07-09,SYNTHETIC_ARM_LENGTH_TRANSACTION,RPO-USDINR-004,True,SYNTHETIC_RFET_EVIDENCE,Synthetic transaction or committed-quote event; not an observed public closing price
USDINR,2025-07-11,SYNTHETIC_ARM_LENGTH_TRANSACTION,RPO-USDINR-005,True,SYNTHETIC_RFET_EVIDENCE,Synthetic transaction or committed-quote event; not an observed public closing price
USDINR,2025-07-16,SYNTHETIC_ARM_LENGTH_TRANSACTION,RPO-USDINR-006,True,SYNTHETIC_RFET_EVIDENCE,Synthetic transaction or committed-quote event; not an observed public closing price
USDINR,2025-07-18,SYNTHETIC_ARM_LENGTH_TRANSACTION,RPO-USDINR-007,True,SYNTHETIC_RFET_EVIDENCE,Synthetic transaction or committed-quote event; not an observed public closing price
USDINR,2025-07-22,SYNTHETIC_ARM_LENGTH_TRANSACTION,RPO-USDINR-008,True,SYNTHETIC_RFET_EVIDENCE,Synthetic transaction or committed-quote event; not an observed public closing price
USDINR,2025-07-24,SYNTHETIC_ARM_LENGTH_TRANSACTION,RPO-USDINR-009,True,SYNTHETIC_RFET_EVIDENCE,Synthetic transaction or committed-quote event; not an observed public closing price
USDINR,2025-07-29,SYNTHETIC_ARM_LENGTH_TRANSACTION,RPO-USDINR-010,True,SYNTHETIC_RFET_EVIDENCE,Synthetic transaction or committed-quote event; not an observed public closing price
USDINR,2025-07-31,SYNTHETIC_ARM_LENGTH_TRANSACTION,RPO-USDINR-011,True,SYNTHETIC_RFET_EVIDENCE,Synthetic transaction or committed-quote event; not an observed public closing price
USDINR,2025-08-04,SYNTHETIC_ARM_LENGTH_TRANSACTION,RPO-USDINR-012,True,SYNTHETIC_RFET_EVIDENCE,Synthetic transaction or committed-quote event; not an observed public closing price
USDINR,2025-08-06,SYNTHETIC_ARM_LENGTH_TRANSACTION,RPO-USDINR-013,True,SYNTHETIC_RFET_EVIDENCE,Synthetic transaction or committed-quote event; not an observed public closing price
USDINR,2025-08-08,SYNTHETIC_ARM_LENGTH_TRANSACTION,RPO-USDINR-014,True,SYNTHETIC_RFET_EVIDENCE,Synthetic transaction or committed-quote event; not an observed public closing price
USDINR,2025-08-13,SYNTHETIC_ARM_LENGTH_TRANSACTION,RPO-USDINR-015,True,SYNTHETIC_RFET_EVIDENCE,Synthetic transaction or committed-quote event; not an observed public closing price
USDINR,2025-08-15,SYNTHETIC_ARM_LENGTH_TRANSACTION,RPO-USDINR-016,True,SYNTHETIC_RFET_EVIDENCE,Synthetic transaction or committed-quote event; not an observed public closing price
USDINR,2025-08-19,SYNTHETIC_ARM_LENGTH_TRANSACTION,RPO-USDINR-017,True,SYNTHETIC_RFET_EVIDENCE,Synthetic transaction or committed-quote event; not an observed public closing price
USDINR,2025-08-21,SYNTHETIC_ARM_LENGTH_TRANSACTION,RPO-USDINR-018,True,SYNTHETIC_RFET_EVIDENCE,Synthetic transaction or committed-quote event; not an observed public closing price
USDINR,2025-08-26,SYNTHETIC_ARM_LENGTH_TRANSACTION,RPO-USDINR-019,True,SYNTHETIC_RFET_EVIDENCE,Synthetic transaction or committed-quote event; not an observed public closing price
USDINR,2025-08-28,SYNTHETIC_ARM_LENGTH_TRANSACTION,RPO-USDINR-020,True,SYNTHETIC_RFET_EVIDENCE,Synthetic transaction or committed-quote event; not an observed public closing price
USDINR,2025-09-01,SYNTHETIC_ARM_LENGTH_TRANSACTION,RPO-USDINR-021,True,SYNTHETIC_RFET_EVIDENCE,Synthetic transaction or committed-quote event; not an observed public closing price
USDINR,2025-09-03,SYNTHETIC_ARM_LENGTH_TRANSACTION,RPO-USDINR-022,True,SYNTHETIC_RFET_EVIDENCE,Synthetic transaction or committed-quote event; not an observed public closing price
USDINR,2025-09-05,SYNTHETIC_ARM_LENGTH_TRANSACTION,RPO-USDINR-023,True,SYNTHETIC_RFET_EVIDENCE,Synthetic transaction or committed-quote event; not an observed public closing price
USDINR,2025-09-10,SYNTHETIC_ARM_LENGTH_TRANSACTION,RPO-USDINR-024,True,SYNTHETIC_RFET_EVIDENCE,Synthetic transaction or committed-quote event; not an observed public closing price
USDINR,2025-09-12,SYNTHETIC_ARM_LENGTH_TRANSACTION,RPO-USDINR-025,True,SYNTHETIC_RFET_EVIDENCE,Synthetic transaction or committed-quote event; not an observed public closing price
USDINR,2025-09-16,SYNTHETIC_ARM_LENGTH_TRANSACTION,RPO-USDINR-026,True,SYNTHETIC_RFET_EVIDENCE,Synthetic transaction or committed-quote event; not an observed public closing price
USDINR,2025-09-18,SYNTHETIC_ARM_LENGTH_TRANSACTION,RPO-USDINR-027,True,SYNTHETIC_RFET_EVIDENCE,Synthetic transaction or committed-quote event; not an observed public closing price
USDINR,2025-09-23,SYNTHETIC_ARM_LENGTH_TRANSACTION,RPO-USDINR-028,True,SYNTHETIC_RFET_EVIDENCE,Synthetic transaction or committed-quote event; not an observed public closing price
USDINR,2025-09-25,SYNTHETIC_ARM_LENGTH_TRANSACTION,RPO-USDINR-029,True,SYNTHETIC_RFET_EVIDENCE,Synthetic transaction or committed-quote event; not an observed public closing price
USDINR,2025-09-29,SYNTHETIC_ARM_LENGTH_TRANSACTION,RPO-USDINR-030,True,SYNTHETIC_RFET_EVIDENCE,Synthetic transaction or committed-quote event; not an observed public closing price
USDINR,2025-10-01,SYNTHETIC_ARM_LENGTH_TRANSACTION,RPO-USDINR-031,True,SYNTHETIC_RFET_EVIDENCE,Synthetic transaction or committed-quote event; not an observed public closing price
USDINR,2025-10-03,SYNTHETIC_ARM_LENGTH_TRANSACTION,RPO-USDINR-032,True,SYNTHETIC_RFET_EVIDENCE,Synthetic transaction or committed-quote event; not an observed public closing price
USDINR,2025-10-08,SYNTHETIC_ARM_LENGTH_TRANSACTION,RPO-USDINR-033,True,SYNTHETIC_RFET_EVIDENCE,Synthetic transaction or committed-quote event; not an observed public closing price
USDINR,2025-10-10,SYNTHETIC_ARM_LENGTH_TRANSACTION,RPO-USDINR-034,True,SYNTHETIC_RFET_EVIDENCE,Synthetic transaction or committed-quote event; not an observed public closing price
USDINR,2025-10-14,SYNTHETIC_ARM_LENGTH_TRANSACTION,RPO-USDINR-035,True,SYNTHETIC_RFET_EVIDENCE,Synthetic transaction or committed-quote event; not an observed public closing price
USDINR,2025-10-16,SYNTHETIC_ARM_LENGTH_TRANSACTION,RPO-USDINR-036,True,SYNTHETIC_RFET_EVIDENCE,Synthetic transaction or committed-quote event; not an observed public closing price
USDINR,2025-10-21,SYNTHETIC_ARM_LENGTH_TRANSACTION,RPO-USDINR-037,True,SYNTHETIC_RFET_EVIDENCE,Synthetic transaction or committed-quote event; not an observed public closing price
USDINR,2025-10-23,SYNTHETIC_ARM_LENGTH_TRANSACTION,RPO-USDINR-038,True,SYNTHETIC_RFET_EVIDENCE,Synthetic transaction or committed-quote event; not an observed public closing price
USDINR,2025-10-27,SYNTHETIC_ARM_LENGTH_TRANSACTION,RPO-USDINR-039,True,SYNTHETIC_RFET_EVIDENCE,Synthetic transaction or committed-quote event; not an observed public closing price
USDINR,2025-10-29,SYNTHETIC_ARM_LENGTH_TRANSACTION,RPO-USDINR-040,True,SYNTHETIC_RFET_EVIDENCE,Synthetic transaction or committed-quote event; not an observed public closing price
USDINR,2025-10-31,SYNTHETIC_ARM_LENGTH_TRANSACTION,RPO-USDINR-041,True,SYNTHETIC_RFET_EVIDENCE,Synthetic transaction or committed-quote event; not an observed public closing price
USDINR,2025-11-05,SYNTHETIC_ARM_LENGTH_TRANSACTION,RPO-USDINR-042,True,SYNTHETIC_RFET_EVIDENCE,Synthetic transaction or committed-quote event; not an observed public closing price
USDINR,2025-11-07,SYNTHETIC_ARM_LENGTH_TRANSACTION,RPO-USDINR-043,True,SYNTHETIC_RFET_EVIDENCE,Synthetic transaction or committed-quote event; not an observed public closing price
USDINR,2025-11-11,SYNTHETIC_ARM_LENGTH_TRANSACTION,RPO-USDINR-044,True,SYNTHETIC_RFET_EVIDENCE,Synthetic transaction or committed-quote event; not an observed public closing price
USDINR,2025-11-13,SYNTHETIC_ARM_LENGTH_TRANSACTION,RPO-USDINR-045,True,SYNTHETIC_RFET_EVIDENCE,Synthetic transaction or committed-quote event; not an observed public closing price
USDINR,2025-11-18,SYNTHETIC_ARM_LENGTH_TRANSACTION,RPO-USDINR-046,True,SYNTHETIC_RFET_EVIDENCE,Synthetic transaction or committed-quote event; not an observed public closing price
USDINR,2025-11-20,SYNTHETIC_ARM_LENGTH_TRANSACTION,RPO-USDINR-047,True,SYNTHETIC_RFET_EVIDENCE,Synthetic transaction or committed-quote event; not an observed public closing price
USDINR,2025-11-24,SYNTHETIC_ARM_LENGTH_TRANSACTION,RPO-USDINR-048,True,SYNTHETIC_RFET_EVIDENCE,Synthetic transaction or committed-quote event; not an observed public closing price
USDINR,2025-11-26,SYNTHETIC_ARM_LENGTH_TRANSACTION,RPO-USDINR-049,True,SYNTHETIC_RFET_EVIDENCE,Synthetic transaction or committed-quote event; not an observed public closing price
USDINR,2025-11-28,SYNTHETIC_ARM_LENGTH_TRANSACTION,RPO-USDINR-050,True,SYNTHETIC_RFET_EVIDENCE,Synthetic transaction or committed-quote event; not an observed public closing price
USDINR,2025-12-03,SYNTHETIC_ARM_LENGTH_TRANSACTION,RPO-USDINR-051,True,SYNTHETIC_RFET_EVIDENCE,Synthetic transaction or committed-quote event; not an observed public closing price
USDINR,2025-12-05,SYNTHETIC_ARM_LENGTH_TRANSACTION,RPO-USDINR-052,True,SYNTHETIC_RFET_EVIDENCE,Synthetic transaction or committed-quote event; not an observed public closing price
USDINR,2025-12-09,SYNTHETIC_ARM_LENGTH_TRANSACTION,RPO-USDINR-053,True,SYNTHETIC_RFET_EVIDENCE,Synthetic transaction or committed-quote event; not an observed public closing price
USDINR,2025-12-11,SYNTHETIC_ARM_LENGTH_TRANSACTION,RPO-USDINR-054,True,SYNTHETIC_RFET_EVIDENCE,Synthetic transaction or committed-quote event; not an observed public closing price
USDINR,2025-12-16,SYNTHETIC_ARM_LENGTH_TRANSACTION,RPO-USDINR-055,True,SYNTHETIC_RFET_EVIDENCE,Synthetic transaction or committed-quote event; not an observed public closing price
USDINR,2025-12-18,SYNTHETIC_ARM_LENGTH_TRANSACTION,RPO-USDINR-056,True,SYNTHETIC_RFET_EVIDENCE,Synthetic transaction or committed-quote event; not an observed public closing price
USDINR,2025-12-22,SYNTHETIC_ARM_LENGTH_TRANSACTION,RPO-USDINR-057,True,SYNTHETIC_RFET_EVIDENCE,Synthetic transaction or committed-quote event; not an observed public closing price
USDINR,2025-12-24,SYNTHETIC_ARM_LENGTH_TRANSACTION,RPO-USDINR-058,True,SYNTHETIC_RFET_EVIDENCE,Synthetic transaction or committed-quote event; not an observed public closing price
USDINR,2025-12-26,SYNTHETIC_ARM_LENGTH_TRANSACTION,RPO-USDINR-059,True,SYNTHETIC_RFET_EVIDENCE,Synthetic transaction or committed-quote event; not an observed public closing price
USDINR,2025-12-31,SYNTHETIC_ARM_LENGTH_TRANSACTION,RPO-USDINR-060,True,SYNTHETIC_RFET_EVIDENCE,Synthetic transaction or committed-quote event; not an observed public closing price
USDINR,2026-01-02,SYNTHETIC_ARM_LENGTH_TRANSACTION,RPO-USDINR-061,True,SYNTHETIC_RFET_EVIDENCE,Synthetic transaction or committed-quote event; not an observed public closing price
USDINR,2026-01-06,SYNTHETIC_ARM_LENGTH_TRANSACTION,RPO-USDINR-062,True,SYNTHETIC_RFET_EVIDENCE,Synthetic transaction or committed-quote event; not an observed public closing price
USDINR,2026-01-08,SYNTHETIC_ARM_LENGTH_TRANSACTION,RPO-USDINR-063,True,SYNTHETIC_RFET_EVIDENCE,Synthetic transaction or committed-quote event; not an observed public closing price
USDINR,2026-01-13,SYNTHETIC_ARM_LENGTH_TRANSACTION,RPO-USDINR-064,True,SYNTHETIC_RFET_EVIDENCE,Synthetic transaction or committed-quote event; not an observed public closing price
USDINR,2026-01-15,SYNTHETIC_ARM_LENGTH_TRANSACTION,RPO-USDINR-065,True,SYNTHETIC_RFET_EVIDENCE,Synthetic transaction or committed-quote event; not an observed public closing price
USDINR,2026-01-19,SYNTHETIC_ARM_LENGTH_TRANSACTION,RPO-USDINR-066,True,SYNTHETIC_RFET_EVIDENCE,Synthetic transaction or committed-quote event; not an observed public closing price
USDINR,2026-01-21,SYNTHETIC_ARM_LENGTH_TRANSACTION,RPO-USDINR-067,True,SYNTHETIC_RFET_EVIDENCE,Synthetic transaction or committed-quote event; not an observed public closing price
USDINR,2026-01-23,SYNTHETIC_ARM_LENGTH_TRANSACTION,RPO-USDINR-068,True,SYNTHETIC_RFET_EVIDENCE,Synthetic transaction or committed-quote event; not an observed public closing price
USDINR,2026-01-28,SYNTHETIC_ARM_LENGTH_TRANSACTION,RPO-USDINR-069,True,SYNTHETIC_RFET_EVIDENCE,Synthetic transaction or committed-quote event; not an observed public closing price
USDINR,2026-01-30,SYNTHETIC_ARM_LENGTH_TRANSACTION,RPO-USDINR-070,True,SYNTHETIC_RFET_EVIDENCE,Synthetic transaction or committed-quote event; not an observed public closing price
USDINR,2026-02-03,SYNTHETIC_ARM_LENGTH_TRANSACTION,RPO-USDINR-071,True,SYNTHETIC_RFET_EVIDENCE,Synthetic transaction or committed-quote event; not an observed public closing price
USDINR,2026-02-05,SYNTHETIC_ARM_LENGTH_TRANSACTION,RPO-USDINR-072,True,SYNTHETIC_RFET_EVIDENCE,Synthetic transaction or committed-quote event; not an observed public closing price
USDINR,2026-02-10,SYNTHETIC_ARM_LENGTH_TRANSACTION,RPO-USDINR-073,True,SYNTHETIC_RFET_EVIDENCE,Synthetic transaction or committed-quote event; not an observed public closing price
USDINR,2026-02-12,SYNTHETIC_ARM_LENGTH_TRANSACTION,RPO-USDINR-074,True,SYNTHETIC_RFET_EVIDENCE,Synthetic transaction or committed-quote event; not an observed public closing price
USDINR,2026-02-16,SYNTHETIC_ARM_LENGTH_TRANSACTION,RPO-USDINR-075,True,SYNTHETIC_RFET_EVIDENCE,Synthetic transaction or committed-quote event; not an observed public closing price
USDINR,2026-02-18,SYNTHETIC_ARM_LENGTH_TRANSACTION,RPO-USDINR-076,True,SYNTHETIC_RFET_EVIDENCE,Synthetic transaction or committed-quote event; not an observed public closing price
USDINR,2026-02-20,SYNTHETIC_ARM_LENGTH_TRANSACTION,RPO-USDINR-077,True,SYNTHETIC_RFET_EVIDENCE,Synthetic transaction or committed-quote event; not an observed public closing price
USDINR,2026-02-25,SYNTHETIC_ARM_LENGTH_TRANSACTION,RPO-USDINR-078,True,SYNTHETIC_RFET_EVIDENCE,Synthetic transaction or committed-quote event; not an observed public closing price
USDINR,2026-02-27,SYNTHETIC_ARM_LENGTH_TRANSACTION,RPO-USDINR-079,True,SYNTHETIC_RFET_EVIDENCE,Synthetic transaction or committed-quote event; not an observed public closing price
USDINR,2026-03-03,SYNTHETIC_ARM_LENGTH_TRANSACTION,RPO-USDINR-080,True,SYNTHETIC_RFET_EVIDENCE,Synthetic transaction or committed-quote event; not an observed public closing price
USDINR,2026-03-05,SYNTHETIC_ARM_LENGTH_TRANSACTION,RPO-USDINR-081,True,SYNTHETIC_RFET_EVIDENCE,Synthetic transaction or committed-quote event; not an observed public closing price
USDINR,2026-03-10,SYNTHETIC_ARM_LENGTH_TRANSACTION,RPO-USDINR-082,True,SYNTHETIC_RFET_EVIDENCE,Synthetic transaction or committed-quote event; not an observed public closing price
USDINR,2026-03-12,SYNTHETIC_ARM_LENGTH_TRANSACTION,RPO-USDINR-083,True,SYNTHETIC_RFET_EVIDENCE,Synthetic transaction or committed-quote event; not an observed public closing price
USDINR,2026-03-16,SYNTHETIC_ARM_LENGTH_TRANSACTION,RPO-USDINR-084,True,SYNTHETIC_RFET_EVIDENCE,Synthetic transaction or committed-quote event; not an observed public closing price
USDINR,2026-03-18,SYNTHETIC_ARM_LENGTH_TRANSACTION,RPO-USDINR-085,True,SYNTHETIC_RFET_EVIDENCE,Synthetic transaction or committed-quote event; not an observed public closing price
USDINR,2026-03-20,SYNTHETIC_ARM_LENGTH_TRANSACTION,RPO-USDINR-086,True,SYNTHETIC_RFET_EVIDENCE,Synthetic transaction or committed-quote event; not an observed public closing price
USDINR,2026-03-25,SYNTHETIC_ARM_LENGTH_TRANSACTION,RPO-USDINR-087,True,SYNTHETIC_RFET_EVIDENCE,Synthetic transaction or committed-quote event; not an observed public closing price
USDINR,2026-03-27,SYNTHETIC_ARM_LENGTH_TRANSACTION,RPO-USDINR-088,True,SYNTHETIC_RFET_EVIDENCE,Synthetic transaction or committed-quote event; not an observed public closing price
USDINR,2026-03-31,SYNTHETIC_ARM_LENGTH_TRANSACTION,RPO-USDINR-089,True,SYNTHETIC_RFET_EVIDENCE,Synthetic transaction or committed-quote event; not an observed public closing price
USDINR,2026-04-02,SYNTHETIC_ARM_LENGTH_TRANSACTION,RPO-USDINR-090,True,SYNTHETIC_RFET_EVIDENCE,Synthetic transaction or committed-quote event; not an observed public closing price
USDINR,2026-04-07,SYNTHETIC_ARM_LENGTH_TRANSACTION,RPO-USDINR-091,True,SYNTHETIC_RFET_EVIDENCE,Synthetic transaction or committed-quote event; not an observed public closing price
USDINR,2026-04-09,SYNTHETIC_ARM_LENGTH_TRANSACTION,RPO-USDINR-092,True,SYNTHETIC_RFET_EVIDENCE,Synthetic transaction or committed-quote event; not an observed public closing price
USDINR,2026-04-13,SYNTHETIC_ARM_LENGTH_TRANSACTION,RPO-USDINR-093,True,SYNTHETIC_RFET_EVIDENCE,Synthetic transaction or committed-quote event; not an observed public closing price
USDINR,2026-04-15,SYNTHETIC_ARM_LENGTH_TRANSACTION,RPO-USDINR-094,True,SYNTHETIC_RFET_EVIDENCE,Synthetic transaction or committed-quote event; not an observed public closing price
USDINR,2026-04-17,SYNTHETIC_ARM_LENGTH_TRANSACTION,RPO-USDINR-095,True,SYNTHETIC_RFET_EVIDENCE,Synthetic transaction or committed-quote event; not an observed public closing price
USDINR,2026-04-22,SYNTHETIC_ARM_LENGTH_TRANSACTION,RPO-USDINR-096,True,SYNTHETIC_RFET_EVIDENCE,Synthetic transaction or committed-quote event; not an observed public closing price
USDINR,2026-04-24,SYNTHETIC_ARM_LENGTH_TRANSACTION,RPO-USDINR-097,True,SYNTHETIC_RFET_EVIDENCE,Synthetic transaction or committed-quote event; not an observed public closing price
USDINR,2026-04-28,SYNTHETIC_ARM_LENGTH_TRANSACTION,RPO-USDINR-098,True,SYNTHETIC_RFET_EVIDENCE,Synthetic transaction or committed-quote event; not an observed public closing price
USDINR,2026-04-30,SYNTHETIC_ARM_LENGTH_TRANSACTION,RPO-USDINR-099,True,SYNTHETIC_RFET_EVIDENCE,Synthetic transaction or committed-quote event; not an observed public closing price
USDINR,2026-05-05,SYNTHETIC_ARM_LENGTH_TRANSACTION,RPO-USDINR-100,True,SYNTHETIC_RFET_EVIDENCE,Synthetic transaction or committed-quote event; not an observed public closing price
USDINR,2026-05-07,SYNTHETIC_ARM_LENGTH_TRANSACTION,RPO-USDINR-101,True,SYNTHETIC_RFET_EVIDENCE,Synthetic transaction or committed-quote event; not an observed public closing price
USDINR,2026-05-11,SYNTHETIC_ARM_LENGTH_TRANSACTION,RPO-USDINR-102,True,SYNTHETIC_RFET_EVIDENCE,Synthetic transaction or committed-quote event; not an observed public closing price
USDINR,2026-05-13,SYNTHETIC_ARM_LENGTH_TRANSACTION,RPO-USDINR-103,True,SYNTHETIC_RFET_EVIDENCE,Synthetic transaction or committed-quote event; not an observed public closing price
USDINR,2026-05-15,SYNTHETIC_ARM_LENGTH_TRANSACTION,RPO-USDINR-104,True,SYNTHETIC_RFET_EVIDENCE,Synthetic transaction or committed-quote event; not an observed public closing price
USDINR,2026-05-20,SYNTHETIC_ARM_LENGTH_TRANSACTION,RPO-USDINR-105,True,SYNTHETIC_RFET_EVIDENCE,Synthetic transaction or committed-quote event; not an observed public closing price
USDINR,2026-05-22,SYNTHETIC_ARM_LENGTH_TRANSACTION,RPO-USDINR-106,True,SYNTHETIC_RFET_EVIDENCE,Synthetic transaction or committed-quote event; not an observed public closing price
USDINR,2026-05-26,SYNTHETIC_ARM_LENGTH_TRANSACTION,RPO-USDINR-107,True,SYNTHETIC_RFET_EVIDENCE,Synthetic transaction or committed-quote event; not an observed public closing price
USDINR,2026-05-28,SYNTHETIC_ARM_LENGTH_TRANSACTION,RPO-USDINR-108,True,SYNTHETIC_RFET_EVIDENCE,Synthetic transaction or committed-quote event; not an observed public closing price
USDINR,2026-06-02,SYNTHETIC_ARM_LENGTH_TRANSACTION,RPO-USDINR-109,True,SYNTHETIC_RFET_EVIDENCE,Synthetic transaction or committed-quote event; not an observed public closing price
USDINR,2026-06-04,SYNTHETIC_ARM_LENGTH_TRANSACTION,RPO-USDINR-110,True,SYNTHETIC_RFET_EVIDENCE,Synthetic transaction or committed-quote event; not an observed public closing price
USDINR,2026-06-08,SYNTHETIC_ARM_LENGTH_TRANSACTION,RPO-USDINR-111,True,SYNTHETIC_RFET_EVIDENCE,Synthetic transaction or committed-quote event; not an observed public closing price
USDINR,2026-06-10,SYNTHETIC_ARM_LENGTH_TRANSACTION,RPO-USDINR-112,True,SYNTHETIC_RFET_EVIDENCE,Synthetic transaction or committed-quote event; not an observed public closing price
USDINR,2026-06-12,SYNTHETIC_ARM_LENGTH_TRANSACTION,RPO-USDINR-113,True,SYNTHETIC_RFET_EVIDENCE,Synthetic transaction or committed-quote event; not an observed public closing price
USDINR,2026-06-17,SYNTHETIC_ARM_LENGTH_TRANSACTION,RPO-USDINR-114,True,SYNTHETIC_RFET_EVIDENCE,Synthetic transaction or committed-quote event; not an observed public closing price
USDINR,2026-06-19,SYNTHETIC_ARM_LENGTH_TRANSACTION,RPO-USDINR-115,True,SYNTHETIC_RFET_EVIDENCE,Synthetic transaction or committed-quote event; not an observed public closing price
USDINR,2026-06-23,SYNTHETIC_ARM_LENGTH_TRANSACTION,RPO-USDINR-116,True,SYNTHETIC_RFET_EVIDENCE,Synthetic transaction or committed-quote event; not an observed public closing price
USDINR,2026-06-25,SYNTHETIC_ARM_LENGTH_TRANSACTION,RPO-USDINR-117,True,SYNTHETIC_RFET_EVIDENCE,Synthetic transaction or committed-quote event; not an observed public closing price
USDINR,2026-06-30,SYNTHETIC_ARM_LENGTH_TRANSACTION,RPO-USDINR-118,True,SYNTHETIC_RFET_EVIDENCE,Synthetic transaction or committed-quote event; not an observed public closing price
USDINR_VOL_0.5Y,2025-07-01,SYNTHETIC_COMMITTED_QUOTE,RPO-USDINR_VOL_0.5Y-001,True,SYNTHETIC_RFET_EVIDENCE,Synthetic transaction or committed-quote event; not an observed public closing price
USDINR_VOL_0.5Y,2025-07-11,SYNTHETIC_COMMITTED_QUOTE,RPO-USDINR_VOL_0.5Y-002,True,SYNTHETIC_RFET_EVIDENCE,Synthetic transaction or committed-quote event; not an observed public closing price
USDINR_VOL_0.5Y,2025-07-23,SYNTHETIC_COMMITTED_QUOTE,RPO-USDINR_VOL_0.5Y-003,True,SYNTHETIC_RFET_EVIDENCE,Synthetic transaction or committed-quote event; not an observed public closing price
USDINR_VOL_0.5Y,2025-08-05,SYNTHETIC_COMMITTED_QUOTE,RPO-USDINR_VOL_0.5Y-004,True,SYNTHETIC_RFET_EVIDENCE,Synthetic transaction or committed-quote event; not an observed public closing price
USDINR_VOL_0.5Y,2025-08-15,SYNTHETIC_COMMITTED_QUOTE,RPO-USDINR_VOL_0.5Y-005,True,SYNTHETIC_RFET_EVIDENCE,Synthetic transaction or committed-quote event; not an observed public closing price
USDINR_VOL_0.5Y,2025-08-27,SYNTHETIC_COMMITTED_QUOTE,RPO-USDINR_VOL_0.5Y-006,True,SYNTHETIC_RFET_EVIDENCE,Synthetic transaction or committed-quote event; not an observed public closing price
USDINR_VOL_0.5Y,2025-09-09,SYNTHETIC_COMMITTED_QUOTE,RPO-USDINR_VOL_0.5Y-007,True,SYNTHETIC_RFET_EVIDENCE,Synthetic transaction or committed-quote event; not an observed public closing price
USDINR_VOL_0.5Y,2025-09-19,SYNTHETIC_COMMITTED_QUOTE,RPO-USDINR_VOL_0.5Y-008,True,SYNTHETIC_RFET_EVIDENCE,Synthetic transaction or committed-quote event; not an observed public closing price
USDINR_VOL_0.5Y,2025-10-02,SYNTHETIC_COMMITTED_QUOTE,RPO-USDINR_VOL_0.5Y-009,True,SYNTHETIC_RFET_EVIDENCE,Synthetic transaction or committed-quote event; not an observed public closing price
USDINR_VOL_0.5Y,2025-10-14,SYNTHETIC_COMMITTED_QUOTE,RPO-USDINR_VOL_0.5Y-010,True,SYNTHETIC_RFET_EVIDENCE,Synthetic transaction or committed-quote event; not an observed public closing price
USDINR_VOL_0.5Y,2025-10-24,SYNTHETIC_COMMITTED_QUOTE,RPO-USDINR_VOL_0.5Y-011,True,SYNTHETIC_RFET_EVIDENCE,Synthetic transaction or committed-quote event; not an observed public closing price
USDINR_VOL_0.5Y,2025-11-06,SYNTHETIC_COMMITTED_QUOTE,RPO-USDINR_VOL_0.5Y-012,True,SYNTHETIC_RFET_EVIDENCE,Synthetic transaction or committed-quote event; not an observed public closing price
USDINR_VOL_0.5Y,2025-11-18,SYNTHETIC_COMMITTED_QUOTE,RPO-USDINR_VOL_0.5Y-013,True,SYNTHETIC_RFET_EVIDENCE,Synthetic transaction or committed-quote event; not an observed public closing price
USDINR_VOL_0.5Y,2025-12-01,SYNTHETIC_COMMITTED_QUOTE,RPO-USDINR_VOL_0.5Y-014,True,SYNTHETIC_RFET_EVIDENCE,Synthetic transaction or committed-quote event; not an observed public closing price
USDINR_VOL_0.5Y,2025-12-11,SYNTHETIC_COMMITTED_QUOTE,RPO-USDINR_VOL_0.5Y-015,True,SYNTHETIC_RFET_EVIDENCE,Synthetic transaction or committed-quote event; not an observed public closing price
USDINR_VOL_0.5Y,2025-12-23,SYNTHETIC_COMMITTED_QUOTE,RPO-USDINR_VOL_0.5Y-016,True,SYNTHETIC_RFET_EVIDENCE,Synthetic transaction or committed-quote event; not an observed public closing price
USDINR_VOL_0.5Y,2026-01-05,SYNTHETIC_COMMITTED_QUOTE,RPO-USDINR_VOL_0.5Y-017,True,SYNTHETIC_RFET_EVIDENCE,Synthetic transaction or committed-quote event; not an observed public closing price
USDINR_VOL_0.5Y,2026-01-15,SYNTHETIC_COMMITTED_QUOTE,RPO-USDINR_VOL_0.5Y-018,True,SYNTHETIC_RFET_EVIDENCE,Synthetic transaction or committed-quote event; not an observed public closing price
USDINR_VOL_0.5Y,2026-01-27,SYNTHETIC_COMMITTED_QUOTE,RPO-USDINR_VOL_0.5Y-019,True,SYNTHETIC_RFET_EVIDENCE,Synthetic transaction or committed-quote event; not an observed public closing price
USDINR_VOL_0.5Y,2026-02-09,SYNTHETIC_COMMITTED_QUOTE,RPO-USDINR_VOL_0.5Y-020,True,SYNTHETIC_RFET_EVIDENCE,Synthetic transaction or committed-quote event; not an observed public closing price
USDINR_VOL_0.5Y,2026-02-19,SYNTHETIC_COMMITTED_QUOTE,RPO-USDINR_VOL_0.5Y-021,True,SYNTHETIC_RFET_EVIDENCE,Synthetic transaction or committed-quote event; not an observed public closing price
USDINR_VOL_0.5Y,2026-03-04,SYNTHETIC_COMMITTED_QUOTE,RPO-USDINR_VOL_0.5Y-022,True,SYNTHETIC_RFET_EVIDENCE,Synthetic transaction or committed-quote event; not an observed public closing price
USDINR_VOL_0.5Y,2026-03-16,SYNTHETIC_COMMITTED_QUOTE,RPO-USDINR_VOL_0.5Y-023,True,SYNTHETIC_RFET_EVIDENCE,Synthetic transaction or committed-quote event; not an observed public closing price
USDINR_VOL_0.5Y,2026-03-26,SYNTHETIC_COMMITTED_QUOTE,RPO-USDINR_VOL_0.5Y-024,True,SYNTHETIC_RFET_EVIDENCE,Synthetic transaction or committed-quote event; not an observed public closing price
USDINR_VOL_0.5Y,2026-04-08,SYNTHETIC_COMMITTED_QUOTE,RPO-USDINR_VOL_0.5Y-025,True,SYNTHETIC_RFET_EVIDENCE,Synthetic transaction or committed-quote event; not an observed public closing price
USDINR_VOL_0.5Y,2026-04-20,SYNTHETIC_COMMITTED_QUOTE,RPO-USDINR_VOL_0.5Y-026,True,SYNTHETIC_RFET_EVIDENCE,Synthetic transaction or committed-quote event; not an observed public closing price
USDINR_VOL_0.5Y,2026-05-01,SYNTHETIC_COMMITTED_QUOTE,RPO-USDINR_VOL_0.5Y-027,True,SYNTHETIC_RFET_EVIDENCE,Synthetic transaction or committed-quote event; not an observed public closing price
USDINR_VOL_0.5Y,2026-05-13,SYNTHETIC_COMMITTED_QUOTE,RPO-USDINR_VOL_0.5Y-028,True,SYNTHETIC_RFET_EVIDENCE,Synthetic transaction or committed-quote event; not an observed public closing price
USDINR_VOL_0.5Y,2026-05-25,SYNTHETIC_COMMITTED_QUOTE,RPO-USDINR_VOL_0.5Y-029,True,SYNTHETIC_RFET_EVIDENCE,Synthetic transaction or committed-quote event; not an observed public closing price
USDINR_VOL_0.5Y,2026-06-05,SYNTHETIC_COMMITTED_QUOTE,RPO-USDINR_VOL_0.5Y-030,True,SYNTHETIC_RFET_EVIDENCE,Synthetic transaction or committed-quote event; not an observed public closing price
USDINR_VOL_0.5Y,2026-06-17,SYNTHETIC_COMMITTED_QUOTE,RPO-USDINR_VOL_0.5Y-031,True,SYNTHETIC_RFET_EVIDENCE,Synthetic transaction or committed-quote event; not an observed public closing price
USDINR_VOL_0.5Y,2026-06-30,SYNTHETIC_COMMITTED_QUOTE,RPO-USDINR_VOL_0.5Y-032,True,SYNTHETIC_RFET_EVIDENCE,Synthetic transaction or committed-quote event; not an observed public closing price
USD_OIS_0.5Y,2025-07-01,SYNTHETIC_ARM_LENGTH_TRANSACTION,RPO-USD_OIS_0.5Y-001,True,SYNTHETIC_RFET_EVIDENCE,Synthetic transaction or committed-quote event; not an observed public closing price
USD_OIS_0.5Y,2025-07-03,SYNTHETIC_ARM_LENGTH_TRANSACTION,RPO-USD_OIS_0.5Y-002,True,SYNTHETIC_RFET_EVIDENCE,Synthetic transaction or committed-quote event; not an observed public closing price
USD_OIS_0.5Y,2025-07-07,SYNTHETIC_ARM_LENGTH_TRANSACTION,RPO-USD_OIS_0.5Y-003,True,SYNTHETIC_RFET_EVIDENCE,Synthetic transaction or committed-quote event; not an observed public closing price
USD_OIS_0.5Y,2025-07-09,SYNTHETIC_ARM_LENGTH_TRANSACTION,RPO-USD_OIS_0.5Y-004,True,SYNTHETIC_RFET_EVIDENCE,Synthetic transaction or committed-quote event; not an observed public closing price
USD_OIS_0.5Y,2025-07-11,SYNTHETIC_ARM_LENGTH_TRANSACTION,RPO-USD_OIS_0.5Y-005,True,SYNTHETIC_RFET_EVIDENCE,Synthetic transaction or committed-quote event; not an observed public closing price
USD_OIS_0.5Y,2025-07-16,SYNTHETIC_ARM_LENGTH_TRANSACTION,RPO-USD_OIS_0.5Y-006,True,SYNTHETIC_RFET_EVIDENCE,Synthetic transaction or committed-quote event; not an observed public closing price
USD_OIS_0.5Y,2025-07-18,SYNTHETIC_ARM_LENGTH_TRANSACTION,RPO-USD_OIS_0.5Y-007,True,SYNTHETIC_RFET_EVIDENCE,Synthetic transaction or committed-quote event; not an observed public closing price
USD_OIS_0.5Y,2025-07-22,SYNTHETIC_ARM_LENGTH_TRANSACTION,RPO-USD_OIS_0.5Y-008,True,SYNTHETIC_RFET_EVIDENCE,Synthetic transaction or committed-quote event; not an observed public closing price
USD_OIS_0.5Y,2025-07-24,SYNTHETIC_ARM_LENGTH_TRANSACTION,RPO-USD_OIS_0.5Y-009,True,SYNTHETIC_RFET_EVIDENCE,Synthetic transaction or committed-quote event; not an observed public closing price
USD_OIS_0.5Y,2025-07-29,SYNTHETIC_ARM_LENGTH_TRANSACTION,RPO-USD_OIS_0.5Y-010,True,SYNTHETIC_RFET_EVIDENCE,Synthetic transaction or committed-quote event; not an observed public closing price
USD_OIS_0.5Y,2025-07-31,SYNTHETIC_ARM_LENGTH_TRANSACTION,RPO-USD_OIS_0.5Y-011,True,SYNTHETIC_RFET_EVIDENCE,Synthetic transaction or committed-quote event; not an observed public closing price
USD_OIS_0.5Y,2025-08-04,SYNTHETIC_ARM_LENGTH_TRANSACTION,RPO-USD_OIS_0.5Y-012,True,SYNTHETIC_RFET_EVIDENCE,Synthetic transaction or committed-quote event; not an observed public closing price
USD_OIS_0.5Y,2025-08-06,SYNTHETIC_ARM_LENGTH_TRANSACTION,RPO-USD_OIS_0.5Y-013,True,SYNTHETIC_RFET_EVIDENCE,Synthetic transaction or committed-quote event; not an observed public closing price
USD_OIS_0.5Y,2025-08-08,SYNTHETIC_ARM_LENGTH_TRANSACTION,RPO-USD_OIS_0.5Y-014,True,SYNTHETIC_RFET_EVIDENCE,Synthetic transaction or committed-quote event; not an observed public closing price
USD_OIS_0.5Y,2025-08-13,SYNTHETIC_ARM_LENGTH_TRANSACTION,RPO-USD_OIS_0.5Y-015,True,SYNTHETIC_RFET_EVIDENCE,Synthetic transaction or committed-quote event; not an observed public closing price
USD_OIS_0.5Y,2025-08-15,SYNTHETIC_ARM_LENGTH_TRANSACTION,RPO-USD_OIS_0.5Y-016,True,SYNTHETIC_RFET_EVIDENCE,Synthetic transaction or committed-quote event; not an observed public closing price
USD_OIS_0.5Y,2025-08-19,SYNTHETIC_ARM_LENGTH_TRANSACTION,RPO-USD_OIS_0.5Y-017,True,SYNTHETIC_RFET_EVIDENCE,Synthetic transaction or committed-quote event; not an observed public closing price
USD_OIS_0.5Y,2025-08-21,SYNTHETIC_ARM_LENGTH_TRANSACTION,RPO-USD_OIS_0.5Y-018,True,SYNTHETIC_RFET_EVIDENCE,Synthetic transaction or committed-quote event; not an observed public closing price
USD_OIS_0.5Y,2025-08-26,SYNTHETIC_ARM_LENGTH_TRANSACTION,RPO-USD_OIS_0.5Y-019,True,SYNTHETIC_RFET_EVIDENCE,Synthetic transaction or committed-quote event; not an observed public closing price
USD_OIS_0.5Y,2025-08-28,SYNTHETIC_ARM_LENGTH_TRANSACTION,RPO-USD_OIS_0.5Y-020,True,SYNTHETIC_RFET_EVIDENCE,Synthetic transaction or committed-quote event; not an observed public closing price
USD_OIS_0.5Y,2025-09-01,SYNTHETIC_ARM_LENGTH_TRANSACTION,RPO-USD_OIS_0.5Y-021,True,SYNTHETIC_RFET_EVIDENCE,Synthetic transaction or committed-quote event; not an observed public closing price
USD_OIS_0.5Y,2025-09-03,SYNTHETIC_ARM_LENGTH_TRANSACTION,RPO-USD_OIS_0.5Y-022,True,SYNTHETIC_RFET_EVIDENCE,Synthetic transaction or committed-quote event; not an observed public closing price
USD_OIS_0.5Y,2025-09-05,SYNTHETIC_ARM_LENGTH_TRANSACTION,RPO-USD_OIS_0.5Y-023,True,SYNTHETIC_RFET_EVIDENCE,Synthetic transaction or committed-quote event; not an observed public closing price
USD_OIS_0.5Y,2025-09-10,SYNTHETIC_ARM_LENGTH_TRANSACTION,RPO-USD_OIS_0.5Y-024,True,SYNTHETIC_RFET_EVIDENCE,Synthetic transaction or committed-quote event; not an observed public closing price
USD_OIS_0.5Y,2025-09-12,SYNTHETIC_ARM_LENGTH_TRANSACTION,RPO-USD_OIS_0.5Y-025,True,SYNTHETIC_RFET_EVIDENCE,Synthetic transaction or committed-quote event; not an observed public closing price
USD_OIS_0.5Y,2025-09-16,SYNTHETIC_ARM_LENGTH_TRANSACTION,RPO-USD_OIS_0.5Y-026,True,SYNTHETIC_RFET_EVIDENCE,Synthetic transaction or committed-quote event; not an observed public closing price
USD_OIS_0.5Y,2025-09-18,SYNTHETIC_ARM_LENGTH_TRANSACTION,RPO-USD_OIS_0.5Y-027,True,SYNTHETIC_RFET_EVIDENCE,Synthetic transaction or committed-quote event; not an observed public closing price
USD_OIS_0.5Y,2025-09-23,SYNTHETIC_ARM_LENGTH_TRANSACTION,RPO-USD_OIS_0.5Y-028,True,SYNTHETIC_RFET_EVIDENCE,Synthetic transaction or committed-quote event; not an observed public closing price
USD_OIS_0.5Y,2025-09-25,SYNTHETIC_ARM_LENGTH_TRANSACTION,RPO-USD_OIS_0.5Y-029,True,SYNTHETIC_RFET_EVIDENCE,Synthetic transaction or committed-quote event; not an observed public closing price
USD_OIS_0.5Y,2025-09-29,SYNTHETIC_ARM_LENGTH_TRANSACTION,RPO-USD_OIS_0.5Y-030,True,SYNTHETIC_RFET_EVIDENCE,Synthetic transaction or committed-quote event; not an observed public closing price
USD_OIS_0.5Y,2025-10-01,SYNTHETIC_ARM_LENGTH_TRANSACTION,RPO-USD_OIS_0.5Y-031,True,SYNTHETIC_RFET_EVIDENCE,Synthetic transaction or committed-quote event; not an observed public closing price
USD_OIS_0.5Y,2025-10-03,SYNTHETIC_ARM_LENGTH_TRANSACTION,RPO-USD_OIS_0.5Y-032,True,SYNTHETIC_RFET_EVIDENCE,Synthetic transaction or committed-quote event; not an observed public closing price
USD_OIS_0.5Y,2025-10-08,SYNTHETIC_ARM_LENGTH_TRANSACTION,RPO-USD_OIS_0.5Y-033,True,SYNTHETIC_RFET_EVIDENCE,Synthetic transaction or committed-quote event; not an observed public closing price
USD_OIS_0.5Y,2025-10-10,SYNTHETIC_ARM_LENGTH_TRANSACTION,RPO-USD_OIS_0.5Y-034,True,SYNTHETIC_RFET_EVIDENCE,Synthetic transaction or committed-quote event; not an observed public closing price
USD_OIS_0.5Y,2025-10-14,SYNTHETIC_ARM_LENGTH_TRANSACTION,RPO-USD_OIS_0.5Y-035,True,SYNTHETIC_RFET_EVIDENCE,Synthetic transaction or committed-quote event; not an observed public closing price
USD_OIS_0.5Y,2025-10-16,SYNTHETIC_ARM_LENGTH_TRANSACTION,RPO-USD_OIS_0.5Y-036,True,SYNTHETIC_RFET_EVIDENCE,Synthetic transaction or committed-quote event; not an observed public closing price
USD_OIS_0.5Y,2025-10-21,SYNTHETIC_ARM_LENGTH_TRANSACTION,RPO-USD_OIS_0.5Y-037,True,SYNTHETIC_RFET_EVIDENCE,Synthetic transaction or committed-quote event; not an observed public closing price
USD_OIS_0.5Y,2025-10-23,SYNTHETIC_ARM_LENGTH_TRANSACTION,RPO-USD_OIS_0.5Y-038,True,SYNTHETIC_RFET_EVIDENCE,Synthetic transaction or committed-quote event; not an observed public closing price
USD_OIS_0.5Y,2025-10-27,SYNTHETIC_ARM_LENGTH_TRANSACTION,RPO-USD_OIS_0.5Y-039,True,SYNTHETIC_RFET_EVIDENCE,Synthetic transaction or committed-quote event; not an observed public closing price
USD_OIS_0.5Y,2025-10-29,SYNTHETIC_ARM_LENGTH_TRANSACTION,RPO-USD_OIS_0.5Y-040,True,SYNTHETIC_RFET_EVIDENCE,Synthetic transaction or committed-quote event; not an observed public closing price
USD_OIS_0.5Y,2025-10-31,SYNTHETIC_ARM_LENGTH_TRANSACTION,RPO-USD_OIS_0.5Y-041,True,SYNTHETIC_RFET_EVIDENCE,Synthetic transaction or committed-quote event; not an observed public closing price
USD_OIS_0.5Y,2025-11-05,SYNTHETIC_ARM_LENGTH_TRANSACTION,RPO-USD_OIS_0.5Y-042,True,SYNTHETIC_RFET_EVIDENCE,Synthetic transaction or committed-quote event; not an observed public closing price
USD_OIS_0.5Y,2025-11-07,SYNTHETIC_ARM_LENGTH_TRANSACTION,RPO-USD_OIS_0.5Y-043,True,SYNTHETIC_RFET_EVIDENCE,Synthetic transaction or committed-quote event; not an observed public closing price
USD_OIS_0.5Y,2025-11-11,SYNTHETIC_ARM_LENGTH_TRANSACTION,RPO-USD_OIS_0.5Y-044,True,SYNTHETIC_RFET_EVIDENCE,Synthetic transaction or committed-quote event; not an observed public closing price
USD_OIS_0.5Y,2025-11-13,SYNTHETIC_ARM_LENGTH_TRANSACTION,RPO-USD_OIS_0.5Y-045,True,SYNTHETIC_RFET_EVIDENCE,Synthetic transaction or committed-quote event; not an observed public closing price
USD_OIS_0.5Y,2025-11-18,SYNTHETIC_ARM_LENGTH_TRANSACTION,RPO-USD_OIS_0.5Y-046,True,SYNTHETIC_RFET_EVIDENCE,Synthetic transaction or committed-quote event; not an observed public closing price
USD_OIS_0.5Y,2025-11-20,SYNTHETIC_ARM_LENGTH_TRANSACTION,RPO-USD_OIS_0.5Y-047,True,SYNTHETIC_RFET_EVIDENCE,Synthetic transaction or committed-quote event; not an observed public closing price
USD_OIS_0.5Y,2025-11-24,SYNTHETIC_ARM_LENGTH_TRANSACTION,RPO-USD_OIS_0.5Y-048,True,SYNTHETIC_RFET_EVIDENCE,Synthetic transaction or committed-quote event; not an observed public closing price
USD_OIS_0.5Y,2025-11-26,SYNTHETIC_ARM_LENGTH_TRANSACTION,RPO-USD_OIS_0.5Y-049,True,SYNTHETIC_RFET_EVIDENCE,Synthetic transaction or committed-quote event; not an observed public closing price
USD_OIS_0.5Y,2025-11-28,SYNTHETIC_ARM_LENGTH_TRANSACTION,RPO-USD_OIS_0.5Y-050,True,SYNTHETIC_RFET_EVIDENCE,Synthetic transaction or committed-quote event; not an observed public closing price
USD_OIS_0.5Y,2025-12-03,SYNTHETIC_ARM_LENGTH_TRANSACTION,RPO-USD_OIS_0.5Y-051,True,SYNTHETIC_RFET_EVIDENCE,Synthetic transaction or committed-quote event; not an observed public closing price
USD_OIS_0.5Y,2025-12-05,SYNTHETIC_ARM_LENGTH_TRANSACTION,RPO-USD_OIS_0.5Y-052,True,SYNTHETIC_RFET_EVIDENCE,Synthetic transaction or committed-quote event; not an observed public closing price
USD_OIS_0.5Y,2025-12-09,SYNTHETIC_ARM_LENGTH_TRANSACTION,RPO-USD_OIS_0.5Y-053,True,SYNTHETIC_RFET_EVIDENCE,Synthetic transaction or committed-quote event; not an observed public closing price
USD_OIS_0.5Y,2025-12-11,SYNTHETIC_ARM_LENGTH_TRANSACTION,RPO-USD_OIS_0.5Y-054,True,SYNTHETIC_RFET_EVIDENCE,Synthetic transaction or committed-quote event; not an observed public closing price
USD_OIS_0.5Y,2025-12-16,SYNTHETIC_ARM_LENGTH_TRANSACTION,RPO-USD_OIS_0.5Y-055,True,SYNTHETIC_RFET_EVIDENCE,Synthetic transaction or committed-quote event; not an observed public closing price
USD_OIS_0.5Y,2025-12-18,SYNTHETIC_ARM_LENGTH_TRANSACTION,RPO-USD_OIS_0.5Y-056,True,SYNTHETIC_RFET_EVIDENCE,Synthetic transaction or committed-quote event; not an observed public closing price
USD_OIS_0.5Y,2025-12-22,SYNTHETIC_ARM_LENGTH_TRANSACTION,RPO-USD_OIS_0.5Y-057,True,SYNTHETIC_RFET_EVIDENCE,Synthetic transaction or committed-quote event; not an observed public closing price
USD_OIS_0.5Y,2025-12-24,SYNTHETIC_ARM_LENGTH_TRANSACTION,RPO-USD_OIS_0.5Y-058,True,SYNTHETIC_RFET_EVIDENCE,Synthetic transaction or committed-quote event; not an observed public closing price
USD_OIS_0.5Y,2025-12-26,SYNTHETIC_ARM_LENGTH_TRANSACTION,RPO-USD_OIS_0.5Y-059,True,SYNTHETIC_RFET_EVIDENCE,Synthetic transaction or committed-quote event; not an observed public closing price
USD_OIS_0.5Y,2025-12-31,SYNTHETIC_ARM_LENGTH_TRANSACTION,RPO-USD_OIS_0.5Y-060,True,SYNTHETIC_RFET_EVIDENCE,Synthetic transaction or committed-quote event; not an observed public closing price
USD_OIS_0.5Y,2026-01-02,SYNTHETIC_ARM_LENGTH_TRANSACTION,RPO-USD_OIS_0.5Y-061,True,SYNTHETIC_RFET_EVIDENCE,Synthetic transaction or committed-quote event; not an observed public closing price
USD_OIS_0.5Y,2026-01-06,SYNTHETIC_ARM_LENGTH_TRANSACTION,RPO-USD_OIS_0.5Y-062,True,SYNTHETIC_RFET_EVIDENCE,Synthetic transaction or committed-quote event; not an observed public closing price
USD_OIS_0.5Y,2026-01-08,SYNTHETIC_ARM_LENGTH_TRANSACTION,RPO-USD_OIS_0.5Y-063,True,SYNTHETIC_RFET_EVIDENCE,Synthetic transaction or committed-quote event; not an observed public closing price
USD_OIS_0.5Y,2026-01-13,SYNTHETIC_ARM_LENGTH_TRANSACTION,RPO-USD_OIS_0.5Y-064,True,SYNTHETIC_RFET_EVIDENCE,Synthetic transaction or committed-quote event; not an observed public closing price
USD_OIS_0.5Y,2026-01-15,SYNTHETIC_ARM_LENGTH_TRANSACTION,RPO-USD_OIS_0.5Y-065,True,SYNTHETIC_RFET_EVIDENCE,Synthetic transaction or committed-quote event; not an observed public closing price
USD_OIS_0.5Y,2026-01-19,SYNTHETIC_ARM_LENGTH_TRANSACTION,RPO-USD_OIS_0.5Y-066,True,SYNTHETIC_RFET_EVIDENCE,Synthetic transaction or committed-quote event; not an observed public closing price
USD_OIS_0.5Y,2026-01-21,SYNTHETIC_ARM_LENGTH_TRANSACTION,RPO-USD_OIS_0.5Y-067,True,SYNTHETIC_RFET_EVIDENCE,Synthetic transaction or committed-quote event; not an observed public closing price
USD_OIS_0.5Y,2026-01-23,SYNTHETIC_ARM_LENGTH_TRANSACTION,RPO-USD_OIS_0.5Y-068,True,SYNTHETIC_RFET_EVIDENCE,Synthetic transaction or committed-quote event; not an observed public closing price
USD_OIS_0.5Y,2026-01-28,SYNTHETIC_ARM_LENGTH_TRANSACTION,RPO-USD_OIS_0.5Y-069,True,SYNTHETIC_RFET_EVIDENCE,Synthetic transaction or committed-quote event; not an observed public closing price
USD_OIS_0.5Y,2026-01-30,SYNTHETIC_ARM_LENGTH_TRANSACTION,RPO-USD_OIS_0.5Y-070,True,SYNTHETIC_RFET_EVIDENCE,Synthetic transaction or committed-quote event; not an observed public closing price
USD_OIS_0.5Y,2026-02-03,SYNTHETIC_ARM_LENGTH_TRANSACTION,RPO-USD_OIS_0.5Y-071,True,SYNTHETIC_RFET_EVIDENCE,Synthetic transaction or committed-quote event; not an observed public closing price
USD_OIS_0.5Y,2026-02-05,SYNTHETIC_ARM_LENGTH_TRANSACTION,RPO-USD_OIS_0.5Y-072,True,SYNTHETIC_RFET_EVIDENCE,Synthetic transaction or committed-quote event; not an observed public closing price
USD_OIS_0.5Y,2026-02-10,SYNTHETIC_ARM_LENGTH_TRANSACTION,RPO-USD_OIS_0.5Y-073,True,SYNTHETIC_RFET_EVIDENCE,Synthetic transaction or committed-quote event; not an observed public closing price
USD_OIS_0.5Y,2026-02-12,SYNTHETIC_ARM_LENGTH_TRANSACTION,RPO-USD_OIS_0.5Y-074,True,SYNTHETIC_RFET_EVIDENCE,Synthetic transaction or committed-quote event; not an observed public closing price
USD_OIS_0.5Y,2026-02-16,SYNTHETIC_ARM_LENGTH_TRANSACTION,RPO-USD_OIS_0.5Y-075,True,SYNTHETIC_RFET_EVIDENCE,Synthetic transaction or committed-quote event; not an observed public closing price
USD_OIS_0.5Y,2026-02-18,SYNTHETIC_ARM_LENGTH_TRANSACTION,RPO-USD_OIS_0.5Y-076,True,SYNTHETIC_RFET_EVIDENCE,Synthetic transaction or committed-quote event; not an observed public closing price
USD_OIS_0.5Y,2026-02-20,SYNTHETIC_ARM_LENGTH_TRANSACTION,RPO-USD_OIS_0.5Y-077,True,SYNTHETIC_RFET_EVIDENCE,Synthetic transaction or committed-quote event; not an observed public closing price
USD_OIS_0.5Y,2026-02-25,SYNTHETIC_ARM_LENGTH_TRANSACTION,RPO-USD_OIS_0.5Y-078,True,SYNTHETIC_RFET_EVIDENCE,Synthetic transaction or committed-quote event; not an observed public closing price
USD_OIS_0.5Y,2026-02-27,SYNTHETIC_ARM_LENGTH_TRANSACTION,RPO-USD_OIS_0.5Y-079,True,SYNTHETIC_RFET_EVIDENCE,Synthetic transaction or committed-quote event; not an observed public closing price
USD_OIS_0.5Y,2026-03-03,SYNTHETIC_ARM_LENGTH_TRANSACTION,RPO-USD_OIS_0.5Y-080,True,SYNTHETIC_RFET_EVIDENCE,Synthetic transaction or committed-quote event; not an observed public closing price
USD_OIS_0.5Y,2026-03-05,SYNTHETIC_ARM_LENGTH_TRANSACTION,RPO-USD_OIS_0.5Y-081,True,SYNTHETIC_RFET_EVIDENCE,Synthetic transaction or committed-quote event; not an observed public closing price
USD_OIS_0.5Y,2026-03-10,SYNTHETIC_ARM_LENGTH_TRANSACTION,RPO-USD_OIS_0.5Y-082,True,SYNTHETIC_RFET_EVIDENCE,Synthetic transaction or committed-quote event; not an observed public closing price
USD_OIS_0.5Y,2026-03-12,SYNTHETIC_ARM_LENGTH_TRANSACTION,RPO-USD_OIS_0.5Y-083,True,SYNTHETIC_RFET_EVIDENCE,Synthetic transaction or committed-quote event; not an observed public closing price
USD_OIS_0.5Y,2026-03-16,SYNTHETIC_ARM_LENGTH_TRANSACTION,RPO-USD_OIS_0.5Y-084,True,SYNTHETIC_RFET_EVIDENCE,Synthetic transaction or committed-quote event; not an observed public closing price
USD_OIS_0.5Y,2026-03-18,SYNTHETIC_ARM_LENGTH_TRANSACTION,RPO-USD_OIS_0.5Y-085,True,SYNTHETIC_RFET_EVIDENCE,Synthetic transaction or committed-quote event; not an observed public closing price
USD_OIS_0.5Y,2026-03-20,SYNTHETIC_ARM_LENGTH_TRANSACTION,RPO-USD_OIS_0.5Y-086,True,SYNTHETIC_RFET_EVIDENCE,Synthetic transaction or committed-quote event; not an observed public closing price
USD_OIS_0.5Y,2026-03-25,SYNTHETIC_ARM_LENGTH_TRANSACTION,RPO-USD_OIS_0.5Y-087,True,SYNTHETIC_RFET_EVIDENCE,Synthetic transaction or committed-quote event; not an observed public closing price
USD_OIS_0.5Y,2026-03-27,SYNTHETIC_ARM_LENGTH_TRANSACTION,RPO-USD_OIS_0.5Y-088,True,SYNTHETIC_RFET_EVIDENCE,Synthetic transaction or committed-quote event; not an observed public closing price
USD_OIS_0.5Y,2026-03-31,SYNTHETIC_ARM_LENGTH_TRANSACTION,RPO-USD_OIS_0.5Y-089,True,SYNTHETIC_RFET_EVIDENCE,Synthetic transaction or committed-quote event; not an observed public closing price
USD_OIS_0.5Y,2026-04-02,SYNTHETIC_ARM_LENGTH_TRANSACTION,RPO-USD_OIS_0.5Y-090,True,SYNTHETIC_RFET_EVIDENCE,Synthetic transaction or committed-quote event; not an observed public closing price
USD_OIS_0.5Y,2026-04-07,SYNTHETIC_ARM_LENGTH_TRANSACTION,RPO-USD_OIS_0.5Y-091,True,SYNTHETIC_RFET_EVIDENCE,Synthetic transaction or committed-quote event; not an observed public closing price
USD_OIS_0.5Y,2026-04-09,SYNTHETIC_ARM_LENGTH_TRANSACTION,RPO-USD_OIS_0.5Y-092,True,SYNTHETIC_RFET_EVIDENCE,Synthetic transaction or committed-quote event; not an observed public closing price
USD_OIS_0.5Y,2026-04-13,SYNTHETIC_ARM_LENGTH_TRANSACTION,RPO-USD_OIS_0.5Y-093,True,SYNTHETIC_RFET_EVIDENCE,Synthetic transaction or committed-quote event; not an observed public closing price
USD_OIS_0.5Y,2026-04-15,SYNTHETIC_ARM_LENGTH_TRANSACTION,RPO-USD_OIS_0.5Y-094,True,SYNTHETIC_RFET_EVIDENCE,Synthetic transaction or committed-quote event; not an observed public closing price
USD_OIS_0.5Y,2026-04-17,SYNTHETIC_ARM_LENGTH_TRANSACTION,RPO-USD_OIS_0.5Y-095,True,SYNTHETIC_RFET_EVIDENCE,Synthetic transaction or committed-quote event; not an observed public closing price
USD_OIS_0.5Y,2026-04-22,SYNTHETIC_ARM_LENGTH_TRANSACTION,RPO-USD_OIS_0.5Y-096,True,SYNTHETIC_RFET_EVIDENCE,Synthetic transaction or committed-quote event; not an observed public closing price
USD_OIS_0.5Y,2026-04-24,SYNTHETIC_ARM_LENGTH_TRANSACTION,RPO-USD_OIS_0.5Y-097,True,SYNTHETIC_RFET_EVIDENCE,Synthetic transaction or committed-quote event; not an observed public closing price
USD_OIS_0.5Y,2026-04-28,SYNTHETIC_ARM_LENGTH_TRANSACTION,RPO-USD_OIS_0.5Y-098,True,SYNTHETIC_RFET_EVIDENCE,Synthetic transaction or committed-quote event; not an observed public closing price
USD_OIS_0.5Y,2026-04-30,SYNTHETIC_ARM_LENGTH_TRANSACTION,RPO-USD_OIS_0.5Y-099,True,SYNTHETIC_RFET_EVIDENCE,Synthetic transaction or committed-quote event; not an observed public closing price
USD_OIS_0.5Y,2026-05-05,SYNTHETIC_ARM_LENGTH_TRANSACTION,RPO-USD_OIS_0.5Y-100,True,SYNTHETIC_RFET_EVIDENCE,Synthetic transaction or committed-quote event; not an observed public closing price
USD_OIS_0.5Y,2026-05-07,SYNTHETIC_ARM_LENGTH_TRANSACTION,RPO-USD_OIS_0.5Y-101,True,SYNTHETIC_RFET_EVIDENCE,Synthetic transaction or committed-quote event; not an observed public closing price
USD_OIS_0.5Y,2026-05-11,SYNTHETIC_ARM_LENGTH_TRANSACTION,RPO-USD_OIS_0.5Y-102,True,SYNTHETIC_RFET_EVIDENCE,Synthetic transaction or committed-quote event; not an observed public closing price
USD_OIS_0.5Y,2026-05-13,SYNTHETIC_ARM_LENGTH_TRANSACTION,RPO-USD_OIS_0.5Y-103,True,SYNTHETIC_RFET_EVIDENCE,Synthetic transaction or committed-quote event; not an observed public closing price
USD_OIS_0.5Y,2026-05-15,SYNTHETIC_ARM_LENGTH_TRANSACTION,RPO-USD_OIS_0.5Y-104,True,SYNTHETIC_RFET_EVIDENCE,Synthetic transaction or committed-quote event; not an observed public closing price
USD_OIS_0.5Y,2026-05-20,SYNTHETIC_ARM_LENGTH_TRANSACTION,RPO-USD_OIS_0.5Y-105,True,SYNTHETIC_RFET_EVIDENCE,Synthetic transaction or committed-quote event; not an observed public closing price
USD_OIS_0.5Y,2026-05-22,SYNTHETIC_ARM_LENGTH_TRANSACTION,RPO-USD_OIS_0.5Y-106,True,SYNTHETIC_RFET_EVIDENCE,Synthetic transaction or committed-quote event; not an observed public closing price
USD_OIS_0.5Y,2026-05-26,SYNTHETIC_ARM_LENGTH_TRANSACTION,RPO-USD_OIS_0.5Y-107,True,SYNTHETIC_RFET_EVIDENCE,Synthetic transaction or committed-quote event; not an observed public closing price
USD_OIS_0.5Y,2026-05-28,SYNTHETIC_ARM_LENGTH_TRANSACTION,RPO-USD_OIS_0.5Y-108,True,SYNTHETIC_RFET_EVIDENCE,Synthetic transaction or committed-quote event; not an observed public closing price
USD_OIS_0.5Y,2026-06-02,SYNTHETIC_ARM_LENGTH_TRANSACTION,RPO-USD_OIS_0.5Y-109,True,SYNTHETIC_RFET_EVIDENCE,Synthetic transaction or committed-quote event; not an observed public closing price
USD_OIS_0.5Y,2026-06-04,SYNTHETIC_ARM_LENGTH_TRANSACTION,RPO-USD_OIS_0.5Y-110,True,SYNTHETIC_RFET_EVIDENCE,Synthetic transaction or committed-quote event; not an observed public closing price
USD_OIS_0.5Y,2026-06-08,SYNTHETIC_ARM_LENGTH_TRANSACTION,RPO-USD_OIS_0.5Y-111,True,SYNTHETIC_RFET_EVIDENCE,Synthetic transaction or committed-quote event; not an observed public closing price
USD_OIS_0.5Y,2026-06-10,SYNTHETIC_ARM_LENGTH_TRANSACTION,RPO-USD_OIS_0.5Y-112,True,SYNTHETIC_RFET_EVIDENCE,Synthetic transaction or committed-quote event; not an observed public closing price
USD_OIS_0.5Y,2026-06-12,SYNTHETIC_ARM_LENGTH_TRANSACTION,RPO-USD_OIS_0.5Y-113,True,SYNTHETIC_RFET_EVIDENCE,Synthetic transaction or committed-quote event; not an observed public closing price
USD_OIS_0.5Y,2026-06-17,SYNTHETIC_ARM_LENGTH_TRANSACTION,RPO-USD_OIS_0.5Y-114,True,SYNTHETIC_RFET_EVIDENCE,Synthetic transaction or committed-quote event; not an observed public closing price
USD_OIS_0.5Y,2026-06-19,SYNTHETIC_ARM_LENGTH_TRANSACTION,RPO-USD_OIS_0.5Y-115,True,SYNTHETIC_RFET_EVIDENCE,Synthetic transaction or committed-quote event; not an observed public closing price
USD_OIS_0.5Y,2026-06-23,SYNTHETIC_ARM_LENGTH_TRANSACTION,RPO-USD_OIS_0.5Y-116,True,SYNTHETIC_RFET_EVIDENCE,Synthetic transaction or committed-quote event; not an observed public closing price
USD_OIS_0.5Y,2026-06-25,SYNTHETIC_ARM_LENGTH_TRANSACTION,RPO-USD_OIS_0.5Y-117,True,SYNTHETIC_RFET_EVIDENCE,Synthetic transaction or committed-quote event; not an observed public closing price
USD_OIS_0.5Y,2026-06-30,SYNTHETIC_ARM_LENGTH_TRANSACTION,RPO-USD_OIS_0.5Y-118,True,SYNTHETIC_RFET_EVIDENCE,Synthetic transaction or committed-quote event; not an observed public closing price
USD_OIS_1.0Y,2025-07-01,SYNTHETIC_ARM_LENGTH_TRANSACTION,RPO-USD_OIS_1.0Y-001,True,SYNTHETIC_RFET_EVIDENCE,Synthetic transaction or committed-quote event; not an observed public closing price
USD_OIS_1.0Y,2025-07-03,SYNTHETIC_ARM_LENGTH_TRANSACTION,RPO-USD_OIS_1.0Y-002,True,SYNTHETIC_RFET_EVIDENCE,Synthetic transaction or committed-quote event; not an observed public closing price
USD_OIS_1.0Y,2025-07-07,SYNTHETIC_ARM_LENGTH_TRANSACTION,RPO-USD_OIS_1.0Y-003,True,SYNTHETIC_RFET_EVIDENCE,Synthetic transaction or committed-quote event; not an observed public closing price
USD_OIS_1.0Y,2025-07-09,SYNTHETIC_ARM_LENGTH_TRANSACTION,RPO-USD_OIS_1.0Y-004,True,SYNTHETIC_RFET_EVIDENCE,Synthetic transaction or committed-quote event; not an observed public closing price
USD_OIS_1.0Y,2025-07-11,SYNTHETIC_ARM_LENGTH_TRANSACTION,RPO-USD_OIS_1.0Y-005,True,SYNTHETIC_RFET_EVIDENCE,Synthetic transaction or committed-quote event; not an observed public closing price
USD_OIS_1.0Y,2025-07-16,SYNTHETIC_ARM_LENGTH_TRANSACTION,RPO-USD_OIS_1.0Y-006,True,SYNTHETIC_RFET_EVIDENCE,Synthetic transaction or committed-quote event; not an observed public closing price
USD_OIS_1.0Y,2025-07-18,SYNTHETIC_ARM_LENGTH_TRANSACTION,RPO-USD_OIS_1.0Y-007,True,SYNTHETIC_RFET_EVIDENCE,Synthetic transaction or committed-quote event; not an observed public closing price
USD_OIS_1.0Y,2025-07-22,SYNTHETIC_ARM_LENGTH_TRANSACTION,RPO-USD_OIS_1.0Y-008,True,SYNTHETIC_RFET_EVIDENCE,Synthetic transaction or committed-quote event; not an observed public closing price
USD_OIS_1.0Y,2025-07-24,SYNTHETIC_ARM_LENGTH_TRANSACTION,RPO-USD_OIS_1.0Y-009,True,SYNTHETIC_RFET_EVIDENCE,Synthetic transaction or committed-quote event; not an observed public closing price
USD_OIS_1.0Y,2025-07-29,SYNTHETIC_ARM_LENGTH_TRANSACTION,RPO-USD_OIS_1.0Y-010,True,SYNTHETIC_RFET_EVIDENCE,Synthetic transaction or committed-quote event; not an observed public closing price
USD_OIS_1.0Y,2025-07-31,SYNTHETIC_ARM_LENGTH_TRANSACTION,RPO-USD_OIS_1.0Y-011,True,SYNTHETIC_RFET_EVIDENCE,Synthetic transaction or committed-quote event; not an observed public closing price
USD_OIS_1.0Y,2025-08-04,SYNTHETIC_ARM_LENGTH_TRANSACTION,RPO-USD_OIS_1.0Y-012,True,SYNTHETIC_RFET_EVIDENCE,Synthetic transaction or committed-quote event; not an observed public closing price
USD_OIS_1.0Y,2025-08-06,SYNTHETIC_ARM_LENGTH_TRANSACTION,RPO-USD_OIS_1.0Y-013,True,SYNTHETIC_RFET_EVIDENCE,Synthetic transaction or committed-quote event; not an observed public closing price
USD_OIS_1.0Y,2025-08-08,SYNTHETIC_ARM_LENGTH_TRANSACTION,RPO-USD_OIS_1.0Y-014,True,SYNTHETIC_RFET_EVIDENCE,Synthetic transaction or committed-quote event; not an observed public closing price
USD_OIS_1.0Y,2025-08-13,SYNTHETIC_ARM_LENGTH_TRANSACTION,RPO-USD_OIS_1.0Y-015,True,SYNTHETIC_RFET_EVIDENCE,Synthetic transaction or committed-quote event; not an observed public closing price
USD_OIS_1.0Y,2025-08-15,SYNTHETIC_ARM_LENGTH_TRANSACTION,RPO-USD_OIS_1.0Y-016,True,SYNTHETIC_RFET_EVIDENCE,Synthetic transaction or committed-quote event; not an observed public closing price
USD_OIS_1.0Y,2025-08-19,SYNTHETIC_ARM_LENGTH_TRANSACTION,RPO-USD_OIS_1.0Y-017,True,SYNTHETIC_RFET_EVIDENCE,Synthetic transaction or committed-quote event; not an observed public closing price
USD_OIS_1.0Y,2025-08-21,SYNTHETIC_ARM_LENGTH_TRANSACTION,RPO-USD_OIS_1.0Y-018,True,SYNTHETIC_RFET_EVIDENCE,Synthetic transaction or committed-quote event; not an observed public closing price
USD_OIS_1.0Y,2025-08-26,SYNTHETIC_ARM_LENGTH_TRANSACTION,RPO-USD_OIS_1.0Y-019,True,SYNTHETIC_RFET_EVIDENCE,Synthetic transaction or committed-quote event; not an observed public closing price
USD_OIS_1.0Y,2025-08-28,SYNTHETIC_ARM_LENGTH_TRANSACTION,RPO-USD_OIS_1.0Y-020,True,SYNTHETIC_RFET_EVIDENCE,Synthetic transaction or committed-quote event; not an observed public closing price
USD_OIS_1.0Y,2025-09-01,SYNTHETIC_ARM_LENGTH_TRANSACTION,RPO-USD_OIS_1.0Y-021,True,SYNTHETIC_RFET_EVIDENCE,Synthetic transaction or committed-quote event; not an observed public closing price
USD_OIS_1.0Y,2025-09-03,SYNTHETIC_ARM_LENGTH_TRANSACTION,RPO-USD_OIS_1.0Y-022,True,SYNTHETIC_RFET_EVIDENCE,Synthetic transaction or committed-quote event; not an observed public closing price
USD_OIS_1.0Y,2025-09-05,SYNTHETIC_ARM_LENGTH_TRANSACTION,RPO-USD_OIS_1.0Y-023,True,SYNTHETIC_RFET_EVIDENCE,Synthetic transaction or committed-quote event; not an observed public closing price
USD_OIS_1.0Y,2025-09-10,SYNTHETIC_ARM_LENGTH_TRANSACTION,RPO-USD_OIS_1.0Y-024,True,SYNTHETIC_RFET_EVIDENCE,Synthetic transaction or committed-quote event; not an observed public closing price
USD_OIS_1.0Y,2025-09-12,SYNTHETIC_ARM_LENGTH_TRANSACTION,RPO-USD_OIS_1.0Y-025,True,SYNTHETIC_RFET_EVIDENCE,Synthetic transaction or committed-quote event; not an observed public closing price
USD_OIS_1.0Y,2025-09-16,SYNTHETIC_ARM_LENGTH_TRANSACTION,RPO-USD_OIS_1.0Y-026,True,SYNTHETIC_RFET_EVIDENCE,Synthetic transaction or committed-quote event; not an observed public closing price
USD_OIS_1.0Y,2025-09-18,SYNTHETIC_ARM_LENGTH_TRANSACTION,RPO-USD_OIS_1.0Y-027,True,SYNTHETIC_RFET_EVIDENCE,Synthetic transaction or committed-quote event; not an observed public closing price
USD_OIS_1.0Y,2025-09-23,SYNTHETIC_ARM_LENGTH_TRANSACTION,RPO-USD_OIS_1.0Y-028,True,SYNTHETIC_RFET_EVIDENCE,Synthetic transaction or committed-quote event; not an observed public closing price
USD_OIS_1.0Y,2025-09-25,SYNTHETIC_ARM_LENGTH_TRANSACTION,RPO-USD_OIS_1.0Y-029,True,SYNTHETIC_RFET_EVIDENCE,Synthetic transaction or committed-quote event; not an observed public closing price
USD_OIS_1.0Y,2025-09-29,SYNTHETIC_ARM_LENGTH_TRANSACTION,RPO-USD_OIS_1.0Y-030,True,SYNTHETIC_RFET_EVIDENCE,Synthetic transaction or committed-quote event; not an observed public closing price
USD_OIS_1.0Y,2025-10-01,SYNTHETIC_ARM_LENGTH_TRANSACTION,RPO-USD_OIS_1.0Y-031,True,SYNTHETIC_RFET_EVIDENCE,Synthetic transaction or committed-quote event; not an observed public closing price
USD_OIS_1.0Y,2025-10-03,SYNTHETIC_ARM_LENGTH_TRANSACTION,RPO-USD_OIS_1.0Y-032,True,SYNTHETIC_RFET_EVIDENCE,Synthetic transaction or committed-quote event; not an observed public closing price
USD_OIS_1.0Y,2025-10-08,SYNTHETIC_ARM_LENGTH_TRANSACTION,RPO-USD_OIS_1.0Y-033,True,SYNTHETIC_RFET_EVIDENCE,Synthetic transaction or committed-quote event; not an observed public closing price
USD_OIS_1.0Y,2025-10-10,SYNTHETIC_ARM_LENGTH_TRANSACTION,RPO-USD_OIS_1.0Y-034,True,SYNTHETIC_RFET_EVIDENCE,Synthetic transaction or committed-quote event; not an observed public closing price
USD_OIS_1.0Y,2025-10-14,SYNTHETIC_ARM_LENGTH_TRANSACTION,RPO-USD_OIS_1.0Y-035,True,SYNTHETIC_RFET_EVIDENCE,Synthetic transaction or committed-quote event; not an observed public closing price
USD_OIS_1.0Y,2025-10-16,SYNTHETIC_ARM_LENGTH_TRANSACTION,RPO-USD_OIS_1.0Y-036,True,SYNTHETIC_RFET_EVIDENCE,Synthetic transaction or committed-quote event; not an observed public closing price
USD_OIS_1.0Y,2025-10-21,SYNTHETIC_ARM_LENGTH_TRANSACTION,RPO-USD_OIS_1.0Y-037,True,SYNTHETIC_RFET_EVIDENCE,Synthetic transaction or committed-quote event; not an observed public closing price
USD_OIS_1.0Y,2025-10-23,SYNTHETIC_ARM_LENGTH_TRANSACTION,RPO-USD_OIS_1.0Y-038,True,SYNTHETIC_RFET_EVIDENCE,Synthetic transaction or committed-quote event; not an observed public closing price
USD_OIS_1.0Y,2025-10-27,SYNTHETIC_ARM_LENGTH_TRANSACTION,RPO-USD_OIS_1.0Y-039,True,SYNTHETIC_RFET_EVIDENCE,Synthetic transaction or committed-quote event; not an observed public closing price
USD_OIS_1.0Y,2025-10-29,SYNTHETIC_ARM_LENGTH_TRANSACTION,RPO-USD_OIS_1.0Y-040,True,SYNTHETIC_RFET_EVIDENCE,Synthetic transaction or committed-quote event; not an observed public closing price
USD_OIS_1.0Y,2025-10-31,SYNTHETIC_ARM_LENGTH_TRANSACTION,RPO-USD_OIS_1.0Y-041,True,SYNTHETIC_RFET_EVIDENCE,Synthetic transaction or committed-quote event; not an observed public closing price
USD_OIS_1.0Y,2025-11-05,SYNTHETIC_ARM_LENGTH_TRANSACTION,RPO-USD_OIS_1.0Y-042,True,SYNTHETIC_RFET_EVIDENCE,Synthetic transaction or committed-quote event; not an observed public closing price
USD_OIS_1.0Y,2025-11-07,SYNTHETIC_ARM_LENGTH_TRANSACTION,RPO-USD_OIS_1.0Y-043,True,SYNTHETIC_RFET_EVIDENCE,Synthetic transaction or committed-quote event; not an observed public closing price
USD_OIS_1.0Y,2025-11-11,SYNTHETIC_ARM_LENGTH_TRANSACTION,RPO-USD_OIS_1.0Y-044,True,SYNTHETIC_RFET_EVIDENCE,Synthetic transaction or committed-quote event; not an observed public closing price
USD_OIS_1.0Y,2025-11-13,SYNTHETIC_ARM_LENGTH_TRANSACTION,RPO-USD_OIS_1.0Y-045,True,SYNTHETIC_RFET_EVIDENCE,Synthetic transaction or committed-quote event; not an observed public closing price
USD_OIS_1.0Y,2025-11-18,SYNTHETIC_ARM_LENGTH_TRANSACTION,RPO-USD_OIS_1.0Y-046,True,SYNTHETIC_RFET_EVIDENCE,Synthetic transaction or committed-quote event; not an observed public closing price
USD_OIS_1.0Y,2025-11-20,SYNTHETIC_ARM_LENGTH_TRANSACTION,RPO-USD_OIS_1.0Y-047,True,SYNTHETIC_RFET_EVIDENCE,Synthetic transaction or committed-quote event; not an observed public closing price
USD_OIS_1.0Y,2025-11-24,SYNTHETIC_ARM_LENGTH_TRANSACTION,RPO-USD_OIS_1.0Y-048,True,SYNTHETIC_RFET_EVIDENCE,Synthetic transaction or committed-quote event; not an observed public closing price
USD_OIS_1.0Y,2025-11-26,SYNTHETIC_ARM_LENGTH_TRANSACTION,RPO-USD_OIS_1.0Y-049,True,SYNTHETIC_RFET_EVIDENCE,Synthetic transaction or committed-quote event; not an observed public closing price
USD_OIS_1.0Y,2025-11-28,SYNTHETIC_ARM_LENGTH_TRANSACTION,RPO-USD_OIS_1.0Y-050,True,SYNTHETIC_RFET_EVIDENCE,Synthetic transaction or committed-quote event; not an observed public closing price
USD_OIS_1.0Y,2025-12-03,SYNTHETIC_ARM_LENGTH_TRANSACTION,RPO-USD_OIS_1.0Y-051,True,SYNTHETIC_RFET_EVIDENCE,Synthetic transaction or committed-quote event; not an observed public closing price
USD_OIS_1.0Y,2025-12-05,SYNTHETIC_ARM_LENGTH_TRANSACTION,RPO-USD_OIS_1.0Y-052,True,SYNTHETIC_RFET_EVIDENCE,Synthetic transaction or committed-quote event; not an observed public closing price
USD_OIS_1.0Y,2025-12-09,SYNTHETIC_ARM_LENGTH_TRANSACTION,RPO-USD_OIS_1.0Y-053,True,SYNTHETIC_RFET_EVIDENCE,Synthetic transaction or committed-quote event; not an observed public closing price
USD_OIS_1.0Y,2025-12-11,SYNTHETIC_ARM_LENGTH_TRANSACTION,RPO-USD_OIS_1.0Y-054,True,SYNTHETIC_RFET_EVIDENCE,Synthetic transaction or committed-quote event; not an observed public closing price
USD_OIS_1.0Y,2025-12-16,SYNTHETIC_ARM_LENGTH_TRANSACTION,RPO-USD_OIS_1.0Y-055,True,SYNTHETIC_RFET_EVIDENCE,Synthetic transaction or committed-quote event; not an observed public closing price
USD_OIS_1.0Y,2025-12-18,SYNTHETIC_ARM_LENGTH_TRANSACTION,RPO-USD_OIS_1.0Y-056,True,SYNTHETIC_RFET_EVIDENCE,Synthetic transaction or committed-quote event; not an observed public closing price
USD_OIS_1.0Y,2025-12-22,SYNTHETIC_ARM_LENGTH_TRANSACTION,RPO-USD_OIS_1.0Y-057,True,SYNTHETIC_RFET_EVIDENCE,Synthetic transaction or committed-quote event; not an observed public closing price
USD_OIS_1.0Y,2025-12-24,SYNTHETIC_ARM_LENGTH_TRANSACTION,RPO-USD_OIS_1.0Y-058,True,SYNTHETIC_RFET_EVIDENCE,Synthetic transaction or committed-quote event; not an observed public closing price
USD_OIS_1.0Y,2025-12-26,SYNTHETIC_ARM_LENGTH_TRANSACTION,RPO-USD_OIS_1.0Y-059,True,SYNTHETIC_RFET_EVIDENCE,Synthetic transaction or committed-quote event; not an observed public closing price
USD_OIS_1.0Y,2025-12-31,SYNTHETIC_ARM_LENGTH_TRANSACTION,RPO-USD_OIS_1.0Y-060,True,SYNTHETIC_RFET_EVIDENCE,Synthetic transaction or committed-quote event; not an observed public closing price
USD_OIS_1.0Y,2026-01-02,SYNTHETIC_ARM_LENGTH_TRANSACTION,RPO-USD_OIS_1.0Y-061,True,SYNTHETIC_RFET_EVIDENCE,Synthetic transaction or committed-quote event; not an observed public closing price
USD_OIS_1.0Y,2026-01-06,SYNTHETIC_ARM_LENGTH_TRANSACTION,RPO-USD_OIS_1.0Y-062,True,SYNTHETIC_RFET_EVIDENCE,Synthetic transaction or committed-quote event; not an observed public closing price
USD_OIS_1.0Y,2026-01-08,SYNTHETIC_ARM_LENGTH_TRANSACTION,RPO-USD_OIS_1.0Y-063,True,SYNTHETIC_RFET_EVIDENCE,Synthetic transaction or committed-quote event; not an observed public closing price
USD_OIS_1.0Y,2026-01-13,SYNTHETIC_ARM_LENGTH_TRANSACTION,RPO-USD_OIS_1.0Y-064,True,SYNTHETIC_RFET_EVIDENCE,Synthetic transaction or committed-quote event; not an observed public closing price
USD_OIS_1.0Y,2026-01-15,SYNTHETIC_ARM_LENGTH_TRANSACTION,RPO-USD_OIS_1.0Y-065,True,SYNTHETIC_RFET_EVIDENCE,Synthetic transaction or committed-quote event; not an observed public closing price
USD_OIS_1.0Y,2026-01-19,SYNTHETIC_ARM_LENGTH_TRANSACTION,RPO-USD_OIS_1.0Y-066,True,SYNTHETIC_RFET_EVIDENCE,Synthetic transaction or committed-quote event; not an observed public closing price
USD_OIS_1.0Y,2026-01-21,SYNTHETIC_ARM_LENGTH_TRANSACTION,RPO-USD_OIS_1.0Y-067,True,SYNTHETIC_RFET_EVIDENCE,Synthetic transaction or committed-quote event; not an observed public closing price
USD_OIS_1.0Y,2026-01-23,SYNTHETIC_ARM_LENGTH_TRANSACTION,RPO-USD_OIS_1.0Y-068,True,SYNTHETIC_RFET_EVIDENCE,Synthetic transaction or committed-quote event; not an observed public closing price
USD_OIS_1.0Y,2026-01-28,SYNTHETIC_ARM_LENGTH_TRANSACTION,RPO-USD_OIS_1.0Y-069,True,SYNTHETIC_RFET_EVIDENCE,Synthetic transaction or committed-quote event; not an observed public closing price
USD_OIS_1.0Y,2026-01-30,SYNTHETIC_ARM_LENGTH_TRANSACTION,RPO-USD_OIS_1.0Y-070,True,SYNTHETIC_RFET_EVIDENCE,Synthetic transaction or committed-quote event; not an observed public closing price
USD_OIS_1.0Y,2026-02-03,SYNTHETIC_ARM_LENGTH_TRANSACTION,RPO-USD_OIS_1.0Y-071,True,SYNTHETIC_RFET_EVIDENCE,Synthetic transaction or committed-quote event; not an observed public closing price
USD_OIS_1.0Y,2026-02-05,SYNTHETIC_ARM_LENGTH_TRANSACTION,RPO-USD_OIS_1.0Y-072,True,SYNTHETIC_RFET_EVIDENCE,Synthetic transaction or committed-quote event; not an observed public closing price
USD_OIS_1.0Y,2026-02-10,SYNTHETIC_ARM_LENGTH_TRANSACTION,RPO-USD_OIS_1.0Y-073,True,SYNTHETIC_RFET_EVIDENCE,Synthetic transaction or committed-quote event; not an observed public closing price
USD_OIS_1.0Y,2026-02-12,SYNTHETIC_ARM_LENGTH_TRANSACTION,RPO-USD_OIS_1.0Y-074,True,SYNTHETIC_RFET_EVIDENCE,Synthetic transaction or committed-quote event; not an observed public closing price
USD_OIS_1.0Y,2026-02-16,SYNTHETIC_ARM_LENGTH_TRANSACTION,RPO-USD_OIS_1.0Y-075,True,SYNTHETIC_RFET_EVIDENCE,Synthetic transaction or committed-quote event; not an observed public closing price
USD_OIS_1.0Y,2026-02-18,SYNTHETIC_ARM_LENGTH_TRANSACTION,RPO-USD_OIS_1.0Y-076,True,SYNTHETIC_RFET_EVIDENCE,Synthetic transaction or committed-quote event; not an observed public closing price
USD_OIS_1.0Y,2026-02-20,SYNTHETIC_ARM_LENGTH_TRANSACTION,RPO-USD_OIS_1.0Y-077,True,SYNTHETIC_RFET_EVIDENCE,Synthetic transaction or committed-quote event; not an observed public closing price
USD_OIS_1.0Y,2026-02-25,SYNTHETIC_ARM_LENGTH_TRANSACTION,RPO-USD_OIS_1.0Y-078,True,SYNTHETIC_RFET_EVIDENCE,Synthetic transaction or committed-quote event; not an observed public closing price
USD_OIS_1.0Y,2026-02-27,SYNTHETIC_ARM_LENGTH_TRANSACTION,RPO-USD_OIS_1.0Y-079,True,SYNTHETIC_RFET_EVIDENCE,Synthetic transaction or committed-quote event; not an observed public closing price
USD_OIS_1.0Y,2026-03-03,SYNTHETIC_ARM_LENGTH_TRANSACTION,RPO-USD_OIS_1.0Y-080,True,SYNTHETIC_RFET_EVIDENCE,Synthetic transaction or committed-quote event; not an observed public closing price
USD_OIS_1.0Y,2026-03-05,SYNTHETIC_ARM_LENGTH_TRANSACTION,RPO-USD_OIS_1.0Y-081,True,SYNTHETIC_RFET_EVIDENCE,Synthetic transaction or committed-quote event; not an observed public closing price
USD_OIS_1.0Y,2026-03-10,SYNTHETIC_ARM_LENGTH_TRANSACTION,RPO-USD_OIS_1.0Y-082,True,SYNTHETIC_RFET_EVIDENCE,Synthetic transaction or committed-quote event; not an observed public closing price
USD_OIS_1.0Y,2026-03-12,SYNTHETIC_ARM_LENGTH_TRANSACTION,RPO-USD_OIS_1.0Y-083,True,SYNTHETIC_RFET_EVIDENCE,Synthetic transaction or committed-quote event; not an observed public closing price
USD_OIS_1.0Y,2026-03-16,SYNTHETIC_ARM_LENGTH_TRANSACTION,RPO-USD_OIS_1.0Y-084,True,SYNTHETIC_RFET_EVIDENCE,Synthetic transaction or committed-quote event; not an observed public closing price
USD_OIS_1.0Y,2026-03-18,SYNTHETIC_ARM_LENGTH_TRANSACTION,RPO-USD_OIS_1.0Y-085,True,SYNTHETIC_RFET_EVIDENCE,Synthetic transaction or committed-quote event; not an observed public closing price
USD_OIS_1.0Y,2026-03-20,SYNTHETIC_ARM_LENGTH_TRANSACTION,RPO-USD_OIS_1.0Y-086,True,SYNTHETIC_RFET_EVIDENCE,Synthetic transaction or committed-quote event; not an observed public closing price
USD_OIS_1.0Y,2026-03-25,SYNTHETIC_ARM_LENGTH_TRANSACTION,RPO-USD_OIS_1.0Y-087,True,SYNTHETIC_RFET_EVIDENCE,Synthetic transaction or committed-quote event; not an observed public closing price
USD_OIS_1.0Y,2026-03-27,SYNTHETIC_ARM_LENGTH_TRANSACTION,RPO-USD_OIS_1.0Y-088,True,SYNTHETIC_RFET_EVIDENCE,Synthetic transaction or committed-quote event; not an observed public closing price
USD_OIS_1.0Y,2026-03-31,SYNTHETIC_ARM_LENGTH_TRANSACTION,RPO-USD_OIS_1.0Y-089,True,SYNTHETIC_RFET_EVIDENCE,Synthetic transaction or committed-quote event; not an observed public closing price
USD_OIS_1.0Y,2026-04-02,SYNTHETIC_ARM_LENGTH_TRANSACTION,RPO-USD_OIS_1.0Y-090,True,SYNTHETIC_RFET_EVIDENCE,Synthetic transaction or committed-quote event; not an observed public closing price
USD_OIS_1.0Y,2026-04-07,SYNTHETIC_ARM_LENGTH_TRANSACTION,RPO-USD_OIS_1.0Y-091,True,SYNTHETIC_RFET_EVIDENCE,Synthetic transaction or committed-quote event; not an observed public closing price
USD_OIS_1.0Y,2026-04-09,SYNTHETIC_ARM_LENGTH_TRANSACTION,RPO-USD_OIS_1.0Y-092,True,SYNTHETIC_RFET_EVIDENCE,Synthetic transaction or committed-quote event; not an observed public closing price
USD_OIS_1.0Y,2026-04-13,SYNTHETIC_ARM_LENGTH_TRANSACTION,RPO-USD_OIS_1.0Y-093,True,SYNTHETIC_RFET_EVIDENCE,Synthetic transaction or committed-quote event; not an observed public closing price
USD_OIS_1.0Y,2026-04-15,SYNTHETIC_ARM_LENGTH_TRANSACTION,RPO-USD_OIS_1.0Y-094,True,SYNTHETIC_RFET_EVIDENCE,Synthetic transaction or committed-quote event; not an observed public closing price
USD_OIS_1.0Y,2026-04-17,SYNTHETIC_ARM_LENGTH_TRANSACTION,RPO-USD_OIS_1.0Y-095,True,SYNTHETIC_RFET_EVIDENCE,Synthetic transaction or committed-quote event; not an observed public closing price
USD_OIS_1.0Y,2026-04-22,SYNTHETIC_ARM_LENGTH_TRANSACTION,RPO-USD_OIS_1.0Y-096,True,SYNTHETIC_RFET_EVIDENCE,Synthetic transaction or committed-quote event; not an observed public closing price
USD_OIS_1.0Y,2026-04-24,SYNTHETIC_ARM_LENGTH_TRANSACTION,RPO-USD_OIS_1.0Y-097,True,SYNTHETIC_RFET_EVIDENCE,Synthetic transaction or committed-quote event; not an observed public closing price
USD_OIS_1.0Y,2026-04-28,SYNTHETIC_ARM_LENGTH_TRANSACTION,RPO-USD_OIS_1.0Y-098,True,SYNTHETIC_RFET_EVIDENCE,Synthetic transaction or committed-quote event; not an observed public closing price
USD_OIS_1.0Y,2026-04-30,SYNTHETIC_ARM_LENGTH_TRANSACTION,RPO-USD_OIS_1.0Y-099,True,SYNTHETIC_RFET_EVIDENCE,Synthetic transaction or committed-quote event; not an observed public closing price
USD_OIS_1.0Y,2026-05-05,SYNTHETIC_ARM_LENGTH_TRANSACTION,RPO-USD_OIS_1.0Y-100,True,SYNTHETIC_RFET_EVIDENCE,Synthetic transaction or committed-quote event; not an observed public closing price
USD_OIS_1.0Y,2026-05-07,SYNTHETIC_ARM_LENGTH_TRANSACTION,RPO-USD_OIS_1.0Y-101,True,SYNTHETIC_RFET_EVIDENCE,Synthetic transaction or committed-quote event; not an observed public closing price
USD_OIS_1.0Y,2026-05-11,SYNTHETIC_ARM_LENGTH_TRANSACTION,RPO-USD_OIS_1.0Y-102,True,SYNTHETIC_RFET_EVIDENCE,Synthetic transaction or committed-quote event; not an observed public closing price
USD_OIS_1.0Y,2026-05-13,SYNTHETIC_ARM_LENGTH_TRANSACTION,RPO-USD_OIS_1.0Y-103,True,SYNTHETIC_RFET_EVIDENCE,Synthetic transaction or committed-quote event; not an observed public closing price
USD_OIS_1.0Y,2026-05-15,SYNTHETIC_ARM_LENGTH_TRANSACTION,RPO-USD_OIS_1.0Y-104,True,SYNTHETIC_RFET_EVIDENCE,Synthetic transaction or committed-quote event; not an observed public closing price
USD_OIS_1.0Y,2026-05-20,SYNTHETIC_ARM_LENGTH_TRANSACTION,RPO-USD_OIS_1.0Y-105,True,SYNTHETIC_RFET_EVIDENCE,Synthetic transaction or committed-quote event; not an observed public closing price
USD_OIS_1.0Y,2026-05-22,SYNTHETIC_ARM_LENGTH_TRANSACTION,RPO-USD_OIS_1.0Y-106,True,SYNTHETIC_RFET_EVIDENCE,Synthetic transaction or committed-quote event; not an observed public closing price
USD_OIS_1.0Y,2026-05-26,SYNTHETIC_ARM_LENGTH_TRANSACTION,RPO-USD_OIS_1.0Y-107,True,SYNTHETIC_RFET_EVIDENCE,Synthetic transaction or committed-quote event; not an observed public closing price
USD_OIS_1.0Y,2026-05-28,SYNTHETIC_ARM_LENGTH_TRANSACTION,RPO-USD_OIS_1.0Y-108,True,SYNTHETIC_RFET_EVIDENCE,Synthetic transaction or committed-quote event; not an observed public closing price
USD_OIS_1.0Y,2026-06-02,SYNTHETIC_ARM_LENGTH_TRANSACTION,RPO-USD_OIS_1.0Y-109,True,SYNTHETIC_RFET_EVIDENCE,Synthetic transaction or committed-quote event; not an observed public closing price
USD_OIS_1.0Y,2026-06-04,SYNTHETIC_ARM_LENGTH_TRANSACTION,RPO-USD_OIS_1.0Y-110,True,SYNTHETIC_RFET_EVIDENCE,Synthetic transaction or committed-quote event; not an observed public closing price
USD_OIS_1.0Y,2026-06-08,SYNTHETIC_ARM_LENGTH_TRANSACTION,RPO-USD_OIS_1.0Y-111,True,SYNTHETIC_RFET_EVIDENCE,Synthetic transaction or committed-quote event; not an observed public closing price
USD_OIS_1.0Y,2026-06-10,SYNTHETIC_ARM_LENGTH_TRANSACTION,RPO-USD_OIS_1.0Y-112,True,SYNTHETIC_RFET_EVIDENCE,Synthetic transaction or committed-quote event; not an observed public closing price
USD_OIS_1.0Y,2026-06-12,SYNTHETIC_ARM_LENGTH_TRANSACTION,RPO-USD_OIS_1.0Y-113,True,SYNTHETIC_RFET_EVIDENCE,Synthetic transaction or committed-quote event; not an observed public closing price
USD_OIS_1.0Y,2026-06-17,SYNTHETIC_ARM_LENGTH_TRANSACTION,RPO-USD_OIS_1.0Y-114,True,SYNTHETIC_RFET_EVIDENCE,Synthetic transaction or committed-quote event; not an observed public closing price
USD_OIS_1.0Y,2026-06-19,SYNTHETIC_ARM_LENGTH_TRANSACTION,RPO-USD_OIS_1.0Y-115,True,SYNTHETIC_RFET_EVIDENCE,Synthetic transaction or committed-quote event; not an observed public closing price
USD_OIS_1.0Y,2026-06-23,SYNTHETIC_ARM_LENGTH_TRANSACTION,RPO-USD_OIS_1.0Y-116,True,SYNTHETIC_RFET_EVIDENCE,Synthetic transaction or committed-quote event; not an observed public closing price
USD_OIS_1.0Y,2026-06-25,SYNTHETIC_ARM_LENGTH_TRANSACTION,RPO-USD_OIS_1.0Y-117,True,SYNTHETIC_RFET_EVIDENCE,Synthetic transaction or committed-quote event; not an observed public closing price
USD_OIS_1.0Y,2026-06-30,SYNTHETIC_ARM_LENGTH_TRANSACTION,RPO-USD_OIS_1.0Y-118,True,SYNTHETIC_RFET_EVIDENCE,Synthetic transaction or committed-quote event; not an observed public closing price
USD_OIS_10.0Y,2025-07-01,SYNTHETIC_ARM_LENGTH_TRANSACTION,RPO-USD_OIS_10.0Y-001,True,SYNTHETIC_RFET_EVIDENCE,Synthetic transaction or committed-quote event; not an observed public closing price
USD_OIS_10.0Y,2025-07-03,SYNTHETIC_ARM_LENGTH_TRANSACTION,RPO-USD_OIS_10.0Y-002,True,SYNTHETIC_RFET_EVIDENCE,Synthetic transaction or committed-quote event; not an observed public closing price
USD_OIS_10.0Y,2025-07-07,SYNTHETIC_ARM_LENGTH_TRANSACTION,RPO-USD_OIS_10.0Y-003,True,SYNTHETIC_RFET_EVIDENCE,Synthetic transaction or committed-quote event; not an observed public closing price
USD_OIS_10.0Y,2025-07-09,SYNTHETIC_ARM_LENGTH_TRANSACTION,RPO-USD_OIS_10.0Y-004,True,SYNTHETIC_RFET_EVIDENCE,Synthetic transaction or committed-quote event; not an observed public closing price
USD_OIS_10.0Y,2025-07-11,SYNTHETIC_ARM_LENGTH_TRANSACTION,RPO-USD_OIS_10.0Y-005,True,SYNTHETIC_RFET_EVIDENCE,Synthetic transaction or committed-quote event; not an observed public closing price
USD_OIS_10.0Y,2025-07-16,SYNTHETIC_ARM_LENGTH_TRANSACTION,RPO-USD_OIS_10.0Y-006,True,SYNTHETIC_RFET_EVIDENCE,Synthetic transaction or committed-quote event; not an observed public closing price
USD_OIS_10.0Y,2025-07-18,SYNTHETIC_ARM_LENGTH_TRANSACTION,RPO-USD_OIS_10.0Y-007,True,SYNTHETIC_RFET_EVIDENCE,Synthetic transaction or committed-quote event; not an observed public closing price
USD_OIS_10.0Y,2025-07-22,SYNTHETIC_ARM_LENGTH_TRANSACTION,RPO-USD_OIS_10.0Y-008,True,SYNTHETIC_RFET_EVIDENCE,Synthetic transaction or committed-quote event; not an observed public closing price
USD_OIS_10.0Y,2025-07-24,SYNTHETIC_ARM_LENGTH_TRANSACTION,RPO-USD_OIS_10.0Y-009,True,SYNTHETIC_RFET_EVIDENCE,Synthetic transaction or committed-quote event; not an observed public closing price
USD_OIS_10.0Y,2025-07-29,SYNTHETIC_ARM_LENGTH_TRANSACTION,RPO-USD_OIS_10.0Y-010,True,SYNTHETIC_RFET_EVIDENCE,Synthetic transaction or committed-quote event; not an observed public closing price
USD_OIS_10.0Y,2025-07-31,SYNTHETIC_ARM_LENGTH_TRANSACTION,RPO-USD_OIS_10.0Y-011,True,SYNTHETIC_RFET_EVIDENCE,Synthetic transaction or committed-quote event; not an observed public closing price
USD_OIS_10.0Y,2025-08-04,SYNTHETIC_ARM_LENGTH_TRANSACTION,RPO-USD_OIS_10.0Y-012,True,SYNTHETIC_RFET_EVIDENCE,Synthetic transaction or committed-quote event; not an observed public closing price
USD_OIS_10.0Y,2025-08-06,SYNTHETIC_ARM_LENGTH_TRANSACTION,RPO-USD_OIS_10.0Y-013,True,SYNTHETIC_RFET_EVIDENCE,Synthetic transaction or committed-quote event; not an observed public closing price
USD_OIS_10.0Y,2025-08-08,SYNTHETIC_ARM_LENGTH_TRANSACTION,RPO-USD_OIS_10.0Y-014,True,SYNTHETIC_RFET_EVIDENCE,Synthetic transaction or committed-quote event; not an observed public closing price
USD_OIS_10.0Y,2025-08-13,SYNTHETIC_ARM_LENGTH_TRANSACTION,RPO-USD_OIS_10.0Y-015,True,SYNTHETIC_RFET_EVIDENCE,Synthetic transaction or committed-quote event; not an observed public closing price
USD_OIS_10.0Y,2025-08-15,SYNTHETIC_ARM_LENGTH_TRANSACTION,RPO-USD_OIS_10.0Y-016,True,SYNTHETIC_RFET_EVIDENCE,Synthetic transaction or committed-quote event; not an observed public closing price
USD_OIS_10.0Y,2025-08-19,SYNTHETIC_ARM_LENGTH_TRANSACTION,RPO-USD_OIS_10.0Y-017,True,SYNTHETIC_RFET_EVIDENCE,Synthetic transaction or committed-quote event; not an observed public closing price
USD_OIS_10.0Y,2025-08-21,SYNTHETIC_ARM_LENGTH_TRANSACTION,RPO-USD_OIS_10.0Y-018,True,SYNTHETIC_RFET_EVIDENCE,Synthetic transaction or committed-quote event; not an observed public closing price
USD_OIS_10.0Y,2025-08-26,SYNTHETIC_ARM_LENGTH_TRANSACTION,RPO-USD_OIS_10.0Y-019,True,SYNTHETIC_RFET_EVIDENCE,Synthetic transaction or committed-quote event; not an observed public closing price
USD_OIS_10.0Y,2025-08-28,SYNTHETIC_ARM_LENGTH_TRANSACTION,RPO-USD_OIS_10.0Y-020,True,SYNTHETIC_RFET_EVIDENCE,Synthetic transaction or committed-quote event; not an observed public closing price
USD_OIS_10.0Y,2025-09-01,SYNTHETIC_ARM_LENGTH_TRANSACTION,RPO-USD_OIS_10.0Y-021,True,SYNTHETIC_RFET_EVIDENCE,Synthetic transaction or committed-quote event; not an observed public closing price
USD_OIS_10.0Y,2025-09-03,SYNTHETIC_ARM_LENGTH_TRANSACTION,RPO-USD_OIS_10.0Y-022,True,SYNTHETIC_RFET_EVIDENCE,Synthetic transaction or committed-quote event; not an observed public closing price
USD_OIS_10.0Y,2025-09-05,SYNTHETIC_ARM_LENGTH_TRANSACTION,RPO-USD_OIS_10.0Y-023,True,SYNTHETIC_RFET_EVIDENCE,Synthetic transaction or committed-quote event; not an observed public closing price
USD_OIS_10.0Y,2025-09-10,SYNTHETIC_ARM_LENGTH_TRANSACTION,RPO-USD_OIS_10.0Y-024,True,SYNTHETIC_RFET_EVIDENCE,Synthetic transaction or committed-quote event; not an observed public closing price
USD_OIS_10.0Y,2025-09-12,SYNTHETIC_ARM_LENGTH_TRANSACTION,RPO-USD_OIS_10.0Y-025,True,SYNTHETIC_RFET_EVIDENCE,Synthetic transaction or committed-quote event; not an observed public closing price
USD_OIS_10.0Y,2025-09-16,SYNTHETIC_ARM_LENGTH_TRANSACTION,RPO-USD_OIS_10.0Y-026,True,SYNTHETIC_RFET_EVIDENCE,Synthetic transaction or committed-quote event; not an observed public closing price
USD_OIS_10.0Y,2025-09-18,SYNTHETIC_ARM_LENGTH_TRANSACTION,RPO-USD_OIS_10.0Y-027,True,SYNTHETIC_RFET_EVIDENCE,Synthetic transaction or committed-quote event; not an observed public closing price
USD_OIS_10.0Y,2025-09-23,SYNTHETIC_ARM_LENGTH_TRANSACTION,RPO-USD_OIS_10.0Y-028,True,SYNTHETIC_RFET_EVIDENCE,Synthetic transaction or committed-quote event; not an observed public closing price
USD_OIS_10.0Y,2025-09-25,SYNTHETIC_ARM_LENGTH_TRANSACTION,RPO-USD_OIS_10.0Y-029,True,SYNTHETIC_RFET_EVIDENCE,Synthetic transaction or committed-quote event; not an observed public closing price
USD_OIS_10.0Y,2025-09-29,SYNTHETIC_ARM_LENGTH_TRANSACTION,RPO-USD_OIS_10.0Y-030,True,SYNTHETIC_RFET_EVIDENCE,Synthetic transaction or committed-quote event; not an observed public closing price
USD_OIS_10.0Y,2025-10-01,SYNTHETIC_ARM_LENGTH_TRANSACTION,RPO-USD_OIS_10.0Y-031,True,SYNTHETIC_RFET_EVIDENCE,Synthetic transaction or committed-quote event; not an observed public closing price
USD_OIS_10.0Y,2025-10-03,SYNTHETIC_ARM_LENGTH_TRANSACTION,RPO-USD_OIS_10.0Y-032,True,SYNTHETIC_RFET_EVIDENCE,Synthetic transaction or committed-quote event; not an observed public closing price
USD_OIS_10.0Y,2025-10-08,SYNTHETIC_ARM_LENGTH_TRANSACTION,RPO-USD_OIS_10.0Y-033,True,SYNTHETIC_RFET_EVIDENCE,Synthetic transaction or committed-quote event; not an observed public closing price
USD_OIS_10.0Y,2025-10-10,SYNTHETIC_ARM_LENGTH_TRANSACTION,RPO-USD_OIS_10.0Y-034,True,SYNTHETIC_RFET_EVIDENCE,Synthetic transaction or committed-quote event; not an observed public closing price
USD_OIS_10.0Y,2025-10-14,SYNTHETIC_ARM_LENGTH_TRANSACTION,RPO-USD_OIS_10.0Y-035,True,SYNTHETIC_RFET_EVIDENCE,Synthetic transaction or committed-quote event; not an observed public closing price
USD_OIS_10.0Y,2025-10-16,SYNTHETIC_ARM_LENGTH_TRANSACTION,RPO-USD_OIS_10.0Y-036,True,SYNTHETIC_RFET_EVIDENCE,Synthetic transaction or committed-quote event; not an observed public closing price
USD_OIS_10.0Y,2025-10-21,SYNTHETIC_ARM_LENGTH_TRANSACTION,RPO-USD_OIS_10.0Y-037,True,SYNTHETIC_RFET_EVIDENCE,Synthetic transaction or committed-quote event; not an observed public closing price
USD_OIS_10.0Y,2025-10-23,SYNTHETIC_ARM_LENGTH_TRANSACTION,RPO-USD_OIS_10.0Y-038,True,SYNTHETIC_RFET_EVIDENCE,Synthetic transaction or committed-quote event; not an observed public closing price
USD_OIS_10.0Y,2025-10-27,SYNTHETIC_ARM_LENGTH_TRANSACTION,RPO-USD_OIS_10.0Y-039,True,SYNTHETIC_RFET_EVIDENCE,Synthetic transaction or committed-quote event; not an observed public closing price
USD_OIS_10.0Y,2025-10-29,SYNTHETIC_ARM_LENGTH_TRANSACTION,RPO-USD_OIS_10.0Y-040,True,SYNTHETIC_RFET_EVIDENCE,Synthetic transaction or committed-quote event; not an observed public closing price
USD_OIS_10.0Y,2025-10-31,SYNTHETIC_ARM_LENGTH_TRANSACTION,RPO-USD_OIS_10.0Y-041,True,SYNTHETIC_RFET_EVIDENCE,Synthetic transaction or committed-quote event; not an observed public closing price
USD_OIS_10.0Y,2025-11-05,SYNTHETIC_ARM_LENGTH_TRANSACTION,RPO-USD_OIS_10.0Y-042,True,SYNTHETIC_RFET_EVIDENCE,Synthetic transaction or committed-quote event; not an observed public closing price
USD_OIS_10.0Y,2025-11-07,SYNTHETIC_ARM_LENGTH_TRANSACTION,RPO-USD_OIS_10.0Y-043,True,SYNTHETIC_RFET_EVIDENCE,Synthetic transaction or committed-quote event; not an observed public closing price
USD_OIS_10.0Y,2025-11-11,SYNTHETIC_ARM_LENGTH_TRANSACTION,RPO-USD_OIS_10.0Y-044,True,SYNTHETIC_RFET_EVIDENCE,Synthetic transaction or committed-quote event; not an observed public closing price
USD_OIS_10.0Y,2025-11-13,SYNTHETIC_ARM_LENGTH_TRANSACTION,RPO-USD_OIS_10.0Y-045,True,SYNTHETIC_RFET_EVIDENCE,Synthetic transaction or committed-quote event; not an observed public closing price
USD_OIS_10.0Y,2025-11-18,SYNTHETIC_ARM_LENGTH_TRANSACTION,RPO-USD_OIS_10.0Y-046,True,SYNTHETIC_RFET_EVIDENCE,Synthetic transaction or committed-quote event; not an observed public closing price
USD_OIS_10.0Y,2025-11-20,SYNTHETIC_ARM_LENGTH_TRANSACTION,RPO-USD_OIS_10.0Y-047,True,SYNTHETIC_RFET_EVIDENCE,Synthetic transaction or committed-quote event; not an observed public closing price
USD_OIS_10.0Y,2025-11-24,SYNTHETIC_ARM_LENGTH_TRANSACTION,RPO-USD_OIS_10.0Y-048,True,SYNTHETIC_RFET_EVIDENCE,Synthetic transaction or committed-quote event; not an observed public closing price
USD_OIS_10.0Y,2025-11-26,SYNTHETIC_ARM_LENGTH_TRANSACTION,RPO-USD_OIS_10.0Y-049,True,SYNTHETIC_RFET_EVIDENCE,Synthetic transaction or committed-quote event; not an observed public closing price
USD_OIS_10.0Y,2025-11-28,SYNTHETIC_ARM_LENGTH_TRANSACTION,RPO-USD_OIS_10.0Y-050,True,SYNTHETIC_RFET_EVIDENCE,Synthetic transaction or committed-quote event; not an observed public closing price
USD_OIS_10.0Y,2025-12-03,SYNTHETIC_ARM_LENGTH_TRANSACTION,RPO-USD_OIS_10.0Y-051,True,SYNTHETIC_RFET_EVIDENCE,Synthetic transaction or committed-quote event; not an observed public closing price
USD_OIS_10.0Y,2025-12-05,SYNTHETIC_ARM_LENGTH_TRANSACTION,RPO-USD_OIS_10.0Y-052,True,SYNTHETIC_RFET_EVIDENCE,Synthetic transaction or committed-quote event; not an observed public closing price
USD_OIS_10.0Y,2025-12-09,SYNTHETIC_ARM_LENGTH_TRANSACTION,RPO-USD_OIS_10.0Y-053,True,SYNTHETIC_RFET_EVIDENCE,Synthetic transaction or committed-quote event; not an observed public closing price
USD_OIS_10.0Y,2025-12-11,SYNTHETIC_ARM_LENGTH_TRANSACTION,RPO-USD_OIS_10.0Y-054,True,SYNTHETIC_RFET_EVIDENCE,Synthetic transaction or committed-quote event; not an observed public closing price
USD_OIS_10.0Y,2025-12-16,SYNTHETIC_ARM_LENGTH_TRANSACTION,RPO-USD_OIS_10.0Y-055,True,SYNTHETIC_RFET_EVIDENCE,Synthetic transaction or committed-quote event; not an observed public closing price
USD_OIS_10.0Y,2025-12-18,SYNTHETIC_ARM_LENGTH_TRANSACTION,RPO-USD_OIS_10.0Y-056,True,SYNTHETIC_RFET_EVIDENCE,Synthetic transaction or committed-quote event; not an observed public closing price
USD_OIS_10.0Y,2025-12-22,SYNTHETIC_ARM_LENGTH_TRANSACTION,RPO-USD_OIS_10.0Y-057,True,SYNTHETIC_RFET_EVIDENCE,Synthetic transaction or committed-quote event; not an observed public closing price
USD_OIS_10.0Y,2025-12-24,SYNTHETIC_ARM_LENGTH_TRANSACTION,RPO-USD_OIS_10.0Y-058,True,SYNTHETIC_RFET_EVIDENCE,Synthetic transaction or committed-quote event; not an observed public closing price
USD_OIS_10.0Y,2025-12-26,SYNTHETIC_ARM_LENGTH_TRANSACTION,RPO-USD_OIS_10.0Y-059,True,SYNTHETIC_RFET_EVIDENCE,Synthetic transaction or committed-quote event; not an observed public closing price
USD_OIS_10.0Y,2025-12-31,SYNTHETIC_ARM_LENGTH_TRANSACTION,RPO-USD_OIS_10.0Y-060,True,SYNTHETIC_RFET_EVIDENCE,Synthetic transaction or committed-quote event; not an observed public closing price
USD_OIS_10.0Y,2026-01-02,SYNTHETIC_ARM_LENGTH_TRANSACTION,RPO-USD_OIS_10.0Y-061,True,SYNTHETIC_RFET_EVIDENCE,Synthetic transaction or committed-quote event; not an observed public closing price
USD_OIS_10.0Y,2026-01-06,SYNTHETIC_ARM_LENGTH_TRANSACTION,RPO-USD_OIS_10.0Y-062,True,SYNTHETIC_RFET_EVIDENCE,Synthetic transaction or committed-quote event; not an observed public closing price
USD_OIS_10.0Y,2026-01-08,SYNTHETIC_ARM_LENGTH_TRANSACTION,RPO-USD_OIS_10.0Y-063,True,SYNTHETIC_RFET_EVIDENCE,Synthetic transaction or committed-quote event; not an observed public closing price
USD_OIS_10.0Y,2026-01-13,SYNTHETIC_ARM_LENGTH_TRANSACTION,RPO-USD_OIS_10.0Y-064,True,SYNTHETIC_RFET_EVIDENCE,Synthetic transaction or committed-quote event; not an observed public closing price
USD_OIS_10.0Y,2026-01-15,SYNTHETIC_ARM_LENGTH_TRANSACTION,RPO-USD_OIS_10.0Y-065,True,SYNTHETIC_RFET_EVIDENCE,Synthetic transaction or committed-quote event; not an observed public closing price
USD_OIS_10.0Y,2026-01-19,SYNTHETIC_ARM_LENGTH_TRANSACTION,RPO-USD_OIS_10.0Y-066,True,SYNTHETIC_RFET_EVIDENCE,Synthetic transaction or committed-quote event; not an observed public closing price
USD_OIS_10.0Y,2026-01-21,SYNTHETIC_ARM_LENGTH_TRANSACTION,RPO-USD_OIS_10.0Y-067,True,SYNTHETIC_RFET_EVIDENCE,Synthetic transaction or committed-quote event; not an observed public closing price
USD_OIS_10.0Y,2026-01-23,SYNTHETIC_ARM_LENGTH_TRANSACTION,RPO-USD_OIS_10.0Y-068,True,SYNTHETIC_RFET_EVIDENCE,Synthetic transaction or committed-quote event; not an observed public closing price
USD_OIS_10.0Y,2026-01-28,SYNTHETIC_ARM_LENGTH_TRANSACTION,RPO-USD_OIS_10.0Y-069,True,SYNTHETIC_RFET_EVIDENCE,Synthetic transaction or committed-quote event; not an observed public closing price
USD_OIS_10.0Y,2026-01-30,SYNTHETIC_ARM_LENGTH_TRANSACTION,RPO-USD_OIS_10.0Y-070,True,SYNTHETIC_RFET_EVIDENCE,Synthetic transaction or committed-quote event; not an observed public closing price
USD_OIS_10.0Y,2026-02-03,SYNTHETIC_ARM_LENGTH_TRANSACTION,RPO-USD_OIS_10.0Y-071,True,SYNTHETIC_RFET_EVIDENCE,Synthetic transaction or committed-quote event; not an observed public closing price
USD_OIS_10.0Y,2026-02-05,SYNTHETIC_ARM_LENGTH_TRANSACTION,RPO-USD_OIS_10.0Y-072,True,SYNTHETIC_RFET_EVIDENCE,Synthetic transaction or committed-quote event; not an observed public closing price
USD_OIS_10.0Y,2026-02-10,SYNTHETIC_ARM_LENGTH_TRANSACTION,RPO-USD_OIS_10.0Y-073,True,SYNTHETIC_RFET_EVIDENCE,Synthetic transaction or committed-quote event; not an observed public closing price
USD_OIS_10.0Y,2026-02-12,SYNTHETIC_ARM_LENGTH_TRANSACTION,RPO-USD_OIS_10.0Y-074,True,SYNTHETIC_RFET_EVIDENCE,Synthetic transaction or committed-quote event; not an observed public closing price
USD_OIS_10.0Y,2026-02-16,SYNTHETIC_ARM_LENGTH_TRANSACTION,RPO-USD_OIS_10.0Y-075,True,SYNTHETIC_RFET_EVIDENCE,Synthetic transaction or committed-quote event; not an observed public closing price
USD_OIS_10.0Y,2026-02-18,SYNTHETIC_ARM_LENGTH_TRANSACTION,RPO-USD_OIS_10.0Y-076,True,SYNTHETIC_RFET_EVIDENCE,Synthetic transaction or committed-quote event; not an observed public closing price
USD_OIS_10.0Y,2026-02-20,SYNTHETIC_ARM_LENGTH_TRANSACTION,RPO-USD_OIS_10.0Y-077,True,SYNTHETIC_RFET_EVIDENCE,Synthetic transaction or committed-quote event; not an observed public closing price
USD_OIS_10.0Y,2026-02-25,SYNTHETIC_ARM_LENGTH_TRANSACTION,RPO-USD_OIS_10.0Y-078,True,SYNTHETIC_RFET_EVIDENCE,Synthetic transaction or committed-quote event; not an observed public closing price
USD_OIS_10.0Y,2026-02-27,SYNTHETIC_ARM_LENGTH_TRANSACTION,RPO-USD_OIS_10.0Y-079,True,SYNTHETIC_RFET_EVIDENCE,Synthetic transaction or committed-quote event; not an observed public closing price
USD_OIS_10.0Y,2026-03-03,SYNTHETIC_ARM_LENGTH_TRANSACTION,RPO-USD_OIS_10.0Y-080,True,SYNTHETIC_RFET_EVIDENCE,Synthetic transaction or committed-quote event; not an observed public closing price
USD_OIS_10.0Y,2026-03-05,SYNTHETIC_ARM_LENGTH_TRANSACTION,RPO-USD_OIS_10.0Y-081,True,SYNTHETIC_RFET_EVIDENCE,Synthetic transaction or committed-quote event; not an observed public closing price
USD_OIS_10.0Y,2026-03-10,SYNTHETIC_ARM_LENGTH_TRANSACTION,RPO-USD_OIS_10.0Y-082,True,SYNTHETIC_RFET_EVIDENCE,Synthetic transaction or committed-quote event; not an observed public closing price
USD_OIS_10.0Y,2026-03-12,SYNTHETIC_ARM_LENGTH_TRANSACTION,RPO-USD_OIS_10.0Y-083,True,SYNTHETIC_RFET_EVIDENCE,Synthetic transaction or committed-quote event; not an observed public closing price
USD_OIS_10.0Y,2026-03-16,SYNTHETIC_ARM_LENGTH_TRANSACTION,RPO-USD_OIS_10.0Y-084,True,SYNTHETIC_RFET_EVIDENCE,Synthetic transaction or committed-quote event; not an observed public closing price
USD_OIS_10.0Y,2026-03-18,SYNTHETIC_ARM_LENGTH_TRANSACTION,RPO-USD_OIS_10.0Y-085,True,SYNTHETIC_RFET_EVIDENCE,Synthetic transaction or committed-quote event; not an observed public closing price
USD_OIS_10.0Y,2026-03-20,SYNTHETIC_ARM_LENGTH_TRANSACTION,RPO-USD_OIS_10.0Y-086,True,SYNTHETIC_RFET_EVIDENCE,Synthetic transaction or committed-quote event; not an observed public closing price
USD_OIS_10.0Y,2026-03-25,SYNTHETIC_ARM_LENGTH_TRANSACTION,RPO-USD_OIS_10.0Y-087,True,SYNTHETIC_RFET_EVIDENCE,Synthetic transaction or committed-quote event; not an observed public closing price
USD_OIS_10.0Y,2026-03-27,SYNTHETIC_ARM_LENGTH_TRANSACTION,RPO-USD_OIS_10.0Y-088,True,SYNTHETIC_RFET_EVIDENCE,Synthetic transaction or committed-quote event; not an observed public closing price
USD_OIS_10.0Y,2026-03-31,SYNTHETIC_ARM_LENGTH_TRANSACTION,RPO-USD_OIS_10.0Y-089,True,SYNTHETIC_RFET_EVIDENCE,Synthetic transaction or committed-quote event; not an observed public closing price
USD_OIS_10.0Y,2026-04-02,SYNTHETIC_ARM_LENGTH_TRANSACTION,RPO-USD_OIS_10.0Y-090,True,SYNTHETIC_RFET_EVIDENCE,Synthetic transaction or committed-quote event; not an observed public closing price
USD_OIS_10.0Y,2026-04-07,SYNTHETIC_ARM_LENGTH_TRANSACTION,RPO-USD_OIS_10.0Y-091,True,SYNTHETIC_RFET_EVIDENCE,Synthetic transaction or committed-quote event; not an observed public closing price
USD_OIS_10.0Y,2026-04-09,SYNTHETIC_ARM_LENGTH_TRANSACTION,RPO-USD_OIS_10.0Y-092,True,SYNTHETIC_RFET_EVIDENCE,Synthetic transaction or committed-quote event; not an observed public closing price
USD_OIS_10.0Y,2026-04-13,SYNTHETIC_ARM_LENGTH_TRANSACTION,RPO-USD_OIS_10.0Y-093,True,SYNTHETIC_RFET_EVIDENCE,Synthetic transaction or committed-quote event; not an observed public closing price
USD_OIS_10.0Y,2026-04-15,SYNTHETIC_ARM_LENGTH_TRANSACTION,RPO-USD_OIS_10.0Y-094,True,SYNTHETIC_RFET_EVIDENCE,Synthetic transaction or committed-quote event; not an observed public closing price
USD_OIS_10.0Y,2026-04-17,SYNTHETIC_ARM_LENGTH_TRANSACTION,RPO-USD_OIS_10.0Y-095,True,SYNTHETIC_RFET_EVIDENCE,Synthetic transaction or committed-quote event; not an observed public closing price
USD_OIS_10.0Y,2026-04-22,SYNTHETIC_ARM_LENGTH_TRANSACTION,RPO-USD_OIS_10.0Y-096,True,SYNTHETIC_RFET_EVIDENCE,Synthetic transaction or committed-quote event; not an observed public closing price
USD_OIS_10.0Y,2026-04-24,SYNTHETIC_ARM_LENGTH_TRANSACTION,RPO-USD_OIS_10.0Y-097,True,SYNTHETIC_RFET_EVIDENCE,Synthetic transaction or committed-quote event; not an observed public closing price
USD_OIS_10.0Y,2026-04-28,SYNTHETIC_ARM_LENGTH_TRANSACTION,RPO-USD_OIS_10.0Y-098,True,SYNTHETIC_RFET_EVIDENCE,Synthetic transaction or committed-quote event; not an observed public closing price
USD_OIS_10.0Y,2026-04-30,SYNTHETIC_ARM_LENGTH_TRANSACTION,RPO-USD_OIS_10.0Y-099,True,SYNTHETIC_RFET_EVIDENCE,Synthetic transaction or committed-quote event; not an observed public closing price
USD_OIS_10.0Y,2026-05-05,SYNTHETIC_ARM_LENGTH_TRANSACTION,RPO-USD_OIS_10.0Y-100,True,SYNTHETIC_RFET_EVIDENCE,Synthetic transaction or committed-quote event; not an observed public closing price
USD_OIS_10.0Y,2026-05-07,SYNTHETIC_ARM_LENGTH_TRANSACTION,RPO-USD_OIS_10.0Y-101,True,SYNTHETIC_RFET_EVIDENCE,Synthetic transaction or committed-quote event; not an observed public closing price
USD_OIS_10.0Y,2026-05-11,SYNTHETIC_ARM_LENGTH_TRANSACTION,RPO-USD_OIS_10.0Y-102,True,SYNTHETIC_RFET_EVIDENCE,Synthetic transaction or committed-quote event; not an observed public closing price
USD_OIS_10.0Y,2026-05-13,SYNTHETIC_ARM_LENGTH_TRANSACTION,RPO-USD_OIS_10.0Y-103,True,SYNTHETIC_RFET_EVIDENCE,Synthetic transaction or committed-quote event; not an observed public closing price
USD_OIS_10.0Y,2026-05-15,SYNTHETIC_ARM_LENGTH_TRANSACTION,RPO-USD_OIS_10.0Y-104,True,SYNTHETIC_RFET_EVIDENCE,Synthetic transaction or committed-quote event; not an observed public closing price
USD_OIS_10.0Y,2026-05-20,SYNTHETIC_ARM_LENGTH_TRANSACTION,RPO-USD_OIS_10.0Y-105,True,SYNTHETIC_RFET_EVIDENCE,Synthetic transaction or committed-quote event; not an observed public closing price
USD_OIS_10.0Y,2026-05-22,SYNTHETIC_ARM_LENGTH_TRANSACTION,RPO-USD_OIS_10.0Y-106,True,SYNTHETIC_RFET_EVIDENCE,Synthetic transaction or committed-quote event; not an observed public closing price
USD_OIS_10.0Y,2026-05-26,SYNTHETIC_ARM_LENGTH_TRANSACTION,RPO-USD_OIS_10.0Y-107,True,SYNTHETIC_RFET_EVIDENCE,Synthetic transaction or committed-quote event; not an observed public closing price
USD_OIS_10.0Y,2026-05-28,SYNTHETIC_ARM_LENGTH_TRANSACTION,RPO-USD_OIS_10.0Y-108,True,SYNTHETIC_RFET_EVIDENCE,Synthetic transaction or committed-quote event; not an observed public closing price
USD_OIS_10.0Y,2026-06-02,SYNTHETIC_ARM_LENGTH_TRANSACTION,RPO-USD_OIS_10.0Y-109,True,SYNTHETIC_RFET_EVIDENCE,Synthetic transaction or committed-quote event; not an observed public closing price
USD_OIS_10.0Y,2026-06-04,SYNTHETIC_ARM_LENGTH_TRANSACTION,RPO-USD_OIS_10.0Y-110,True,SYNTHETIC_RFET_EVIDENCE,Synthetic transaction or committed-quote event; not an observed public closing price
USD_OIS_10.0Y,2026-06-08,SYNTHETIC_ARM_LENGTH_TRANSACTION,RPO-USD_OIS_10.0Y-111,True,SYNTHETIC_RFET_EVIDENCE,Synthetic transaction or committed-quote event; not an observed public closing price
USD_OIS_10.0Y,2026-06-10,SYNTHETIC_ARM_LENGTH_TRANSACTION,RPO-USD_OIS_10.0Y-112,True,SYNTHETIC_RFET_EVIDENCE,Synthetic transaction or committed-quote event; not an observed public closing price
USD_OIS_10.0Y,2026-06-12,SYNTHETIC_ARM_LENGTH_TRANSACTION,RPO-USD_OIS_10.0Y-113,True,SYNTHETIC_RFET_EVIDENCE,Synthetic transaction or committed-quote event; not an observed public closing price
USD_OIS_10.0Y,2026-06-17,SYNTHETIC_ARM_LENGTH_TRANSACTION,RPO-USD_OIS_10.0Y-114,True,SYNTHETIC_RFET_EVIDENCE,Synthetic transaction or committed-quote event; not an observed public closing price
USD_OIS_10.0Y,2026-06-19,SYNTHETIC_ARM_LENGTH_TRANSACTION,RPO-USD_OIS_10.0Y-115,True,SYNTHETIC_RFET_EVIDENCE,Synthetic transaction or committed-quote event; not an observed public closing price
USD_OIS_10.0Y,2026-06-23,SYNTHETIC_ARM_LENGTH_TRANSACTION,RPO-USD_OIS_10.0Y-116,True,SYNTHETIC_RFET_EVIDENCE,Synthetic transaction or committed-quote event; not an observed public closing price
USD_OIS_10.0Y,2026-06-25,SYNTHETIC_ARM_LENGTH_TRANSACTION,RPO-USD_OIS_10.0Y-117,True,SYNTHETIC_RFET_EVIDENCE,Synthetic transaction or committed-quote event; not an observed public closing price
USD_OIS_10.0Y,2026-06-30,SYNTHETIC_ARM_LENGTH_TRANSACTION,RPO-USD_OIS_10.0Y-118,True,SYNTHETIC_RFET_EVIDENCE,Synthetic transaction or committed-quote event; not an observed public closing price
USD_OIS_3.0Y,2025-07-01,SYNTHETIC_ARM_LENGTH_TRANSACTION,RPO-USD_OIS_3.0Y-001,True,SYNTHETIC_RFET_EVIDENCE,Synthetic transaction or committed-quote event; not an observed public closing price
USD_OIS_3.0Y,2025-07-03,SYNTHETIC_ARM_LENGTH_TRANSACTION,RPO-USD_OIS_3.0Y-002,True,SYNTHETIC_RFET_EVIDENCE,Synthetic transaction or committed-quote event; not an observed public closing price
USD_OIS_3.0Y,2025-07-07,SYNTHETIC_ARM_LENGTH_TRANSACTION,RPO-USD_OIS_3.0Y-003,True,SYNTHETIC_RFET_EVIDENCE,Synthetic transaction or committed-quote event; not an observed public closing price
USD_OIS_3.0Y,2025-07-09,SYNTHETIC_ARM_LENGTH_TRANSACTION,RPO-USD_OIS_3.0Y-004,True,SYNTHETIC_RFET_EVIDENCE,Synthetic transaction or committed-quote event; not an observed public closing price
USD_OIS_3.0Y,2025-07-11,SYNTHETIC_ARM_LENGTH_TRANSACTION,RPO-USD_OIS_3.0Y-005,True,SYNTHETIC_RFET_EVIDENCE,Synthetic transaction or committed-quote event; not an observed public closing price
USD_OIS_3.0Y,2025-07-16,SYNTHETIC_ARM_LENGTH_TRANSACTION,RPO-USD_OIS_3.0Y-006,True,SYNTHETIC_RFET_EVIDENCE,Synthetic transaction or committed-quote event; not an observed public closing price
USD_OIS_3.0Y,2025-07-18,SYNTHETIC_ARM_LENGTH_TRANSACTION,RPO-USD_OIS_3.0Y-007,True,SYNTHETIC_RFET_EVIDENCE,Synthetic transaction or committed-quote event; not an observed public closing price
USD_OIS_3.0Y,2025-07-22,SYNTHETIC_ARM_LENGTH_TRANSACTION,RPO-USD_OIS_3.0Y-008,True,SYNTHETIC_RFET_EVIDENCE,Synthetic transaction or committed-quote event; not an observed public closing price
USD_OIS_3.0Y,2025-07-24,SYNTHETIC_ARM_LENGTH_TRANSACTION,RPO-USD_OIS_3.0Y-009,True,SYNTHETIC_RFET_EVIDENCE,Synthetic transaction or committed-quote event; not an observed public closing price
USD_OIS_3.0Y,2025-07-29,SYNTHETIC_ARM_LENGTH_TRANSACTION,RPO-USD_OIS_3.0Y-010,True,SYNTHETIC_RFET_EVIDENCE,Synthetic transaction or committed-quote event; not an observed public closing price
USD_OIS_3.0Y,2025-07-31,SYNTHETIC_ARM_LENGTH_TRANSACTION,RPO-USD_OIS_3.0Y-011,True,SYNTHETIC_RFET_EVIDENCE,Synthetic transaction or committed-quote event; not an observed public closing price
USD_OIS_3.0Y,2025-08-04,SYNTHETIC_ARM_LENGTH_TRANSACTION,RPO-USD_OIS_3.0Y-012,True,SYNTHETIC_RFET_EVIDENCE,Synthetic transaction or committed-quote event; not an observed public closing price
USD_OIS_3.0Y,2025-08-06,SYNTHETIC_ARM_LENGTH_TRANSACTION,RPO-USD_OIS_3.0Y-013,True,SYNTHETIC_RFET_EVIDENCE,Synthetic transaction or committed-quote event; not an observed public closing price
USD_OIS_3.0Y,2025-08-08,SYNTHETIC_ARM_LENGTH_TRANSACTION,RPO-USD_OIS_3.0Y-014,True,SYNTHETIC_RFET_EVIDENCE,Synthetic transaction or committed-quote event; not an observed public closing price
USD_OIS_3.0Y,2025-08-13,SYNTHETIC_ARM_LENGTH_TRANSACTION,RPO-USD_OIS_3.0Y-015,True,SYNTHETIC_RFET_EVIDENCE,Synthetic transaction or committed-quote event; not an observed public closing price
USD_OIS_3.0Y,2025-08-15,SYNTHETIC_ARM_LENGTH_TRANSACTION,RPO-USD_OIS_3.0Y-016,True,SYNTHETIC_RFET_EVIDENCE,Synthetic transaction or committed-quote event; not an observed public closing price
USD_OIS_3.0Y,2025-08-19,SYNTHETIC_ARM_LENGTH_TRANSACTION,RPO-USD_OIS_3.0Y-017,True,SYNTHETIC_RFET_EVIDENCE,Synthetic transaction or committed-quote event; not an observed public closing price
USD_OIS_3.0Y,2025-08-21,SYNTHETIC_ARM_LENGTH_TRANSACTION,RPO-USD_OIS_3.0Y-018,True,SYNTHETIC_RFET_EVIDENCE,Synthetic transaction or committed-quote event; not an observed public closing price
USD_OIS_3.0Y,2025-08-26,SYNTHETIC_ARM_LENGTH_TRANSACTION,RPO-USD_OIS_3.0Y-019,True,SYNTHETIC_RFET_EVIDENCE,Synthetic transaction or committed-quote event; not an observed public closing price
USD_OIS_3.0Y,2025-08-28,SYNTHETIC_ARM_LENGTH_TRANSACTION,RPO-USD_OIS_3.0Y-020,True,SYNTHETIC_RFET_EVIDENCE,Synthetic transaction or committed-quote event; not an observed public closing price
USD_OIS_3.0Y,2025-09-01,SYNTHETIC_ARM_LENGTH_TRANSACTION,RPO-USD_OIS_3.0Y-021,True,SYNTHETIC_RFET_EVIDENCE,Synthetic transaction or committed-quote event; not an observed public closing price
USD_OIS_3.0Y,2025-09-03,SYNTHETIC_ARM_LENGTH_TRANSACTION,RPO-USD_OIS_3.0Y-022,True,SYNTHETIC_RFET_EVIDENCE,Synthetic transaction or committed-quote event; not an observed public closing price
USD_OIS_3.0Y,2025-09-05,SYNTHETIC_ARM_LENGTH_TRANSACTION,RPO-USD_OIS_3.0Y-023,True,SYNTHETIC_RFET_EVIDENCE,Synthetic transaction or committed-quote event; not an observed public closing price
USD_OIS_3.0Y,2025-09-10,SYNTHETIC_ARM_LENGTH_TRANSACTION,RPO-USD_OIS_3.0Y-024,True,SYNTHETIC_RFET_EVIDENCE,Synthetic transaction or committed-quote event; not an observed public closing price
USD_OIS_3.0Y,2025-09-12,SYNTHETIC_ARM_LENGTH_TRANSACTION,RPO-USD_OIS_3.0Y-025,True,SYNTHETIC_RFET_EVIDENCE,Synthetic transaction or committed-quote event; not an observed public closing price
USD_OIS_3.0Y,2025-09-16,SYNTHETIC_ARM_LENGTH_TRANSACTION,RPO-USD_OIS_3.0Y-026,True,SYNTHETIC_RFET_EVIDENCE,Synthetic transaction or committed-quote event; not an observed public closing price
USD_OIS_3.0Y,2025-09-18,SYNTHETIC_ARM_LENGTH_TRANSACTION,RPO-USD_OIS_3.0Y-027,True,SYNTHETIC_RFET_EVIDENCE,Synthetic transaction or committed-quote event; not an observed public closing price
USD_OIS_3.0Y,2025-09-23,SYNTHETIC_ARM_LENGTH_TRANSACTION,RPO-USD_OIS_3.0Y-028,True,SYNTHETIC_RFET_EVIDENCE,Synthetic transaction or committed-quote event; not an observed public closing price
USD_OIS_3.0Y,2025-09-25,SYNTHETIC_ARM_LENGTH_TRANSACTION,RPO-USD_OIS_3.0Y-029,True,SYNTHETIC_RFET_EVIDENCE,Synthetic transaction or committed-quote event; not an observed public closing price
USD_OIS_3.0Y,2025-09-29,SYNTHETIC_ARM_LENGTH_TRANSACTION,RPO-USD_OIS_3.0Y-030,True,SYNTHETIC_RFET_EVIDENCE,Synthetic transaction or committed-quote event; not an observed public closing price
USD_OIS_3.0Y,2025-10-01,SYNTHETIC_ARM_LENGTH_TRANSACTION,RPO-USD_OIS_3.0Y-031,True,SYNTHETIC_RFET_EVIDENCE,Synthetic transaction or committed-quote event; not an observed public closing price
USD_OIS_3.0Y,2025-10-03,SYNTHETIC_ARM_LENGTH_TRANSACTION,RPO-USD_OIS_3.0Y-032,True,SYNTHETIC_RFET_EVIDENCE,Synthetic transaction or committed-quote event; not an observed public closing price
USD_OIS_3.0Y,2025-10-08,SYNTHETIC_ARM_LENGTH_TRANSACTION,RPO-USD_OIS_3.0Y-033,True,SYNTHETIC_RFET_EVIDENCE,Synthetic transaction or committed-quote event; not an observed public closing price
USD_OIS_3.0Y,2025-10-10,SYNTHETIC_ARM_LENGTH_TRANSACTION,RPO-USD_OIS_3.0Y-034,True,SYNTHETIC_RFET_EVIDENCE,Synthetic transaction or committed-quote event; not an observed public closing price
USD_OIS_3.0Y,2025-10-14,SYNTHETIC_ARM_LENGTH_TRANSACTION,RPO-USD_OIS_3.0Y-035,True,SYNTHETIC_RFET_EVIDENCE,Synthetic transaction or committed-quote event; not an observed public closing price
USD_OIS_3.0Y,2025-10-16,SYNTHETIC_ARM_LENGTH_TRANSACTION,RPO-USD_OIS_3.0Y-036,True,SYNTHETIC_RFET_EVIDENCE,Synthetic transaction or committed-quote event; not an observed public closing price
USD_OIS_3.0Y,2025-10-21,SYNTHETIC_ARM_LENGTH_TRANSACTION,RPO-USD_OIS_3.0Y-037,True,SYNTHETIC_RFET_EVIDENCE,Synthetic transaction or committed-quote event; not an observed public closing price
USD_OIS_3.0Y,2025-10-23,SYNTHETIC_ARM_LENGTH_TRANSACTION,RPO-USD_OIS_3.0Y-038,True,SYNTHETIC_RFET_EVIDENCE,Synthetic transaction or committed-quote event; not an observed public closing price
USD_OIS_3.0Y,2025-10-27,SYNTHETIC_ARM_LENGTH_TRANSACTION,RPO-USD_OIS_3.0Y-039,True,SYNTHETIC_RFET_EVIDENCE,Synthetic transaction or committed-quote event; not an observed public closing price
USD_OIS_3.0Y,2025-10-29,SYNTHETIC_ARM_LENGTH_TRANSACTION,RPO-USD_OIS_3.0Y-040,True,SYNTHETIC_RFET_EVIDENCE,Synthetic transaction or committed-quote event; not an observed public closing price
USD_OIS_3.0Y,2025-10-31,SYNTHETIC_ARM_LENGTH_TRANSACTION,RPO-USD_OIS_3.0Y-041,True,SYNTHETIC_RFET_EVIDENCE,Synthetic transaction or committed-quote event; not an observed public closing price
USD_OIS_3.0Y,2025-11-05,SYNTHETIC_ARM_LENGTH_TRANSACTION,RPO-USD_OIS_3.0Y-042,True,SYNTHETIC_RFET_EVIDENCE,Synthetic transaction or committed-quote event; not an observed public closing price
USD_OIS_3.0Y,2025-11-07,SYNTHETIC_ARM_LENGTH_TRANSACTION,RPO-USD_OIS_3.0Y-043,True,SYNTHETIC_RFET_EVIDENCE,Synthetic transaction or committed-quote event; not an observed public closing price
USD_OIS_3.0Y,2025-11-11,SYNTHETIC_ARM_LENGTH_TRANSACTION,RPO-USD_OIS_3.0Y-044,True,SYNTHETIC_RFET_EVIDENCE,Synthetic transaction or committed-quote event; not an observed public closing price
USD_OIS_3.0Y,2025-11-13,SYNTHETIC_ARM_LENGTH_TRANSACTION,RPO-USD_OIS_3.0Y-045,True,SYNTHETIC_RFET_EVIDENCE,Synthetic transaction or committed-quote event; not an observed public closing price
USD_OIS_3.0Y,2025-11-18,SYNTHETIC_ARM_LENGTH_TRANSACTION,RPO-USD_OIS_3.0Y-046,True,SYNTHETIC_RFET_EVIDENCE,Synthetic transaction or committed-quote event; not an observed public closing price
USD_OIS_3.0Y,2025-11-20,SYNTHETIC_ARM_LENGTH_TRANSACTION,RPO-USD_OIS_3.0Y-047,True,SYNTHETIC_RFET_EVIDENCE,Synthetic transaction or committed-quote event; not an observed public closing price
USD_OIS_3.0Y,2025-11-24,SYNTHETIC_ARM_LENGTH_TRANSACTION,RPO-USD_OIS_3.0Y-048,True,SYNTHETIC_RFET_EVIDENCE,Synthetic transaction or committed-quote event; not an observed public closing price
USD_OIS_3.0Y,2025-11-26,SYNTHETIC_ARM_LENGTH_TRANSACTION,RPO-USD_OIS_3.0Y-049,True,SYNTHETIC_RFET_EVIDENCE,Synthetic transaction or committed-quote event; not an observed public closing price
USD_OIS_3.0Y,2025-11-28,SYNTHETIC_ARM_LENGTH_TRANSACTION,RPO-USD_OIS_3.0Y-050,True,SYNTHETIC_RFET_EVIDENCE,Synthetic transaction or committed-quote event; not an observed public closing price
USD_OIS_3.0Y,2025-12-03,SYNTHETIC_ARM_LENGTH_TRANSACTION,RPO-USD_OIS_3.0Y-051,True,SYNTHETIC_RFET_EVIDENCE,Synthetic transaction or committed-quote event; not an observed public closing price
USD_OIS_3.0Y,2025-12-05,SYNTHETIC_ARM_LENGTH_TRANSACTION,RPO-USD_OIS_3.0Y-052,True,SYNTHETIC_RFET_EVIDENCE,Synthetic transaction or committed-quote event; not an observed public closing price
USD_OIS_3.0Y,2025-12-09,SYNTHETIC_ARM_LENGTH_TRANSACTION,RPO-USD_OIS_3.0Y-053,True,SYNTHETIC_RFET_EVIDENCE,Synthetic transaction or committed-quote event; not an observed public closing price
USD_OIS_3.0Y,2025-12-11,SYNTHETIC_ARM_LENGTH_TRANSACTION,RPO-USD_OIS_3.0Y-054,True,SYNTHETIC_RFET_EVIDENCE,Synthetic transaction or committed-quote event; not an observed public closing price
USD_OIS_3.0Y,2025-12-16,SYNTHETIC_ARM_LENGTH_TRANSACTION,RPO-USD_OIS_3.0Y-055,True,SYNTHETIC_RFET_EVIDENCE,Synthetic transaction or committed-quote event; not an observed public closing price
USD_OIS_3.0Y,2025-12-18,SYNTHETIC_ARM_LENGTH_TRANSACTION,RPO-USD_OIS_3.0Y-056,True,SYNTHETIC_RFET_EVIDENCE,Synthetic transaction or committed-quote event; not an observed public closing price
USD_OIS_3.0Y,2025-12-22,SYNTHETIC_ARM_LENGTH_TRANSACTION,RPO-USD_OIS_3.0Y-057,True,SYNTHETIC_RFET_EVIDENCE,Synthetic transaction or committed-quote event; not an observed public closing price
USD_OIS_3.0Y,2025-12-24,SYNTHETIC_ARM_LENGTH_TRANSACTION,RPO-USD_OIS_3.0Y-058,True,SYNTHETIC_RFET_EVIDENCE,Synthetic transaction or committed-quote event; not an observed public closing price
USD_OIS_3.0Y,2025-12-26,SYNTHETIC_ARM_LENGTH_TRANSACTION,RPO-USD_OIS_3.0Y-059,True,SYNTHETIC_RFET_EVIDENCE,Synthetic transaction or committed-quote event; not an observed public closing price
USD_OIS_3.0Y,2025-12-31,SYNTHETIC_ARM_LENGTH_TRANSACTION,RPO-USD_OIS_3.0Y-060,True,SYNTHETIC_RFET_EVIDENCE,Synthetic transaction or committed-quote event; not an observed public closing price
USD_OIS_3.0Y,2026-01-02,SYNTHETIC_ARM_LENGTH_TRANSACTION,RPO-USD_OIS_3.0Y-061,True,SYNTHETIC_RFET_EVIDENCE,Synthetic transaction or committed-quote event; not an observed public closing price
USD_OIS_3.0Y,2026-01-06,SYNTHETIC_ARM_LENGTH_TRANSACTION,RPO-USD_OIS_3.0Y-062,True,SYNTHETIC_RFET_EVIDENCE,Synthetic transaction or committed-quote event; not an observed public closing price
USD_OIS_3.0Y,2026-01-08,SYNTHETIC_ARM_LENGTH_TRANSACTION,RPO-USD_OIS_3.0Y-063,True,SYNTHETIC_RFET_EVIDENCE,Synthetic transaction or committed-quote event; not an observed public closing price
USD_OIS_3.0Y,2026-01-13,SYNTHETIC_ARM_LENGTH_TRANSACTION,RPO-USD_OIS_3.0Y-064,True,SYNTHETIC_RFET_EVIDENCE,Synthetic transaction or committed-quote event; not an observed public closing price
USD_OIS_3.0Y,2026-01-15,SYNTHETIC_ARM_LENGTH_TRANSACTION,RPO-USD_OIS_3.0Y-065,True,SYNTHETIC_RFET_EVIDENCE,Synthetic transaction or committed-quote event; not an observed public closing price
USD_OIS_3.0Y,2026-01-19,SYNTHETIC_ARM_LENGTH_TRANSACTION,RPO-USD_OIS_3.0Y-066,True,SYNTHETIC_RFET_EVIDENCE,Synthetic transaction or committed-quote event; not an observed public closing price
USD_OIS_3.0Y,2026-01-21,SYNTHETIC_ARM_LENGTH_TRANSACTION,RPO-USD_OIS_3.0Y-067,True,SYNTHETIC_RFET_EVIDENCE,Synthetic transaction or committed-quote event; not an observed public closing price
USD_OIS_3.0Y,2026-01-23,SYNTHETIC_ARM_LENGTH_TRANSACTION,RPO-USD_OIS_3.0Y-068,True,SYNTHETIC_RFET_EVIDENCE,Synthetic transaction or committed-quote event; not an observed public closing price
USD_OIS_3.0Y,2026-01-28,SYNTHETIC_ARM_LENGTH_TRANSACTION,RPO-USD_OIS_3.0Y-069,True,SYNTHETIC_RFET_EVIDENCE,Synthetic transaction or committed-quote event; not an observed public closing price
USD_OIS_3.0Y,2026-01-30,SYNTHETIC_ARM_LENGTH_TRANSACTION,RPO-USD_OIS_3.0Y-070,True,SYNTHETIC_RFET_EVIDENCE,Synthetic transaction or committed-quote event; not an observed public closing price
USD_OIS_3.0Y,2026-02-03,SYNTHETIC_ARM_LENGTH_TRANSACTION,RPO-USD_OIS_3.0Y-071,True,SYNTHETIC_RFET_EVIDENCE,Synthetic transaction or committed-quote event; not an observed public closing price
USD_OIS_3.0Y,2026-02-05,SYNTHETIC_ARM_LENGTH_TRANSACTION,RPO-USD_OIS_3.0Y-072,True,SYNTHETIC_RFET_EVIDENCE,Synthetic transaction or committed-quote event; not an observed public closing price
USD_OIS_3.0Y,2026-02-10,SYNTHETIC_ARM_LENGTH_TRANSACTION,RPO-USD_OIS_3.0Y-073,True,SYNTHETIC_RFET_EVIDENCE,Synthetic transaction or committed-quote event; not an observed public closing price
USD_OIS_3.0Y,2026-02-12,SYNTHETIC_ARM_LENGTH_TRANSACTION,RPO-USD_OIS_3.0Y-074,True,SYNTHETIC_RFET_EVIDENCE,Synthetic transaction or committed-quote event; not an observed public closing price
USD_OIS_3.0Y,2026-02-16,SYNTHETIC_ARM_LENGTH_TRANSACTION,RPO-USD_OIS_3.0Y-075,True,SYNTHETIC_RFET_EVIDENCE,Synthetic transaction or committed-quote event; not an observed public closing price
USD_OIS_3.0Y,2026-02-18,SYNTHETIC_ARM_LENGTH_TRANSACTION,RPO-USD_OIS_3.0Y-076,True,SYNTHETIC_RFET_EVIDENCE,Synthetic transaction or committed-quote event; not an observed public closing price
USD_OIS_3.0Y,2026-02-20,SYNTHETIC_ARM_LENGTH_TRANSACTION,RPO-USD_OIS_3.0Y-077,True,SYNTHETIC_RFET_EVIDENCE,Synthetic transaction or committed-quote event; not an observed public closing price
USD_OIS_3.0Y,2026-02-25,SYNTHETIC_ARM_LENGTH_TRANSACTION,RPO-USD_OIS_3.0Y-078,True,SYNTHETIC_RFET_EVIDENCE,Synthetic transaction or committed-quote event; not an observed public closing price
USD_OIS_3.0Y,2026-02-27,SYNTHETIC_ARM_LENGTH_TRANSACTION,RPO-USD_OIS_3.0Y-079,True,SYNTHETIC_RFET_EVIDENCE,Synthetic transaction or committed-quote event; not an observed public closing price
USD_OIS_3.0Y,2026-03-03,SYNTHETIC_ARM_LENGTH_TRANSACTION,RPO-USD_OIS_3.0Y-080,True,SYNTHETIC_RFET_EVIDENCE,Synthetic transaction or committed-quote event; not an observed public closing price
USD_OIS_3.0Y,2026-03-05,SYNTHETIC_ARM_LENGTH_TRANSACTION,RPO-USD_OIS_3.0Y-081,True,SYNTHETIC_RFET_EVIDENCE,Synthetic transaction or committed-quote event; not an observed public closing price
USD_OIS_3.0Y,2026-03-10,SYNTHETIC_ARM_LENGTH_TRANSACTION,RPO-USD_OIS_3.0Y-082,True,SYNTHETIC_RFET_EVIDENCE,Synthetic transaction or committed-quote event; not an observed public closing price
USD_OIS_3.0Y,2026-03-12,SYNTHETIC_ARM_LENGTH_TRANSACTION,RPO-USD_OIS_3.0Y-083,True,SYNTHETIC_RFET_EVIDENCE,Synthetic transaction or committed-quote event; not an observed public closing price
USD_OIS_3.0Y,2026-03-16,SYNTHETIC_ARM_LENGTH_TRANSACTION,RPO-USD_OIS_3.0Y-084,True,SYNTHETIC_RFET_EVIDENCE,Synthetic transaction or committed-quote event; not an observed public closing price
USD_OIS_3.0Y,2026-03-18,SYNTHETIC_ARM_LENGTH_TRANSACTION,RPO-USD_OIS_3.0Y-085,True,SYNTHETIC_RFET_EVIDENCE,Synthetic transaction or committed-quote event; not an observed public closing price
USD_OIS_3.0Y,2026-03-20,SYNTHETIC_ARM_LENGTH_TRANSACTION,RPO-USD_OIS_3.0Y-086,True,SYNTHETIC_RFET_EVIDENCE,Synthetic transaction or committed-quote event; not an observed public closing price
USD_OIS_3.0Y,2026-03-25,SYNTHETIC_ARM_LENGTH_TRANSACTION,RPO-USD_OIS_3.0Y-087,True,SYNTHETIC_RFET_EVIDENCE,Synthetic transaction or committed-quote event; not an observed public closing price
USD_OIS_3.0Y,2026-03-27,SYNTHETIC_ARM_LENGTH_TRANSACTION,RPO-USD_OIS_3.0Y-088,True,SYNTHETIC_RFET_EVIDENCE,Synthetic transaction or committed-quote event; not an observed public closing price
USD_OIS_3.0Y,2026-03-31,SYNTHETIC_ARM_LENGTH_TRANSACTION,RPO-USD_OIS_3.0Y-089,True,SYNTHETIC_RFET_EVIDENCE,Synthetic transaction or committed-quote event; not an observed public closing price
USD_OIS_3.0Y,2026-04-02,SYNTHETIC_ARM_LENGTH_TRANSACTION,RPO-USD_OIS_3.0Y-090,True,SYNTHETIC_RFET_EVIDENCE,Synthetic transaction or committed-quote event; not an observed public closing price
USD_OIS_3.0Y,2026-04-07,SYNTHETIC_ARM_LENGTH_TRANSACTION,RPO-USD_OIS_3.0Y-091,True,SYNTHETIC_RFET_EVIDENCE,Synthetic transaction or committed-quote event; not an observed public closing price
USD_OIS_3.0Y,2026-04-09,SYNTHETIC_ARM_LENGTH_TRANSACTION,RPO-USD_OIS_3.0Y-092,True,SYNTHETIC_RFET_EVIDENCE,Synthetic transaction or committed-quote event; not an observed public closing price
USD_OIS_3.0Y,2026-04-13,SYNTHETIC_ARM_LENGTH_TRANSACTION,RPO-USD_OIS_3.0Y-093,True,SYNTHETIC_RFET_EVIDENCE,Synthetic transaction or committed-quote event; not an observed public closing price
USD_OIS_3.0Y,2026-04-15,SYNTHETIC_ARM_LENGTH_TRANSACTION,RPO-USD_OIS_3.0Y-094,True,SYNTHETIC_RFET_EVIDENCE,Synthetic transaction or committed-quote event; not an observed public closing price
USD_OIS_3.0Y,2026-04-17,SYNTHETIC_ARM_LENGTH_TRANSACTION,RPO-USD_OIS_3.0Y-095,True,SYNTHETIC_RFET_EVIDENCE,Synthetic transaction or committed-quote event; not an observed public closing price
USD_OIS_3.0Y,2026-04-22,SYNTHETIC_ARM_LENGTH_TRANSACTION,RPO-USD_OIS_3.0Y-096,True,SYNTHETIC_RFET_EVIDENCE,Synthetic transaction or committed-quote event; not an observed public closing price
USD_OIS_3.0Y,2026-04-24,SYNTHETIC_ARM_LENGTH_TRANSACTION,RPO-USD_OIS_3.0Y-097,True,SYNTHETIC_RFET_EVIDENCE,Synthetic transaction or committed-quote event; not an observed public closing price
USD_OIS_3.0Y,2026-04-28,SYNTHETIC_ARM_LENGTH_TRANSACTION,RPO-USD_OIS_3.0Y-098,True,SYNTHETIC_RFET_EVIDENCE,Synthetic transaction or committed-quote event; not an observed public closing price
USD_OIS_3.0Y,2026-04-30,SYNTHETIC_ARM_LENGTH_TRANSACTION,RPO-USD_OIS_3.0Y-099,True,SYNTHETIC_RFET_EVIDENCE,Synthetic transaction or committed-quote event; not an observed public closing price
USD_OIS_3.0Y,2026-05-05,SYNTHETIC_ARM_LENGTH_TRANSACTION,RPO-USD_OIS_3.0Y-100,True,SYNTHETIC_RFET_EVIDENCE,Synthetic transaction or committed-quote event; not an observed public closing price
USD_OIS_3.0Y,2026-05-07,SYNTHETIC_ARM_LENGTH_TRANSACTION,RPO-USD_OIS_3.0Y-101,True,SYNTHETIC_RFET_EVIDENCE,Synthetic transaction or committed-quote event; not an observed public closing price
USD_OIS_3.0Y,2026-05-11,SYNTHETIC_ARM_LENGTH_TRANSACTION,RPO-USD_OIS_3.0Y-102,True,SYNTHETIC_RFET_EVIDENCE,Synthetic transaction or committed-quote event; not an observed public closing price
USD_OIS_3.0Y,2026-05-13,SYNTHETIC_ARM_LENGTH_TRANSACTION,RPO-USD_OIS_3.0Y-103,True,SYNTHETIC_RFET_EVIDENCE,Synthetic transaction or committed-quote event; not an observed public closing price
USD_OIS_3.0Y,2026-05-15,SYNTHETIC_ARM_LENGTH_TRANSACTION,RPO-USD_OIS_3.0Y-104,True,SYNTHETIC_RFET_EVIDENCE,Synthetic transaction or committed-quote event; not an observed public closing price
USD_OIS_3.0Y,2026-05-20,SYNTHETIC_ARM_LENGTH_TRANSACTION,RPO-USD_OIS_3.0Y-105,True,SYNTHETIC_RFET_EVIDENCE,Synthetic transaction or committed-quote event; not an observed public closing price
USD_OIS_3.0Y,2026-05-22,SYNTHETIC_ARM_LENGTH_TRANSACTION,RPO-USD_OIS_3.0Y-106,True,SYNTHETIC_RFET_EVIDENCE,Synthetic transaction or committed-quote event; not an observed public closing price
USD_OIS_3.0Y,2026-05-26,SYNTHETIC_ARM_LENGTH_TRANSACTION,RPO-USD_OIS_3.0Y-107,True,SYNTHETIC_RFET_EVIDENCE,Synthetic transaction or committed-quote event; not an observed public closing price
USD_OIS_3.0Y,2026-05-28,SYNTHETIC_ARM_LENGTH_TRANSACTION,RPO-USD_OIS_3.0Y-108,True,SYNTHETIC_RFET_EVIDENCE,Synthetic transaction or committed-quote event; not an observed public closing price
USD_OIS_3.0Y,2026-06-02,SYNTHETIC_ARM_LENGTH_TRANSACTION,RPO-USD_OIS_3.0Y-109,True,SYNTHETIC_RFET_EVIDENCE,Synthetic transaction or committed-quote event; not an observed public closing price
USD_OIS_3.0Y,2026-06-04,SYNTHETIC_ARM_LENGTH_TRANSACTION,RPO-USD_OIS_3.0Y-110,True,SYNTHETIC_RFET_EVIDENCE,Synthetic transaction or committed-quote event; not an observed public closing price
USD_OIS_3.0Y,2026-06-08,SYNTHETIC_ARM_LENGTH_TRANSACTION,RPO-USD_OIS_3.0Y-111,True,SYNTHETIC_RFET_EVIDENCE,Synthetic transaction or committed-quote event; not an observed public closing price
USD_OIS_3.0Y,2026-06-10,SYNTHETIC_ARM_LENGTH_TRANSACTION,RPO-USD_OIS_3.0Y-112,True,SYNTHETIC_RFET_EVIDENCE,Synthetic transaction or committed-quote event; not an observed public closing price
USD_OIS_3.0Y,2026-06-12,SYNTHETIC_ARM_LENGTH_TRANSACTION,RPO-USD_OIS_3.0Y-113,True,SYNTHETIC_RFET_EVIDENCE,Synthetic transaction or committed-quote event; not an observed public closing price
USD_OIS_3.0Y,2026-06-17,SYNTHETIC_ARM_LENGTH_TRANSACTION,RPO-USD_OIS_3.0Y-114,True,SYNTHETIC_RFET_EVIDENCE,Synthetic transaction or committed-quote event; not an observed public closing price
USD_OIS_3.0Y,2026-06-19,SYNTHETIC_ARM_LENGTH_TRANSACTION,RPO-USD_OIS_3.0Y-115,True,SYNTHETIC_RFET_EVIDENCE,Synthetic transaction or committed-quote event; not an observed public closing price
USD_OIS_3.0Y,2026-06-23,SYNTHETIC_ARM_LENGTH_TRANSACTION,RPO-USD_OIS_3.0Y-116,True,SYNTHETIC_RFET_EVIDENCE,Synthetic transaction or committed-quote event; not an observed public closing price
USD_OIS_3.0Y,2026-06-25,SYNTHETIC_ARM_LENGTH_TRANSACTION,RPO-USD_OIS_3.0Y-117,True,SYNTHETIC_RFET_EVIDENCE,Synthetic transaction or committed-quote event; not an observed public closing price
USD_OIS_3.0Y,2026-06-30,SYNTHETIC_ARM_LENGTH_TRANSACTION,RPO-USD_OIS_3.0Y-118,True,SYNTHETIC_RFET_EVIDENCE,Synthetic transaction or committed-quote event; not an observed public closing price
USD_OIS_5.0Y,2025-07-01,SYNTHETIC_ARM_LENGTH_TRANSACTION,RPO-USD_OIS_5.0Y-001,True,SYNTHETIC_RFET_EVIDENCE,Synthetic transaction or committed-quote event; not an observed public closing price
USD_OIS_5.0Y,2025-07-03,SYNTHETIC_ARM_LENGTH_TRANSACTION,RPO-USD_OIS_5.0Y-002,True,SYNTHETIC_RFET_EVIDENCE,Synthetic transaction or committed-quote event; not an observed public closing price
USD_OIS_5.0Y,2025-07-07,SYNTHETIC_ARM_LENGTH_TRANSACTION,RPO-USD_OIS_5.0Y-003,True,SYNTHETIC_RFET_EVIDENCE,Synthetic transaction or committed-quote event; not an observed public closing price
USD_OIS_5.0Y,2025-07-09,SYNTHETIC_ARM_LENGTH_TRANSACTION,RPO-USD_OIS_5.0Y-004,True,SYNTHETIC_RFET_EVIDENCE,Synthetic transaction or committed-quote event; not an observed public closing price
USD_OIS_5.0Y,2025-07-11,SYNTHETIC_ARM_LENGTH_TRANSACTION,RPO-USD_OIS_5.0Y-005,True,SYNTHETIC_RFET_EVIDENCE,Synthetic transaction or committed-quote event; not an observed public closing price
USD_OIS_5.0Y,2025-07-16,SYNTHETIC_ARM_LENGTH_TRANSACTION,RPO-USD_OIS_5.0Y-006,True,SYNTHETIC_RFET_EVIDENCE,Synthetic transaction or committed-quote event; not an observed public closing price
USD_OIS_5.0Y,2025-07-18,SYNTHETIC_ARM_LENGTH_TRANSACTION,RPO-USD_OIS_5.0Y-007,True,SYNTHETIC_RFET_EVIDENCE,Synthetic transaction or committed-quote event; not an observed public closing price
USD_OIS_5.0Y,2025-07-22,SYNTHETIC_ARM_LENGTH_TRANSACTION,RPO-USD_OIS_5.0Y-008,True,SYNTHETIC_RFET_EVIDENCE,Synthetic transaction or committed-quote event; not an observed public closing price
USD_OIS_5.0Y,2025-07-24,SYNTHETIC_ARM_LENGTH_TRANSACTION,RPO-USD_OIS_5.0Y-009,True,SYNTHETIC_RFET_EVIDENCE,Synthetic transaction or committed-quote event; not an observed public closing price
USD_OIS_5.0Y,2025-07-29,SYNTHETIC_ARM_LENGTH_TRANSACTION,RPO-USD_OIS_5.0Y-010,True,SYNTHETIC_RFET_EVIDENCE,Synthetic transaction or committed-quote event; not an observed public closing price
USD_OIS_5.0Y,2025-07-31,SYNTHETIC_ARM_LENGTH_TRANSACTION,RPO-USD_OIS_5.0Y-011,True,SYNTHETIC_RFET_EVIDENCE,Synthetic transaction or committed-quote event; not an observed public closing price
USD_OIS_5.0Y,2025-08-04,SYNTHETIC_ARM_LENGTH_TRANSACTION,RPO-USD_OIS_5.0Y-012,True,SYNTHETIC_RFET_EVIDENCE,Synthetic transaction or committed-quote event; not an observed public closing price
USD_OIS_5.0Y,2025-08-06,SYNTHETIC_ARM_LENGTH_TRANSACTION,RPO-USD_OIS_5.0Y-013,True,SYNTHETIC_RFET_EVIDENCE,Synthetic transaction or committed-quote event; not an observed public closing price
USD_OIS_5.0Y,2025-08-08,SYNTHETIC_ARM_LENGTH_TRANSACTION,RPO-USD_OIS_5.0Y-014,True,SYNTHETIC_RFET_EVIDENCE,Synthetic transaction or committed-quote event; not an observed public closing price
USD_OIS_5.0Y,2025-08-13,SYNTHETIC_ARM_LENGTH_TRANSACTION,RPO-USD_OIS_5.0Y-015,True,SYNTHETIC_RFET_EVIDENCE,Synthetic transaction or committed-quote event; not an observed public closing price
USD_OIS_5.0Y,2025-08-15,SYNTHETIC_ARM_LENGTH_TRANSACTION,RPO-USD_OIS_5.0Y-016,True,SYNTHETIC_RFET_EVIDENCE,Synthetic transaction or committed-quote event; not an observed public closing price
USD_OIS_5.0Y,2025-08-19,SYNTHETIC_ARM_LENGTH_TRANSACTION,RPO-USD_OIS_5.0Y-017,True,SYNTHETIC_RFET_EVIDENCE,Synthetic transaction or committed-quote event; not an observed public closing price
USD_OIS_5.0Y,2025-08-21,SYNTHETIC_ARM_LENGTH_TRANSACTION,RPO-USD_OIS_5.0Y-018,True,SYNTHETIC_RFET_EVIDENCE,Synthetic transaction or committed-quote event; not an observed public closing price
USD_OIS_5.0Y,2025-08-26,SYNTHETIC_ARM_LENGTH_TRANSACTION,RPO-USD_OIS_5.0Y-019,True,SYNTHETIC_RFET_EVIDENCE,Synthetic transaction or committed-quote event; not an observed public closing price
USD_OIS_5.0Y,2025-08-28,SYNTHETIC_ARM_LENGTH_TRANSACTION,RPO-USD_OIS_5.0Y-020,True,SYNTHETIC_RFET_EVIDENCE,Synthetic transaction or committed-quote event; not an observed public closing price
USD_OIS_5.0Y,2025-09-01,SYNTHETIC_ARM_LENGTH_TRANSACTION,RPO-USD_OIS_5.0Y-021,True,SYNTHETIC_RFET_EVIDENCE,Synthetic transaction or committed-quote event; not an observed public closing price
USD_OIS_5.0Y,2025-09-03,SYNTHETIC_ARM_LENGTH_TRANSACTION,RPO-USD_OIS_5.0Y-022,True,SYNTHETIC_RFET_EVIDENCE,Synthetic transaction or committed-quote event; not an observed public closing price
USD_OIS_5.0Y,2025-09-05,SYNTHETIC_ARM_LENGTH_TRANSACTION,RPO-USD_OIS_5.0Y-023,True,SYNTHETIC_RFET_EVIDENCE,Synthetic transaction or committed-quote event; not an observed public closing price
USD_OIS_5.0Y,2025-09-10,SYNTHETIC_ARM_LENGTH_TRANSACTION,RPO-USD_OIS_5.0Y-024,True,SYNTHETIC_RFET_EVIDENCE,Synthetic transaction or committed-quote event; not an observed public closing price
USD_OIS_5.0Y,2025-09-12,SYNTHETIC_ARM_LENGTH_TRANSACTION,RPO-USD_OIS_5.0Y-025,True,SYNTHETIC_RFET_EVIDENCE,Synthetic transaction or committed-quote event; not an observed public closing price
USD_OIS_5.0Y,2025-09-16,SYNTHETIC_ARM_LENGTH_TRANSACTION,RPO-USD_OIS_5.0Y-026,True,SYNTHETIC_RFET_EVIDENCE,Synthetic transaction or committed-quote event; not an observed public closing price
USD_OIS_5.0Y,2025-09-18,SYNTHETIC_ARM_LENGTH_TRANSACTION,RPO-USD_OIS_5.0Y-027,True,SYNTHETIC_RFET_EVIDENCE,Synthetic transaction or committed-quote event; not an observed public closing price
USD_OIS_5.0Y,2025-09-23,SYNTHETIC_ARM_LENGTH_TRANSACTION,RPO-USD_OIS_5.0Y-028,True,SYNTHETIC_RFET_EVIDENCE,Synthetic transaction or committed-quote event; not an observed public closing price
USD_OIS_5.0Y,2025-09-25,SYNTHETIC_ARM_LENGTH_TRANSACTION,RPO-USD_OIS_5.0Y-029,True,SYNTHETIC_RFET_EVIDENCE,Synthetic transaction or committed-quote event; not an observed public closing price
USD_OIS_5.0Y,2025-09-29,SYNTHETIC_ARM_LENGTH_TRANSACTION,RPO-USD_OIS_5.0Y-030,True,SYNTHETIC_RFET_EVIDENCE,Synthetic transaction or committed-quote event; not an observed public closing price
USD_OIS_5.0Y,2025-10-01,SYNTHETIC_ARM_LENGTH_TRANSACTION,RPO-USD_OIS_5.0Y-031,True,SYNTHETIC_RFET_EVIDENCE,Synthetic transaction or committed-quote event; not an observed public closing price
USD_OIS_5.0Y,2025-10-03,SYNTHETIC_ARM_LENGTH_TRANSACTION,RPO-USD_OIS_5.0Y-032,True,SYNTHETIC_RFET_EVIDENCE,Synthetic transaction or committed-quote event; not an observed public closing price
USD_OIS_5.0Y,2025-10-08,SYNTHETIC_ARM_LENGTH_TRANSACTION,RPO-USD_OIS_5.0Y-033,True,SYNTHETIC_RFET_EVIDENCE,Synthetic transaction or committed-quote event; not an observed public closing price
USD_OIS_5.0Y,2025-10-10,SYNTHETIC_ARM_LENGTH_TRANSACTION,RPO-USD_OIS_5.0Y-034,True,SYNTHETIC_RFET_EVIDENCE,Synthetic transaction or committed-quote event; not an observed public closing price
USD_OIS_5.0Y,2025-10-14,SYNTHETIC_ARM_LENGTH_TRANSACTION,RPO-USD_OIS_5.0Y-035,True,SYNTHETIC_RFET_EVIDENCE,Synthetic transaction or committed-quote event; not an observed public closing price
USD_OIS_5.0Y,2025-10-16,SYNTHETIC_ARM_LENGTH_TRANSACTION,RPO-USD_OIS_5.0Y-036,True,SYNTHETIC_RFET_EVIDENCE,Synthetic transaction or committed-quote event; not an observed public closing price
USD_OIS_5.0Y,2025-10-21,SYNTHETIC_ARM_LENGTH_TRANSACTION,RPO-USD_OIS_5.0Y-037,True,SYNTHETIC_RFET_EVIDENCE,Synthetic transaction or committed-quote event; not an observed public closing price
USD_OIS_5.0Y,2025-10-23,SYNTHETIC_ARM_LENGTH_TRANSACTION,RPO-USD_OIS_5.0Y-038,True,SYNTHETIC_RFET_EVIDENCE,Synthetic transaction or committed-quote event; not an observed public closing price
USD_OIS_5.0Y,2025-10-27,SYNTHETIC_ARM_LENGTH_TRANSACTION,RPO-USD_OIS_5.0Y-039,True,SYNTHETIC_RFET_EVIDENCE,Synthetic transaction or committed-quote event; not an observed public closing price
USD_OIS_5.0Y,2025-10-29,SYNTHETIC_ARM_LENGTH_TRANSACTION,RPO-USD_OIS_5.0Y-040,True,SYNTHETIC_RFET_EVIDENCE,Synthetic transaction or committed-quote event; not an observed public closing price
USD_OIS_5.0Y,2025-10-31,SYNTHETIC_ARM_LENGTH_TRANSACTION,RPO-USD_OIS_5.0Y-041,True,SYNTHETIC_RFET_EVIDENCE,Synthetic transaction or committed-quote event; not an observed public closing price
USD_OIS_5.0Y,2025-11-05,SYNTHETIC_ARM_LENGTH_TRANSACTION,RPO-USD_OIS_5.0Y-042,True,SYNTHETIC_RFET_EVIDENCE,Synthetic transaction or committed-quote event; not an observed public closing price
USD_OIS_5.0Y,2025-11-07,SYNTHETIC_ARM_LENGTH_TRANSACTION,RPO-USD_OIS_5.0Y-043,True,SYNTHETIC_RFET_EVIDENCE,Synthetic transaction or committed-quote event; not an observed public closing price
USD_OIS_5.0Y,2025-11-11,SYNTHETIC_ARM_LENGTH_TRANSACTION,RPO-USD_OIS_5.0Y-044,True,SYNTHETIC_RFET_EVIDENCE,Synthetic transaction or committed-quote event; not an observed public closing price
USD_OIS_5.0Y,2025-11-13,SYNTHETIC_ARM_LENGTH_TRANSACTION,RPO-USD_OIS_5.0Y-045,True,SYNTHETIC_RFET_EVIDENCE,Synthetic transaction or committed-quote event; not an observed public closing price
USD_OIS_5.0Y,2025-11-18,SYNTHETIC_ARM_LENGTH_TRANSACTION,RPO-USD_OIS_5.0Y-046,True,SYNTHETIC_RFET_EVIDENCE,Synthetic transaction or committed-quote event; not an observed public closing price
USD_OIS_5.0Y,2025-11-20,SYNTHETIC_ARM_LENGTH_TRANSACTION,RPO-USD_OIS_5.0Y-047,True,SYNTHETIC_RFET_EVIDENCE,Synthetic transaction or committed-quote event; not an observed public closing price
USD_OIS_5.0Y,2025-11-24,SYNTHETIC_ARM_LENGTH_TRANSACTION,RPO-USD_OIS_5.0Y-048,True,SYNTHETIC_RFET_EVIDENCE,Synthetic transaction or committed-quote event; not an observed public closing price
USD_OIS_5.0Y,2025-11-26,SYNTHETIC_ARM_LENGTH_TRANSACTION,RPO-USD_OIS_5.0Y-049,True,SYNTHETIC_RFET_EVIDENCE,Synthetic transaction or committed-quote event; not an observed public closing price
USD_OIS_5.0Y,2025-11-28,SYNTHETIC_ARM_LENGTH_TRANSACTION,RPO-USD_OIS_5.0Y-050,True,SYNTHETIC_RFET_EVIDENCE,Synthetic transaction or committed-quote event; not an observed public closing price
USD_OIS_5.0Y,2025-12-03,SYNTHETIC_ARM_LENGTH_TRANSACTION,RPO-USD_OIS_5.0Y-051,True,SYNTHETIC_RFET_EVIDENCE,Synthetic transaction or committed-quote event; not an observed public closing price
USD_OIS_5.0Y,2025-12-05,SYNTHETIC_ARM_LENGTH_TRANSACTION,RPO-USD_OIS_5.0Y-052,True,SYNTHETIC_RFET_EVIDENCE,Synthetic transaction or committed-quote event; not an observed public closing price
USD_OIS_5.0Y,2025-12-09,SYNTHETIC_ARM_LENGTH_TRANSACTION,RPO-USD_OIS_5.0Y-053,True,SYNTHETIC_RFET_EVIDENCE,Synthetic transaction or committed-quote event; not an observed public closing price
USD_OIS_5.0Y,2025-12-11,SYNTHETIC_ARM_LENGTH_TRANSACTION,RPO-USD_OIS_5.0Y-054,True,SYNTHETIC_RFET_EVIDENCE,Synthetic transaction or committed-quote event; not an observed public closing price
USD_OIS_5.0Y,2025-12-16,SYNTHETIC_ARM_LENGTH_TRANSACTION,RPO-USD_OIS_5.0Y-055,True,SYNTHETIC_RFET_EVIDENCE,Synthetic transaction or committed-quote event; not an observed public closing price
USD_OIS_5.0Y,2025-12-18,SYNTHETIC_ARM_LENGTH_TRANSACTION,RPO-USD_OIS_5.0Y-056,True,SYNTHETIC_RFET_EVIDENCE,Synthetic transaction or committed-quote event; not an observed public closing price
USD_OIS_5.0Y,2025-12-22,SYNTHETIC_ARM_LENGTH_TRANSACTION,RPO-USD_OIS_5.0Y-057,True,SYNTHETIC_RFET_EVIDENCE,Synthetic transaction or committed-quote event; not an observed public closing price
USD_OIS_5.0Y,2025-12-24,SYNTHETIC_ARM_LENGTH_TRANSACTION,RPO-USD_OIS_5.0Y-058,True,SYNTHETIC_RFET_EVIDENCE,Synthetic transaction or committed-quote event; not an observed public closing price
USD_OIS_5.0Y,2025-12-26,SYNTHETIC_ARM_LENGTH_TRANSACTION,RPO-USD_OIS_5.0Y-059,True,SYNTHETIC_RFET_EVIDENCE,Synthetic transaction or committed-quote event; not an observed public closing price
USD_OIS_5.0Y,2025-12-31,SYNTHETIC_ARM_LENGTH_TRANSACTION,RPO-USD_OIS_5.0Y-060,True,SYNTHETIC_RFET_EVIDENCE,Synthetic transaction or committed-quote event; not an observed public closing price
USD_OIS_5.0Y,2026-01-02,SYNTHETIC_ARM_LENGTH_TRANSACTION,RPO-USD_OIS_5.0Y-061,True,SYNTHETIC_RFET_EVIDENCE,Synthetic transaction or committed-quote event; not an observed public closing price
USD_OIS_5.0Y,2026-01-06,SYNTHETIC_ARM_LENGTH_TRANSACTION,RPO-USD_OIS_5.0Y-062,True,SYNTHETIC_RFET_EVIDENCE,Synthetic transaction or committed-quote event; not an observed public closing price
USD_OIS_5.0Y,2026-01-08,SYNTHETIC_ARM_LENGTH_TRANSACTION,RPO-USD_OIS_5.0Y-063,True,SYNTHETIC_RFET_EVIDENCE,Synthetic transaction or committed-quote event; not an observed public closing price
USD_OIS_5.0Y,2026-01-13,SYNTHETIC_ARM_LENGTH_TRANSACTION,RPO-USD_OIS_5.0Y-064,True,SYNTHETIC_RFET_EVIDENCE,Synthetic transaction or committed-quote event; not an observed public closing price
USD_OIS_5.0Y,2026-01-15,SYNTHETIC_ARM_LENGTH_TRANSACTION,RPO-USD_OIS_5.0Y-065,True,SYNTHETIC_RFET_EVIDENCE,Synthetic transaction or committed-quote event; not an observed public closing price
USD_OIS_5.0Y,2026-01-19,SYNTHETIC_ARM_LENGTH_TRANSACTION,RPO-USD_OIS_5.0Y-066,True,SYNTHETIC_RFET_EVIDENCE,Synthetic transaction or committed-quote event; not an observed public closing price
USD_OIS_5.0Y,2026-01-21,SYNTHETIC_ARM_LENGTH_TRANSACTION,RPO-USD_OIS_5.0Y-067,True,SYNTHETIC_RFET_EVIDENCE,Synthetic transaction or committed-quote event; not an observed public closing price
USD_OIS_5.0Y,2026-01-23,SYNTHETIC_ARM_LENGTH_TRANSACTION,RPO-USD_OIS_5.0Y-068,True,SYNTHETIC_RFET_EVIDENCE,Synthetic transaction or committed-quote event; not an observed public closing price
USD_OIS_5.0Y,2026-01-28,SYNTHETIC_ARM_LENGTH_TRANSACTION,RPO-USD_OIS_5.0Y-069,True,SYNTHETIC_RFET_EVIDENCE,Synthetic transaction or committed-quote event; not an observed public closing price
USD_OIS_5.0Y,2026-01-30,SYNTHETIC_ARM_LENGTH_TRANSACTION,RPO-USD_OIS_5.0Y-070,True,SYNTHETIC_RFET_EVIDENCE,Synthetic transaction or committed-quote event; not an observed public closing price
USD_OIS_5.0Y,2026-02-03,SYNTHETIC_ARM_LENGTH_TRANSACTION,RPO-USD_OIS_5.0Y-071,True,SYNTHETIC_RFET_EVIDENCE,Synthetic transaction or committed-quote event; not an observed public closing price
USD_OIS_5.0Y,2026-02-05,SYNTHETIC_ARM_LENGTH_TRANSACTION,RPO-USD_OIS_5.0Y-072,True,SYNTHETIC_RFET_EVIDENCE,Synthetic transaction or committed-quote event; not an observed public closing price
USD_OIS_5.0Y,2026-02-10,SYNTHETIC_ARM_LENGTH_TRANSACTION,RPO-USD_OIS_5.0Y-073,True,SYNTHETIC_RFET_EVIDENCE,Synthetic transaction or committed-quote event; not an observed public closing price
USD_OIS_5.0Y,2026-02-12,SYNTHETIC_ARM_LENGTH_TRANSACTION,RPO-USD_OIS_5.0Y-074,True,SYNTHETIC_RFET_EVIDENCE,Synthetic transaction or committed-quote event; not an observed public closing price
USD_OIS_5.0Y,2026-02-16,SYNTHETIC_ARM_LENGTH_TRANSACTION,RPO-USD_OIS_5.0Y-075,True,SYNTHETIC_RFET_EVIDENCE,Synthetic transaction or committed-quote event; not an observed public closing price
USD_OIS_5.0Y,2026-02-18,SYNTHETIC_ARM_LENGTH_TRANSACTION,RPO-USD_OIS_5.0Y-076,True,SYNTHETIC_RFET_EVIDENCE,Synthetic transaction or committed-quote event; not an observed public closing price
USD_OIS_5.0Y,2026-02-20,SYNTHETIC_ARM_LENGTH_TRANSACTION,RPO-USD_OIS_5.0Y-077,True,SYNTHETIC_RFET_EVIDENCE,Synthetic transaction or committed-quote event; not an observed public closing price
USD_OIS_5.0Y,2026-02-25,SYNTHETIC_ARM_LENGTH_TRANSACTION,RPO-USD_OIS_5.0Y-078,True,SYNTHETIC_RFET_EVIDENCE,Synthetic transaction or committed-quote event; not an observed public closing price
USD_OIS_5.0Y,2026-02-27,SYNTHETIC_ARM_LENGTH_TRANSACTION,RPO-USD_OIS_5.0Y-079,True,SYNTHETIC_RFET_EVIDENCE,Synthetic transaction or committed-quote event; not an observed public closing price
USD_OIS_5.0Y,2026-03-03,SYNTHETIC_ARM_LENGTH_TRANSACTION,RPO-USD_OIS_5.0Y-080,True,SYNTHETIC_RFET_EVIDENCE,Synthetic transaction or committed-quote event; not an observed public closing price
USD_OIS_5.0Y,2026-03-05,SYNTHETIC_ARM_LENGTH_TRANSACTION,RPO-USD_OIS_5.0Y-081,True,SYNTHETIC_RFET_EVIDENCE,Synthetic transaction or committed-quote event; not an observed public closing price
USD_OIS_5.0Y,2026-03-10,SYNTHETIC_ARM_LENGTH_TRANSACTION,RPO-USD_OIS_5.0Y-082,True,SYNTHETIC_RFET_EVIDENCE,Synthetic transaction or committed-quote event; not an observed public closing price
USD_OIS_5.0Y,2026-03-12,SYNTHETIC_ARM_LENGTH_TRANSACTION,RPO-USD_OIS_5.0Y-083,True,SYNTHETIC_RFET_EVIDENCE,Synthetic transaction or committed-quote event; not an observed public closing price
USD_OIS_5.0Y,2026-03-16,SYNTHETIC_ARM_LENGTH_TRANSACTION,RPO-USD_OIS_5.0Y-084,True,SYNTHETIC_RFET_EVIDENCE,Synthetic transaction or committed-quote event; not an observed public closing price
USD_OIS_5.0Y,2026-03-18,SYNTHETIC_ARM_LENGTH_TRANSACTION,RPO-USD_OIS_5.0Y-085,True,SYNTHETIC_RFET_EVIDENCE,Synthetic transaction or committed-quote event; not an observed public closing price
USD_OIS_5.0Y,2026-03-20,SYNTHETIC_ARM_LENGTH_TRANSACTION,RPO-USD_OIS_5.0Y-086,True,SYNTHETIC_RFET_EVIDENCE,Synthetic transaction or committed-quote event; not an observed public closing price
USD_OIS_5.0Y,2026-03-25,SYNTHETIC_ARM_LENGTH_TRANSACTION,RPO-USD_OIS_5.0Y-087,True,SYNTHETIC_RFET_EVIDENCE,Synthetic transaction or committed-quote event; not an observed public closing price
USD_OIS_5.0Y,2026-03-27,SYNTHETIC_ARM_LENGTH_TRANSACTION,RPO-USD_OIS_5.0Y-088,True,SYNTHETIC_RFET_EVIDENCE,Synthetic transaction or committed-quote event; not an observed public closing price
USD_OIS_5.0Y,2026-03-31,SYNTHETIC_ARM_LENGTH_TRANSACTION,RPO-USD_OIS_5.0Y-089,True,SYNTHETIC_RFET_EVIDENCE,Synthetic transaction or committed-quote event; not an observed public closing price
USD_OIS_5.0Y,2026-04-02,SYNTHETIC_ARM_LENGTH_TRANSACTION,RPO-USD_OIS_5.0Y-090,True,SYNTHETIC_RFET_EVIDENCE,Synthetic transaction or committed-quote event; not an observed public closing price
USD_OIS_5.0Y,2026-04-07,SYNTHETIC_ARM_LENGTH_TRANSACTION,RPO-USD_OIS_5.0Y-091,True,SYNTHETIC_RFET_EVIDENCE,Synthetic transaction or committed-quote event; not an observed public closing price
USD_OIS_5.0Y,2026-04-09,SYNTHETIC_ARM_LENGTH_TRANSACTION,RPO-USD_OIS_5.0Y-092,True,SYNTHETIC_RFET_EVIDENCE,Synthetic transaction or committed-quote event; not an observed public closing price
USD_OIS_5.0Y,2026-04-13,SYNTHETIC_ARM_LENGTH_TRANSACTION,RPO-USD_OIS_5.0Y-093,True,SYNTHETIC_RFET_EVIDENCE,Synthetic transaction or committed-quote event; not an observed public closing price
USD_OIS_5.0Y,2026-04-15,SYNTHETIC_ARM_LENGTH_TRANSACTION,RPO-USD_OIS_5.0Y-094,True,SYNTHETIC_RFET_EVIDENCE,Synthetic transaction or committed-quote event; not an observed public closing price
USD_OIS_5.0Y,2026-04-17,SYNTHETIC_ARM_LENGTH_TRANSACTION,RPO-USD_OIS_5.0Y-095,True,SYNTHETIC_RFET_EVIDENCE,Synthetic transaction or committed-quote event; not an observed public closing price
USD_OIS_5.0Y,2026-04-22,SYNTHETIC_ARM_LENGTH_TRANSACTION,RPO-USD_OIS_5.0Y-096,True,SYNTHETIC_RFET_EVIDENCE,Synthetic transaction or committed-quote event; not an observed public closing price
USD_OIS_5.0Y,2026-04-24,SYNTHETIC_ARM_LENGTH_TRANSACTION,RPO-USD_OIS_5.0Y-097,True,SYNTHETIC_RFET_EVIDENCE,Synthetic transaction or committed-quote event; not an observed public closing price
USD_OIS_5.0Y,2026-04-28,SYNTHETIC_ARM_LENGTH_TRANSACTION,RPO-USD_OIS_5.0Y-098,True,SYNTHETIC_RFET_EVIDENCE,Synthetic transaction or committed-quote event; not an observed public closing price
USD_OIS_5.0Y,2026-04-30,SYNTHETIC_ARM_LENGTH_TRANSACTION,RPO-USD_OIS_5.0Y-099,True,SYNTHETIC_RFET_EVIDENCE,Synthetic transaction or committed-quote event; not an observed public closing price
USD_OIS_5.0Y,2026-05-05,SYNTHETIC_ARM_LENGTH_TRANSACTION,RPO-USD_OIS_5.0Y-100,True,SYNTHETIC_RFET_EVIDENCE,Synthetic transaction or committed-quote event; not an observed public closing price
USD_OIS_5.0Y,2026-05-07,SYNTHETIC_ARM_LENGTH_TRANSACTION,RPO-USD_OIS_5.0Y-101,True,SYNTHETIC_RFET_EVIDENCE,Synthetic transaction or committed-quote event; not an observed public closing price
USD_OIS_5.0Y,2026-05-11,SYNTHETIC_ARM_LENGTH_TRANSACTION,RPO-USD_OIS_5.0Y-102,True,SYNTHETIC_RFET_EVIDENCE,Synthetic transaction or committed-quote event; not an observed public closing price
USD_OIS_5.0Y,2026-05-13,SYNTHETIC_ARM_LENGTH_TRANSACTION,RPO-USD_OIS_5.0Y-103,True,SYNTHETIC_RFET_EVIDENCE,Synthetic transaction or committed-quote event; not an observed public closing price
USD_OIS_5.0Y,2026-05-15,SYNTHETIC_ARM_LENGTH_TRANSACTION,RPO-USD_OIS_5.0Y-104,True,SYNTHETIC_RFET_EVIDENCE,Synthetic transaction or committed-quote event; not an observed public closing price
USD_OIS_5.0Y,2026-05-20,SYNTHETIC_ARM_LENGTH_TRANSACTION,RPO-USD_OIS_5.0Y-105,True,SYNTHETIC_RFET_EVIDENCE,Synthetic transaction or committed-quote event; not an observed public closing price
USD_OIS_5.0Y,2026-05-22,SYNTHETIC_ARM_LENGTH_TRANSACTION,RPO-USD_OIS_5.0Y-106,True,SYNTHETIC_RFET_EVIDENCE,Synthetic transaction or committed-quote event; not an observed public closing price
USD_OIS_5.0Y,2026-05-26,SYNTHETIC_ARM_LENGTH_TRANSACTION,RPO-USD_OIS_5.0Y-107,True,SYNTHETIC_RFET_EVIDENCE,Synthetic transaction or committed-quote event; not an observed public closing price
USD_OIS_5.0Y,2026-05-28,SYNTHETIC_ARM_LENGTH_TRANSACTION,RPO-USD_OIS_5.0Y-108,True,SYNTHETIC_RFET_EVIDENCE,Synthetic transaction or committed-quote event; not an observed public closing price
USD_OIS_5.0Y,2026-06-02,SYNTHETIC_ARM_LENGTH_TRANSACTION,RPO-USD_OIS_5.0Y-109,True,SYNTHETIC_RFET_EVIDENCE,Synthetic transaction or committed-quote event; not an observed public closing price
USD_OIS_5.0Y,2026-06-04,SYNTHETIC_ARM_LENGTH_TRANSACTION,RPO-USD_OIS_5.0Y-110,True,SYNTHETIC_RFET_EVIDENCE,Synthetic transaction or committed-quote event; not an observed public closing price
USD_OIS_5.0Y,2026-06-08,SYNTHETIC_ARM_LENGTH_TRANSACTION,RPO-USD_OIS_5.0Y-111,True,SYNTHETIC_RFET_EVIDENCE,Synthetic transaction or committed-quote event; not an observed public closing price
USD_OIS_5.0Y,2026-06-10,SYNTHETIC_ARM_LENGTH_TRANSACTION,RPO-USD_OIS_5.0Y-112,True,SYNTHETIC_RFET_EVIDENCE,Synthetic transaction or committed-quote event; not an observed public closing price
USD_OIS_5.0Y,2026-06-12,SYNTHETIC_ARM_LENGTH_TRANSACTION,RPO-USD_OIS_5.0Y-113,True,SYNTHETIC_RFET_EVIDENCE,Synthetic transaction or committed-quote event; not an observed public closing price
USD_OIS_5.0Y,2026-06-17,SYNTHETIC_ARM_LENGTH_TRANSACTION,RPO-USD_OIS_5.0Y-114,True,SYNTHETIC_RFET_EVIDENCE,Synthetic transaction or committed-quote event; not an observed public closing price
USD_OIS_5.0Y,2026-06-19,SYNTHETIC_ARM_LENGTH_TRANSACTION,RPO-USD_OIS_5.0Y-115,True,SYNTHETIC_RFET_EVIDENCE,Synthetic transaction or committed-quote event; not an observed public closing price
USD_OIS_5.0Y,2026-06-23,SYNTHETIC_ARM_LENGTH_TRANSACTION,RPO-USD_OIS_5.0Y-116,True,SYNTHETIC_RFET_EVIDENCE,Synthetic transaction or committed-quote event; not an observed public closing price
USD_OIS_5.0Y,2026-06-25,SYNTHETIC_ARM_LENGTH_TRANSACTION,RPO-USD_OIS_5.0Y-117,True,SYNTHETIC_RFET_EVIDENCE,Synthetic transaction or committed-quote event; not an observed public closing price
USD_OIS_5.0Y,2026-06-30,SYNTHETIC_ARM_LENGTH_TRANSACTION,RPO-USD_OIS_5.0Y-118,True,SYNTHETIC_RFET_EVIDENCE,Synthetic transaction or committed-quote event; not an observed public closing price
USD_OIS_VOL_1.0Y_UNDERLYING_10.0Y,2025-07-01,SYNTHETIC_COMMITTED_QUOTE,RPO-USD_OIS_VOL_1.0Y_UNDERLYING_10.0Y-001,True,SYNTHETIC_RFET_EVIDENCE,Synthetic transaction or committed-quote event; not an observed public closing price
USD_OIS_VOL_1.0Y_UNDERLYING_10.0Y,2025-07-11,SYNTHETIC_COMMITTED_QUOTE,RPO-USD_OIS_VOL_1.0Y_UNDERLYING_10.0Y-002,True,SYNTHETIC_RFET_EVIDENCE,Synthetic transaction or committed-quote event; not an observed public closing price
USD_OIS_VOL_1.0Y_UNDERLYING_10.0Y,2025-07-23,SYNTHETIC_COMMITTED_QUOTE,RPO-USD_OIS_VOL_1.0Y_UNDERLYING_10.0Y-003,True,SYNTHETIC_RFET_EVIDENCE,Synthetic transaction or committed-quote event; not an observed public closing price
USD_OIS_VOL_1.0Y_UNDERLYING_10.0Y,2025-08-05,SYNTHETIC_COMMITTED_QUOTE,RPO-USD_OIS_VOL_1.0Y_UNDERLYING_10.0Y-004,True,SYNTHETIC_RFET_EVIDENCE,Synthetic transaction or committed-quote event; not an observed public closing price
USD_OIS_VOL_1.0Y_UNDERLYING_10.0Y,2025-08-15,SYNTHETIC_COMMITTED_QUOTE,RPO-USD_OIS_VOL_1.0Y_UNDERLYING_10.0Y-005,True,SYNTHETIC_RFET_EVIDENCE,Synthetic transaction or committed-quote event; not an observed public closing price
USD_OIS_VOL_1.0Y_UNDERLYING_10.0Y,2025-08-27,SYNTHETIC_COMMITTED_QUOTE,RPO-USD_OIS_VOL_1.0Y_UNDERLYING_10.0Y-006,True,SYNTHETIC_RFET_EVIDENCE,Synthetic transaction or committed-quote event; not an observed public closing price
USD_OIS_VOL_1.0Y_UNDERLYING_10.0Y,2025-09-09,SYNTHETIC_COMMITTED_QUOTE,RPO-USD_OIS_VOL_1.0Y_UNDERLYING_10.0Y-007,True,SYNTHETIC_RFET_EVIDENCE,Synthetic transaction or committed-quote event; not an observed public closing price
USD_OIS_VOL_1.0Y_UNDERLYING_10.0Y,2025-09-19,SYNTHETIC_COMMITTED_QUOTE,RPO-USD_OIS_VOL_1.0Y_UNDERLYING_10.0Y-008,True,SYNTHETIC_RFET_EVIDENCE,Synthetic transaction or committed-quote event; not an observed public closing price
USD_OIS_VOL_1.0Y_UNDERLYING_10.0Y,2025-10-02,SYNTHETIC_COMMITTED_QUOTE,RPO-USD_OIS_VOL_1.0Y_UNDERLYING_10.0Y-009,True,SYNTHETIC_RFET_EVIDENCE,Synthetic transaction or committed-quote event; not an observed public closing price
USD_OIS_VOL_1.0Y_UNDERLYING_10.0Y,2025-10-14,SYNTHETIC_COMMITTED_QUOTE,RPO-USD_OIS_VOL_1.0Y_UNDERLYING_10.0Y-010,True,SYNTHETIC_RFET_EVIDENCE,Synthetic transaction or committed-quote event; not an observed public closing price
USD_OIS_VOL_1.0Y_UNDERLYING_10.0Y,2025-10-24,SYNTHETIC_COMMITTED_QUOTE,RPO-USD_OIS_VOL_1.0Y_UNDERLYING_10.0Y-011,True,SYNTHETIC_RFET_EVIDENCE,Synthetic transaction or committed-quote event; not an observed public closing price
USD_OIS_VOL_1.0Y_UNDERLYING_10.0Y,2025-11-06,SYNTHETIC_COMMITTED_QUOTE,RPO-USD_OIS_VOL_1.0Y_UNDERLYING_10.0Y-012,True,SYNTHETIC_RFET_EVIDENCE,Synthetic transaction or committed-quote event; not an observed public closing price
USD_OIS_VOL_1.0Y_UNDERLYING_10.0Y,2025-11-18,SYNTHETIC_COMMITTED_QUOTE,RPO-USD_OIS_VOL_1.0Y_UNDERLYING_10.0Y-013,True,SYNTHETIC_RFET_EVIDENCE,Synthetic transaction or committed-quote event; not an observed public closing price
USD_OIS_VOL_1.0Y_UNDERLYING_10.0Y,2025-12-01,SYNTHETIC_COMMITTED_QUOTE,RPO-USD_OIS_VOL_1.0Y_UNDERLYING_10.0Y-014,True,SYNTHETIC_RFET_EVIDENCE,Synthetic transaction or committed-quote event; not an observed public closing price
USD_OIS_VOL_1.0Y_UNDERLYING_10.0Y,2025-12-11,SYNTHETIC_COMMITTED_QUOTE,RPO-USD_OIS_VOL_1.0Y_UNDERLYING_10.0Y-015,True,SYNTHETIC_RFET_EVIDENCE,Synthetic transaction or committed-quote event; not an observed public closing price
USD_OIS_VOL_1.0Y_UNDERLYING_10.0Y,2025-12-23,SYNTHETIC_COMMITTED_QUOTE,RPO-USD_OIS_VOL_1.0Y_UNDERLYING_10.0Y-016,True,SYNTHETIC_RFET_EVIDENCE,Synthetic transaction or committed-quote event; not an observed public closing price
USD_OIS_VOL_1.0Y_UNDERLYING_10.0Y,2026-01-05,SYNTHETIC_COMMITTED_QUOTE,RPO-USD_OIS_VOL_1.0Y_UNDERLYING_10.0Y-017,True,SYNTHETIC_RFET_EVIDENCE,Synthetic transaction or committed-quote event; not an observed public closing price
USD_OIS_VOL_1.0Y_UNDERLYING_10.0Y,2026-01-15,SYNTHETIC_COMMITTED_QUOTE,RPO-USD_OIS_VOL_1.0Y_UNDERLYING_10.0Y-018,True,SYNTHETIC_RFET_EVIDENCE,Synthetic transaction or committed-quote event; not an observed public closing price
USD_OIS_VOL_1.0Y_UNDERLYING_10.0Y,2026-01-27,SYNTHETIC_COMMITTED_QUOTE,RPO-USD_OIS_VOL_1.0Y_UNDERLYING_10.0Y-019,True,SYNTHETIC_RFET_EVIDENCE,Synthetic transaction or committed-quote event; not an observed public closing price
USD_OIS_VOL_1.0Y_UNDERLYING_10.0Y,2026-02-09,SYNTHETIC_COMMITTED_QUOTE,RPO-USD_OIS_VOL_1.0Y_UNDERLYING_10.0Y-020,True,SYNTHETIC_RFET_EVIDENCE,Synthetic transaction or committed-quote event; not an observed public closing price
USD_OIS_VOL_1.0Y_UNDERLYING_10.0Y,2026-02-19,SYNTHETIC_COMMITTED_QUOTE,RPO-USD_OIS_VOL_1.0Y_UNDERLYING_10.0Y-021,True,SYNTHETIC_RFET_EVIDENCE,Synthetic transaction or committed-quote event; not an observed public closing price
USD_OIS_VOL_1.0Y_UNDERLYING_10.0Y,2026-03-04,SYNTHETIC_COMMITTED_QUOTE,RPO-USD_OIS_VOL_1.0Y_UNDERLYING_10.0Y-022,True,SYNTHETIC_RFET_EVIDENCE,Synthetic transaction or committed-quote event; not an observed public closing price
USD_OIS_VOL_1.0Y_UNDERLYING_10.0Y,2026-03-16,SYNTHETIC_COMMITTED_QUOTE,RPO-USD_OIS_VOL_1.0Y_UNDERLYING_10.0Y-023,True,SYNTHETIC_RFET_EVIDENCE,Synthetic transaction or committed-quote event; not an observed public closing price
USD_OIS_VOL_1.0Y_UNDERLYING_10.0Y,2026-03-26,SYNTHETIC_COMMITTED_QUOTE,RPO-USD_OIS_VOL_1.0Y_UNDERLYING_10.0Y-024,True,SYNTHETIC_RFET_EVIDENCE,Synthetic transaction or committed-quote event; not an observed public closing price
USD_OIS_VOL_1.0Y_UNDERLYING_10.0Y,2026-04-08,SYNTHETIC_COMMITTED_QUOTE,RPO-USD_OIS_VOL_1.0Y_UNDERLYING_10.0Y-025,True,SYNTHETIC_RFET_EVIDENCE,Synthetic transaction or committed-quote event; not an observed public closing price
USD_OIS_VOL_1.0Y_UNDERLYING_10.0Y,2026-04-20,SYNTHETIC_COMMITTED_QUOTE,RPO-USD_OIS_VOL_1.0Y_UNDERLYING_10.0Y-026,True,SYNTHETIC_RFET_EVIDENCE,Synthetic transaction or committed-quote event; not an observed public closing price
USD_OIS_VOL_1.0Y_UNDERLYING_10.0Y,2026-05-01,SYNTHETIC_COMMITTED_QUOTE,RPO-USD_OIS_VOL_1.0Y_UNDERLYING_10.0Y-027,True,SYNTHETIC_RFET_EVIDENCE,Synthetic transaction or committed-quote event; not an observed public closing price
USD_OIS_VOL_1.0Y_UNDERLYING_10.0Y,2026-05-13,SYNTHETIC_COMMITTED_QUOTE,RPO-USD_OIS_VOL_1.0Y_UNDERLYING_10.0Y-028,True,SYNTHETIC_RFET_EVIDENCE,Synthetic transaction or committed-quote event; not an observed public closing price
USD_OIS_VOL_1.0Y_UNDERLYING_10.0Y,2026-05-25,SYNTHETIC_COMMITTED_QUOTE,RPO-USD_OIS_VOL_1.0Y_UNDERLYING_10.0Y-029,True,SYNTHETIC_RFET_EVIDENCE,Synthetic transaction or committed-quote event; not an observed public closing price
USD_OIS_VOL_1.0Y_UNDERLYING_10.0Y,2026-06-05,SYNTHETIC_COMMITTED_QUOTE,RPO-USD_OIS_VOL_1.0Y_UNDERLYING_10.0Y-030,True,SYNTHETIC_RFET_EVIDENCE,Synthetic transaction or committed-quote event; not an observed public closing price
USD_OIS_VOL_1.0Y_UNDERLYING_10.0Y,2026-06-17,SYNTHETIC_COMMITTED_QUOTE,RPO-USD_OIS_VOL_1.0Y_UNDERLYING_10.0Y-031,True,SYNTHETIC_RFET_EVIDENCE,Synthetic transaction or committed-quote event; not an observed public closing price
USD_OIS_VOL_1.0Y_UNDERLYING_10.0Y,2026-06-30,SYNTHETIC_COMMITTED_QUOTE,RPO-USD_OIS_VOL_1.0Y_UNDERLYING_10.0Y-032,True,SYNTHETIC_RFET_EVIDENCE,Synthetic transaction or committed-quote event; not an observed public closing price
USD_OIS_VOL_3.0Y_UNDERLYING_10.0Y,2025-07-01,SYNTHETIC_COMMITTED_QUOTE,RPO-USD_OIS_VOL_3.0Y_UNDERLYING_10.0Y-001,True,SYNTHETIC_RFET_EVIDENCE,Synthetic transaction or committed-quote event; not an observed public closing price
USD_OIS_VOL_3.0Y_UNDERLYING_10.0Y,2025-07-11,SYNTHETIC_COMMITTED_QUOTE,RPO-USD_OIS_VOL_3.0Y_UNDERLYING_10.0Y-002,True,SYNTHETIC_RFET_EVIDENCE,Synthetic transaction or committed-quote event; not an observed public closing price
USD_OIS_VOL_3.0Y_UNDERLYING_10.0Y,2025-07-23,SYNTHETIC_COMMITTED_QUOTE,RPO-USD_OIS_VOL_3.0Y_UNDERLYING_10.0Y-003,True,SYNTHETIC_RFET_EVIDENCE,Synthetic transaction or committed-quote event; not an observed public closing price
USD_OIS_VOL_3.0Y_UNDERLYING_10.0Y,2025-08-05,SYNTHETIC_COMMITTED_QUOTE,RPO-USD_OIS_VOL_3.0Y_UNDERLYING_10.0Y-004,True,SYNTHETIC_RFET_EVIDENCE,Synthetic transaction or committed-quote event; not an observed public closing price
USD_OIS_VOL_3.0Y_UNDERLYING_10.0Y,2025-08-15,SYNTHETIC_COMMITTED_QUOTE,RPO-USD_OIS_VOL_3.0Y_UNDERLYING_10.0Y-005,True,SYNTHETIC_RFET_EVIDENCE,Synthetic transaction or committed-quote event; not an observed public closing price
USD_OIS_VOL_3.0Y_UNDERLYING_10.0Y,2025-08-27,SYNTHETIC_COMMITTED_QUOTE,RPO-USD_OIS_VOL_3.0Y_UNDERLYING_10.0Y-006,True,SYNTHETIC_RFET_EVIDENCE,Synthetic transaction or committed-quote event; not an observed public closing price
USD_OIS_VOL_3.0Y_UNDERLYING_10.0Y,2025-09-09,SYNTHETIC_COMMITTED_QUOTE,RPO-USD_OIS_VOL_3.0Y_UNDERLYING_10.0Y-007,True,SYNTHETIC_RFET_EVIDENCE,Synthetic transaction or committed-quote event; not an observed public closing price
USD_OIS_VOL_3.0Y_UNDERLYING_10.0Y,2025-09-19,SYNTHETIC_COMMITTED_QUOTE,RPO-USD_OIS_VOL_3.0Y_UNDERLYING_10.0Y-008,True,SYNTHETIC_RFET_EVIDENCE,Synthetic transaction or committed-quote event; not an observed public closing price
USD_OIS_VOL_3.0Y_UNDERLYING_10.0Y,2025-10-02,SYNTHETIC_COMMITTED_QUOTE,RPO-USD_OIS_VOL_3.0Y_UNDERLYING_10.0Y-009,True,SYNTHETIC_RFET_EVIDENCE,Synthetic transaction or committed-quote event; not an observed public closing price
USD_OIS_VOL_3.0Y_UNDERLYING_10.0Y,2025-10-14,SYNTHETIC_COMMITTED_QUOTE,RPO-USD_OIS_VOL_3.0Y_UNDERLYING_10.0Y-010,True,SYNTHETIC_RFET_EVIDENCE,Synthetic transaction or committed-quote event; not an observed public closing price
USD_OIS_VOL_3.0Y_UNDERLYING_10.0Y,2025-10-24,SYNTHETIC_COMMITTED_QUOTE,RPO-USD_OIS_VOL_3.0Y_UNDERLYING_10.0Y-011,True,SYNTHETIC_RFET_EVIDENCE,Synthetic transaction or committed-quote event; not an observed public closing price
USD_OIS_VOL_3.0Y_UNDERLYING_10.0Y,2025-11-06,SYNTHETIC_COMMITTED_QUOTE,RPO-USD_OIS_VOL_3.0Y_UNDERLYING_10.0Y-012,True,SYNTHETIC_RFET_EVIDENCE,Synthetic transaction or committed-quote event; not an observed public closing price
USD_OIS_VOL_3.0Y_UNDERLYING_10.0Y,2025-11-18,SYNTHETIC_COMMITTED_QUOTE,RPO-USD_OIS_VOL_3.0Y_UNDERLYING_10.0Y-013,True,SYNTHETIC_RFET_EVIDENCE,Synthetic transaction or committed-quote event; not an observed public closing price
USD_OIS_VOL_3.0Y_UNDERLYING_10.0Y,2025-12-01,SYNTHETIC_COMMITTED_QUOTE,RPO-USD_OIS_VOL_3.0Y_UNDERLYING_10.0Y-014,True,SYNTHETIC_RFET_EVIDENCE,Synthetic transaction or committed-quote event; not an observed public closing price
USD_OIS_VOL_3.0Y_UNDERLYING_10.0Y,2025-12-11,SYNTHETIC_COMMITTED_QUOTE,RPO-USD_OIS_VOL_3.0Y_UNDERLYING_10.0Y-015,True,SYNTHETIC_RFET_EVIDENCE,Synthetic transaction or committed-quote event; not an observed public closing price
USD_OIS_VOL_3.0Y_UNDERLYING_10.0Y,2025-12-23,SYNTHETIC_COMMITTED_QUOTE,RPO-USD_OIS_VOL_3.0Y_UNDERLYING_10.0Y-016,True,SYNTHETIC_RFET_EVIDENCE,Synthetic transaction or committed-quote event; not an observed public closing price
USD_OIS_VOL_3.0Y_UNDERLYING_10.0Y,2026-01-05,SYNTHETIC_COMMITTED_QUOTE,RPO-USD_OIS_VOL_3.0Y_UNDERLYING_10.0Y-017,True,SYNTHETIC_RFET_EVIDENCE,Synthetic transaction or committed-quote event; not an observed public closing price
USD_OIS_VOL_3.0Y_UNDERLYING_10.0Y,2026-01-15,SYNTHETIC_COMMITTED_QUOTE,RPO-USD_OIS_VOL_3.0Y_UNDERLYING_10.0Y-018,True,SYNTHETIC_RFET_EVIDENCE,Synthetic transaction or committed-quote event; not an observed public closing price
USD_OIS_VOL_3.0Y_UNDERLYING_10.0Y,2026-01-27,SYNTHETIC_COMMITTED_QUOTE,RPO-USD_OIS_VOL_3.0Y_UNDERLYING_10.0Y-019,True,SYNTHETIC_RFET_EVIDENCE,Synthetic transaction or committed-quote event; not an observed public closing price
USD_OIS_VOL_3.0Y_UNDERLYING_10.0Y,2026-02-09,SYNTHETIC_COMMITTED_QUOTE,RPO-USD_OIS_VOL_3.0Y_UNDERLYING_10.0Y-020,True,SYNTHETIC_RFET_EVIDENCE,Synthetic transaction or committed-quote event; not an observed public closing price
USD_OIS_VOL_3.0Y_UNDERLYING_10.0Y,2026-02-19,SYNTHETIC_COMMITTED_QUOTE,RPO-USD_OIS_VOL_3.0Y_UNDERLYING_10.0Y-021,True,SYNTHETIC_RFET_EVIDENCE,Synthetic transaction or committed-quote event; not an observed public closing price
USD_OIS_VOL_3.0Y_UNDERLYING_10.0Y,2026-03-04,SYNTHETIC_COMMITTED_QUOTE,RPO-USD_OIS_VOL_3.0Y_UNDERLYING_10.0Y-022,True,SYNTHETIC_RFET_EVIDENCE,Synthetic transaction or committed-quote event; not an observed public closing price
USD_OIS_VOL_3.0Y_UNDERLYING_10.0Y,2026-03-16,SYNTHETIC_COMMITTED_QUOTE,RPO-USD_OIS_VOL_3.0Y_UNDERLYING_10.0Y-023,True,SYNTHETIC_RFET_EVIDENCE,Synthetic transaction or committed-quote event; not an observed public closing price
USD_OIS_VOL_3.0Y_UNDERLYING_10.0Y,2026-03-26,SYNTHETIC_COMMITTED_QUOTE,RPO-USD_OIS_VOL_3.0Y_UNDERLYING_10.0Y-024,True,SYNTHETIC_RFET_EVIDENCE,Synthetic transaction or committed-quote event; not an observed public closing price
USD_OIS_VOL_3.0Y_UNDERLYING_10.0Y,2026-04-08,SYNTHETIC_COMMITTED_QUOTE,RPO-USD_OIS_VOL_3.0Y_UNDERLYING_10.0Y-025,True,SYNTHETIC_RFET_EVIDENCE,Synthetic transaction or committed-quote event; not an observed public closing price
USD_OIS_VOL_3.0Y_UNDERLYING_10.0Y,2026-04-20,SYNTHETIC_COMMITTED_QUOTE,RPO-USD_OIS_VOL_3.0Y_UNDERLYING_10.0Y-026,True,SYNTHETIC_RFET_EVIDENCE,Synthetic transaction or committed-quote event; not an observed public closing price
USD_OIS_VOL_3.0Y_UNDERLYING_10.0Y,2026-05-01,SYNTHETIC_COMMITTED_QUOTE,RPO-USD_OIS_VOL_3.0Y_UNDERLYING_10.0Y-027,True,SYNTHETIC_RFET_EVIDENCE,Synthetic transaction or committed-quote event; not an observed public closing price
USD_OIS_VOL_3.0Y_UNDERLYING_10.0Y,2026-05-13,SYNTHETIC_COMMITTED_QUOTE,RPO-USD_OIS_VOL_3.0Y_UNDERLYING_10.0Y-028,True,SYNTHETIC_RFET_EVIDENCE,Synthetic transaction or committed-quote event; not an observed public closing price
USD_OIS_VOL_3.0Y_UNDERLYING_10.0Y,2026-05-25,SYNTHETIC_COMMITTED_QUOTE,RPO-USD_OIS_VOL_3.0Y_UNDERLYING_10.0Y-029,True,SYNTHETIC_RFET_EVIDENCE,Synthetic transaction or committed-quote event; not an observed public closing price
USD_OIS_VOL_3.0Y_UNDERLYING_10.0Y,2026-06-05,SYNTHETIC_COMMITTED_QUOTE,RPO-USD_OIS_VOL_3.0Y_UNDERLYING_10.0Y-030,True,SYNTHETIC_RFET_EVIDENCE,Synthetic transaction or committed-quote event; not an observed public closing price
USD_OIS_VOL_3.0Y_UNDERLYING_10.0Y,2026-06-17,SYNTHETIC_COMMITTED_QUOTE,RPO-USD_OIS_VOL_3.0Y_UNDERLYING_10.0Y-031,True,SYNTHETIC_RFET_EVIDENCE,Synthetic transaction or committed-quote event; not an observed public closing price
USD_OIS_VOL_3.0Y_UNDERLYING_10.0Y,2026-06-30,SYNTHETIC_COMMITTED_QUOTE,RPO-USD_OIS_VOL_3.0Y_UNDERLYING_10.0Y-032,True,SYNTHETIC_RFET_EVIDENCE,Synthetic transaction or committed-quote event; not an observed public closing price
US_INDUSTRIAL_10.0Y,2025-07-01,SYNTHETIC_COMMITTED_QUOTE,RPO-US_INDUSTRIAL_10.0Y-001,True,SYNTHETIC_RFET_EVIDENCE,Synthetic transaction or committed-quote event; not an observed public closing price
US_INDUSTRIAL_10.0Y,2025-07-11,SYNTHETIC_COMMITTED_QUOTE,RPO-US_INDUSTRIAL_10.0Y-002,True,SYNTHETIC_RFET_EVIDENCE,Synthetic transaction or committed-quote event; not an observed public closing price
US_INDUSTRIAL_10.0Y,2025-07-23,SYNTHETIC_COMMITTED_QUOTE,RPO-US_INDUSTRIAL_10.0Y-003,True,SYNTHETIC_RFET_EVIDENCE,Synthetic transaction or committed-quote event; not an observed public closing price
US_INDUSTRIAL_10.0Y,2025-08-05,SYNTHETIC_COMMITTED_QUOTE,RPO-US_INDUSTRIAL_10.0Y-004,True,SYNTHETIC_RFET_EVIDENCE,Synthetic transaction or committed-quote event; not an observed public closing price
US_INDUSTRIAL_10.0Y,2025-08-15,SYNTHETIC_COMMITTED_QUOTE,RPO-US_INDUSTRIAL_10.0Y-005,True,SYNTHETIC_RFET_EVIDENCE,Synthetic transaction or committed-quote event; not an observed public closing price
US_INDUSTRIAL_10.0Y,2025-08-27,SYNTHETIC_COMMITTED_QUOTE,RPO-US_INDUSTRIAL_10.0Y-006,True,SYNTHETIC_RFET_EVIDENCE,Synthetic transaction or committed-quote event; not an observed public closing price
US_INDUSTRIAL_10.0Y,2025-09-09,SYNTHETIC_COMMITTED_QUOTE,RPO-US_INDUSTRIAL_10.0Y-007,True,SYNTHETIC_RFET_EVIDENCE,Synthetic transaction or committed-quote event; not an observed public closing price
US_INDUSTRIAL_10.0Y,2025-09-19,SYNTHETIC_COMMITTED_QUOTE,RPO-US_INDUSTRIAL_10.0Y-008,True,SYNTHETIC_RFET_EVIDENCE,Synthetic transaction or committed-quote event; not an observed public closing price
US_INDUSTRIAL_10.0Y,2025-10-02,SYNTHETIC_COMMITTED_QUOTE,RPO-US_INDUSTRIAL_10.0Y-009,True,SYNTHETIC_RFET_EVIDENCE,Synthetic transaction or committed-quote event; not an observed public closing price
US_INDUSTRIAL_10.0Y,2025-10-14,SYNTHETIC_COMMITTED_QUOTE,RPO-US_INDUSTRIAL_10.0Y-010,True,SYNTHETIC_RFET_EVIDENCE,Synthetic transaction or committed-quote event; not an observed public closing price
US_INDUSTRIAL_10.0Y,2025-10-24,SYNTHETIC_COMMITTED_QUOTE,RPO-US_INDUSTRIAL_10.0Y-011,True,SYNTHETIC_RFET_EVIDENCE,Synthetic transaction or committed-quote event; not an observed public closing price
US_INDUSTRIAL_10.0Y,2025-11-06,SYNTHETIC_COMMITTED_QUOTE,RPO-US_INDUSTRIAL_10.0Y-012,True,SYNTHETIC_RFET_EVIDENCE,Synthetic transaction or committed-quote event; not an observed public closing price
US_INDUSTRIAL_10.0Y,2025-11-18,SYNTHETIC_COMMITTED_QUOTE,RPO-US_INDUSTRIAL_10.0Y-013,True,SYNTHETIC_RFET_EVIDENCE,Synthetic transaction or committed-quote event; not an observed public closing price
US_INDUSTRIAL_10.0Y,2025-12-01,SYNTHETIC_COMMITTED_QUOTE,RPO-US_INDUSTRIAL_10.0Y-014,True,SYNTHETIC_RFET_EVIDENCE,Synthetic transaction or committed-quote event; not an observed public closing price
US_INDUSTRIAL_10.0Y,2025-12-11,SYNTHETIC_COMMITTED_QUOTE,RPO-US_INDUSTRIAL_10.0Y-015,True,SYNTHETIC_RFET_EVIDENCE,Synthetic transaction or committed-quote event; not an observed public closing price
US_INDUSTRIAL_10.0Y,2025-12-23,SYNTHETIC_COMMITTED_QUOTE,RPO-US_INDUSTRIAL_10.0Y-016,True,SYNTHETIC_RFET_EVIDENCE,Synthetic transaction or committed-quote event; not an observed public closing price
US_INDUSTRIAL_10.0Y,2026-01-05,SYNTHETIC_COMMITTED_QUOTE,RPO-US_INDUSTRIAL_10.0Y-017,True,SYNTHETIC_RFET_EVIDENCE,Synthetic transaction or committed-quote event; not an observed public closing price
US_INDUSTRIAL_10.0Y,2026-01-15,SYNTHETIC_COMMITTED_QUOTE,RPO-US_INDUSTRIAL_10.0Y-018,True,SYNTHETIC_RFET_EVIDENCE,Synthetic transaction or committed-quote event; not an observed public closing price
US_INDUSTRIAL_10.0Y,2026-01-27,SYNTHETIC_COMMITTED_QUOTE,RPO-US_INDUSTRIAL_10.0Y-019,True,SYNTHETIC_RFET_EVIDENCE,Synthetic transaction or committed-quote event; not an observed public closing price
US_INDUSTRIAL_10.0Y,2026-02-09,SYNTHETIC_COMMITTED_QUOTE,RPO-US_INDUSTRIAL_10.0Y-020,True,SYNTHETIC_RFET_EVIDENCE,Synthetic transaction or committed-quote event; not an observed public closing price
US_INDUSTRIAL_10.0Y,2026-02-19,SYNTHETIC_COMMITTED_QUOTE,RPO-US_INDUSTRIAL_10.0Y-021,True,SYNTHETIC_RFET_EVIDENCE,Synthetic transaction or committed-quote event; not an observed public closing price
US_INDUSTRIAL_10.0Y,2026-03-04,SYNTHETIC_COMMITTED_QUOTE,RPO-US_INDUSTRIAL_10.0Y-022,True,SYNTHETIC_RFET_EVIDENCE,Synthetic transaction or committed-quote event; not an observed public closing price
US_INDUSTRIAL_10.0Y,2026-03-16,SYNTHETIC_COMMITTED_QUOTE,RPO-US_INDUSTRIAL_10.0Y-023,True,SYNTHETIC_RFET_EVIDENCE,Synthetic transaction or committed-quote event; not an observed public closing price
US_INDUSTRIAL_10.0Y,2026-03-26,SYNTHETIC_COMMITTED_QUOTE,RPO-US_INDUSTRIAL_10.0Y-024,True,SYNTHETIC_RFET_EVIDENCE,Synthetic transaction or committed-quote event; not an observed public closing price
US_INDUSTRIAL_10.0Y,2026-04-08,SYNTHETIC_COMMITTED_QUOTE,RPO-US_INDUSTRIAL_10.0Y-025,True,SYNTHETIC_RFET_EVIDENCE,Synthetic transaction or committed-quote event; not an observed public closing price
US_INDUSTRIAL_10.0Y,2026-04-20,SYNTHETIC_COMMITTED_QUOTE,RPO-US_INDUSTRIAL_10.0Y-026,True,SYNTHETIC_RFET_EVIDENCE,Synthetic transaction or committed-quote event; not an observed public closing price
US_INDUSTRIAL_10.0Y,2026-05-01,SYNTHETIC_COMMITTED_QUOTE,RPO-US_INDUSTRIAL_10.0Y-027,True,SYNTHETIC_RFET_EVIDENCE,Synthetic transaction or committed-quote event; not an observed public closing price
US_INDUSTRIAL_10.0Y,2026-05-13,SYNTHETIC_COMMITTED_QUOTE,RPO-US_INDUSTRIAL_10.0Y-028,True,SYNTHETIC_RFET_EVIDENCE,Synthetic transaction or committed-quote event; not an observed public closing price
US_INDUSTRIAL_10.0Y,2026-05-25,SYNTHETIC_COMMITTED_QUOTE,RPO-US_INDUSTRIAL_10.0Y-029,True,SYNTHETIC_RFET_EVIDENCE,Synthetic transaction or committed-quote event; not an observed public closing price
US_INDUSTRIAL_10.0Y,2026-06-05,SYNTHETIC_COMMITTED_QUOTE,RPO-US_INDUSTRIAL_10.0Y-030,True,SYNTHETIC_RFET_EVIDENCE,Synthetic transaction or committed-quote event; not an observed public closing price
US_INDUSTRIAL_10.0Y,2026-06-17,SYNTHETIC_COMMITTED_QUOTE,RPO-US_INDUSTRIAL_10.0Y-031,True,SYNTHETIC_RFET_EVIDENCE,Synthetic transaction or committed-quote event; not an observed public closing price
US_INDUSTRIAL_10.0Y,2026-06-30,SYNTHETIC_COMMITTED_QUOTE,RPO-US_INDUSTRIAL_10.0Y-032,True,SYNTHETIC_RFET_EVIDENCE,Synthetic transaction or committed-quote event; not an observed public closing price
US_INDUSTRIAL_5.0Y,2025-07-01,SYNTHETIC_COMMITTED_QUOTE,RPO-US_INDUSTRIAL_5.0Y-001,True,SYNTHETIC_RFET_EVIDENCE,Synthetic transaction or committed-quote event; not an observed public closing price
US_INDUSTRIAL_5.0Y,2025-07-11,SYNTHETIC_COMMITTED_QUOTE,RPO-US_INDUSTRIAL_5.0Y-002,True,SYNTHETIC_RFET_EVIDENCE,Synthetic transaction or committed-quote event; not an observed public closing price
US_INDUSTRIAL_5.0Y,2025-07-23,SYNTHETIC_COMMITTED_QUOTE,RPO-US_INDUSTRIAL_5.0Y-003,True,SYNTHETIC_RFET_EVIDENCE,Synthetic transaction or committed-quote event; not an observed public closing price
US_INDUSTRIAL_5.0Y,2025-08-05,SYNTHETIC_COMMITTED_QUOTE,RPO-US_INDUSTRIAL_5.0Y-004,True,SYNTHETIC_RFET_EVIDENCE,Synthetic transaction or committed-quote event; not an observed public closing price
US_INDUSTRIAL_5.0Y,2025-08-15,SYNTHETIC_COMMITTED_QUOTE,RPO-US_INDUSTRIAL_5.0Y-005,True,SYNTHETIC_RFET_EVIDENCE,Synthetic transaction or committed-quote event; not an observed public closing price
US_INDUSTRIAL_5.0Y,2025-08-27,SYNTHETIC_COMMITTED_QUOTE,RPO-US_INDUSTRIAL_5.0Y-006,True,SYNTHETIC_RFET_EVIDENCE,Synthetic transaction or committed-quote event; not an observed public closing price
US_INDUSTRIAL_5.0Y,2025-09-09,SYNTHETIC_COMMITTED_QUOTE,RPO-US_INDUSTRIAL_5.0Y-007,True,SYNTHETIC_RFET_EVIDENCE,Synthetic transaction or committed-quote event; not an observed public closing price
US_INDUSTRIAL_5.0Y,2025-09-19,SYNTHETIC_COMMITTED_QUOTE,RPO-US_INDUSTRIAL_5.0Y-008,True,SYNTHETIC_RFET_EVIDENCE,Synthetic transaction or committed-quote event; not an observed public closing price
US_INDUSTRIAL_5.0Y,2025-10-02,SYNTHETIC_COMMITTED_QUOTE,RPO-US_INDUSTRIAL_5.0Y-009,True,SYNTHETIC_RFET_EVIDENCE,Synthetic transaction or committed-quote event; not an observed public closing price
US_INDUSTRIAL_5.0Y,2025-10-14,SYNTHETIC_COMMITTED_QUOTE,RPO-US_INDUSTRIAL_5.0Y-010,True,SYNTHETIC_RFET_EVIDENCE,Synthetic transaction or committed-quote event; not an observed public closing price
US_INDUSTRIAL_5.0Y,2025-10-24,SYNTHETIC_COMMITTED_QUOTE,RPO-US_INDUSTRIAL_5.0Y-011,True,SYNTHETIC_RFET_EVIDENCE,Synthetic transaction or committed-quote event; not an observed public closing price
US_INDUSTRIAL_5.0Y,2025-11-06,SYNTHETIC_COMMITTED_QUOTE,RPO-US_INDUSTRIAL_5.0Y-012,True,SYNTHETIC_RFET_EVIDENCE,Synthetic transaction or committed-quote event; not an observed public closing price
US_INDUSTRIAL_5.0Y,2025-11-18,SYNTHETIC_COMMITTED_QUOTE,RPO-US_INDUSTRIAL_5.0Y-013,True,SYNTHETIC_RFET_EVIDENCE,Synthetic transaction or committed-quote event; not an observed public closing price
US_INDUSTRIAL_5.0Y,2025-12-01,SYNTHETIC_COMMITTED_QUOTE,RPO-US_INDUSTRIAL_5.0Y-014,True,SYNTHETIC_RFET_EVIDENCE,Synthetic transaction or committed-quote event; not an observed public closing price
US_INDUSTRIAL_5.0Y,2025-12-11,SYNTHETIC_COMMITTED_QUOTE,RPO-US_INDUSTRIAL_5.0Y-015,True,SYNTHETIC_RFET_EVIDENCE,Synthetic transaction or committed-quote event; not an observed public closing price
US_INDUSTRIAL_5.0Y,2025-12-23,SYNTHETIC_COMMITTED_QUOTE,RPO-US_INDUSTRIAL_5.0Y-016,True,SYNTHETIC_RFET_EVIDENCE,Synthetic transaction or committed-quote event; not an observed public closing price
US_INDUSTRIAL_5.0Y,2026-01-05,SYNTHETIC_COMMITTED_QUOTE,RPO-US_INDUSTRIAL_5.0Y-017,True,SYNTHETIC_RFET_EVIDENCE,Synthetic transaction or committed-quote event; not an observed public closing price
US_INDUSTRIAL_5.0Y,2026-01-15,SYNTHETIC_COMMITTED_QUOTE,RPO-US_INDUSTRIAL_5.0Y-018,True,SYNTHETIC_RFET_EVIDENCE,Synthetic transaction or committed-quote event; not an observed public closing price
US_INDUSTRIAL_5.0Y,2026-01-27,SYNTHETIC_COMMITTED_QUOTE,RPO-US_INDUSTRIAL_5.0Y-019,True,SYNTHETIC_RFET_EVIDENCE,Synthetic transaction or committed-quote event; not an observed public closing price
US_INDUSTRIAL_5.0Y,2026-02-09,SYNTHETIC_COMMITTED_QUOTE,RPO-US_INDUSTRIAL_5.0Y-020,True,SYNTHETIC_RFET_EVIDENCE,Synthetic transaction or committed-quote event; not an observed public closing price
US_INDUSTRIAL_5.0Y,2026-02-19,SYNTHETIC_COMMITTED_QUOTE,RPO-US_INDUSTRIAL_5.0Y-021,True,SYNTHETIC_RFET_EVIDENCE,Synthetic transaction or committed-quote event; not an observed public closing price
US_INDUSTRIAL_5.0Y,2026-03-04,SYNTHETIC_COMMITTED_QUOTE,RPO-US_INDUSTRIAL_5.0Y-022,True,SYNTHETIC_RFET_EVIDENCE,Synthetic transaction or committed-quote event; not an observed public closing price
US_INDUSTRIAL_5.0Y,2026-03-16,SYNTHETIC_COMMITTED_QUOTE,RPO-US_INDUSTRIAL_5.0Y-023,True,SYNTHETIC_RFET_EVIDENCE,Synthetic transaction or committed-quote event; not an observed public closing price
US_INDUSTRIAL_5.0Y,2026-03-26,SYNTHETIC_COMMITTED_QUOTE,RPO-US_INDUSTRIAL_5.0Y-024,True,SYNTHETIC_RFET_EVIDENCE,Synthetic transaction or committed-quote event; not an observed public closing price
US_INDUSTRIAL_5.0Y,2026-04-08,SYNTHETIC_COMMITTED_QUOTE,RPO-US_INDUSTRIAL_5.0Y-025,True,SYNTHETIC_RFET_EVIDENCE,Synthetic transaction or committed-quote event; not an observed public closing price
US_INDUSTRIAL_5.0Y,2026-04-20,SYNTHETIC_COMMITTED_QUOTE,RPO-US_INDUSTRIAL_5.0Y-026,True,SYNTHETIC_RFET_EVIDENCE,Synthetic transaction or committed-quote event; not an observed public closing price
US_INDUSTRIAL_5.0Y,2026-05-01,SYNTHETIC_COMMITTED_QUOTE,RPO-US_INDUSTRIAL_5.0Y-027,True,SYNTHETIC_RFET_EVIDENCE,Synthetic transaction or committed-quote event; not an observed public closing price
US_INDUSTRIAL_5.0Y,2026-05-13,SYNTHETIC_COMMITTED_QUOTE,RPO-US_INDUSTRIAL_5.0Y-028,True,SYNTHETIC_RFET_EVIDENCE,Synthetic transaction or committed-quote event; not an observed public closing price
US_INDUSTRIAL_5.0Y,2026-05-25,SYNTHETIC_COMMITTED_QUOTE,RPO-US_INDUSTRIAL_5.0Y-029,True,SYNTHETIC_RFET_EVIDENCE,Synthetic transaction or committed-quote event; not an observed public closing price
US_INDUSTRIAL_5.0Y,2026-06-05,SYNTHETIC_COMMITTED_QUOTE,RPO-US_INDUSTRIAL_5.0Y-030,True,SYNTHETIC_RFET_EVIDENCE,Synthetic transaction or committed-quote event; not an observed public closing price
US_INDUSTRIAL_5.0Y,2026-06-17,SYNTHETIC_COMMITTED_QUOTE,RPO-US_INDUSTRIAL_5.0Y-031,True,SYNTHETIC_RFET_EVIDENCE,Synthetic transaction or committed-quote event; not an observed public closing price
US_INDUSTRIAL_5.0Y,2026-06-30,SYNTHETIC_COMMITTED_QUOTE,RPO-US_INDUSTRIAL_5.0Y-032,True,SYNTHETIC_RFET_EVIDENCE,Synthetic transaction or committed-quote event; not an observed public closing price
US_INDUSTRIAL_VOL_1.0Y,2025-07-01,SYNTHETIC_COMMITTED_QUOTE,RPO-US_INDUSTRIAL_VOL_1.0Y-001,True,SYNTHETIC_RFET_EVIDENCE,Synthetic transaction or committed-quote event; not an observed public closing price
US_INDUSTRIAL_VOL_1.0Y,2025-07-11,SYNTHETIC_COMMITTED_QUOTE,RPO-US_INDUSTRIAL_VOL_1.0Y-002,True,SYNTHETIC_RFET_EVIDENCE,Synthetic transaction or committed-quote event; not an observed public closing price
US_INDUSTRIAL_VOL_1.0Y,2025-07-23,SYNTHETIC_COMMITTED_QUOTE,RPO-US_INDUSTRIAL_VOL_1.0Y-003,True,SYNTHETIC_RFET_EVIDENCE,Synthetic transaction or committed-quote event; not an observed public closing price
US_INDUSTRIAL_VOL_1.0Y,2025-08-05,SYNTHETIC_COMMITTED_QUOTE,RPO-US_INDUSTRIAL_VOL_1.0Y-004,True,SYNTHETIC_RFET_EVIDENCE,Synthetic transaction or committed-quote event; not an observed public closing price
US_INDUSTRIAL_VOL_1.0Y,2025-08-15,SYNTHETIC_COMMITTED_QUOTE,RPO-US_INDUSTRIAL_VOL_1.0Y-005,True,SYNTHETIC_RFET_EVIDENCE,Synthetic transaction or committed-quote event; not an observed public closing price
US_INDUSTRIAL_VOL_1.0Y,2025-08-27,SYNTHETIC_COMMITTED_QUOTE,RPO-US_INDUSTRIAL_VOL_1.0Y-006,True,SYNTHETIC_RFET_EVIDENCE,Synthetic transaction or committed-quote event; not an observed public closing price
US_INDUSTRIAL_VOL_1.0Y,2025-09-09,SYNTHETIC_COMMITTED_QUOTE,RPO-US_INDUSTRIAL_VOL_1.0Y-007,True,SYNTHETIC_RFET_EVIDENCE,Synthetic transaction or committed-quote event; not an observed public closing price
US_INDUSTRIAL_VOL_1.0Y,2025-09-19,SYNTHETIC_COMMITTED_QUOTE,RPO-US_INDUSTRIAL_VOL_1.0Y-008,True,SYNTHETIC_RFET_EVIDENCE,Synthetic transaction or committed-quote event; not an observed public closing price
US_INDUSTRIAL_VOL_1.0Y,2025-10-02,SYNTHETIC_COMMITTED_QUOTE,RPO-US_INDUSTRIAL_VOL_1.0Y-009,True,SYNTHETIC_RFET_EVIDENCE,Synthetic transaction or committed-quote event; not an observed public closing price
US_INDUSTRIAL_VOL_1.0Y,2025-10-14,SYNTHETIC_COMMITTED_QUOTE,RPO-US_INDUSTRIAL_VOL_1.0Y-010,True,SYNTHETIC_RFET_EVIDENCE,Synthetic transaction or committed-quote event; not an observed public closing price
US_INDUSTRIAL_VOL_1.0Y,2025-10-24,SYNTHETIC_COMMITTED_QUOTE,RPO-US_INDUSTRIAL_VOL_1.0Y-011,True,SYNTHETIC_RFET_EVIDENCE,Synthetic transaction or committed-quote event; not an observed public closing price
US_INDUSTRIAL_VOL_1.0Y,2025-11-06,SYNTHETIC_COMMITTED_QUOTE,RPO-US_INDUSTRIAL_VOL_1.0Y-012,True,SYNTHETIC_RFET_EVIDENCE,Synthetic transaction or committed-quote event; not an observed public closing price
US_INDUSTRIAL_VOL_1.0Y,2025-11-18,SYNTHETIC_COMMITTED_QUOTE,RPO-US_INDUSTRIAL_VOL_1.0Y-013,True,SYNTHETIC_RFET_EVIDENCE,Synthetic transaction or committed-quote event; not an observed public closing price
US_INDUSTRIAL_VOL_1.0Y,2025-12-01,SYNTHETIC_COMMITTED_QUOTE,RPO-US_INDUSTRIAL_VOL_1.0Y-014,True,SYNTHETIC_RFET_EVIDENCE,Synthetic transaction or committed-quote event; not an observed public closing price
US_INDUSTRIAL_VOL_1.0Y,2025-12-11,SYNTHETIC_COMMITTED_QUOTE,RPO-US_INDUSTRIAL_VOL_1.0Y-015,True,SYNTHETIC_RFET_EVIDENCE,Synthetic transaction or committed-quote event; not an observed public closing price
US_INDUSTRIAL_VOL_1.0Y,2025-12-23,SYNTHETIC_COMMITTED_QUOTE,RPO-US_INDUSTRIAL_VOL_1.0Y-016,True,SYNTHETIC_RFET_EVIDENCE,Synthetic transaction or committed-quote event; not an observed public closing price
US_INDUSTRIAL_VOL_1.0Y,2026-01-05,SYNTHETIC_COMMITTED_QUOTE,RPO-US_INDUSTRIAL_VOL_1.0Y-017,True,SYNTHETIC_RFET_EVIDENCE,Synthetic transaction or committed-quote event; not an observed public closing price
US_INDUSTRIAL_VOL_1.0Y,2026-01-15,SYNTHETIC_COMMITTED_QUOTE,RPO-US_INDUSTRIAL_VOL_1.0Y-018,True,SYNTHETIC_RFET_EVIDENCE,Synthetic transaction or committed-quote event; not an observed public closing price
US_INDUSTRIAL_VOL_1.0Y,2026-01-27,SYNTHETIC_COMMITTED_QUOTE,RPO-US_INDUSTRIAL_VOL_1.0Y-019,True,SYNTHETIC_RFET_EVIDENCE,Synthetic transaction or committed-quote event; not an observed public closing price
US_INDUSTRIAL_VOL_1.0Y,2026-02-09,SYNTHETIC_COMMITTED_QUOTE,RPO-US_INDUSTRIAL_VOL_1.0Y-020,True,SYNTHETIC_RFET_EVIDENCE,Synthetic transaction or committed-quote event; not an observed public closing price
US_INDUSTRIAL_VOL_1.0Y,2026-02-19,SYNTHETIC_COMMITTED_QUOTE,RPO-US_INDUSTRIAL_VOL_1.0Y-021,True,SYNTHETIC_RFET_EVIDENCE,Synthetic transaction or committed-quote event; not an observed public closing price
US_INDUSTRIAL_VOL_1.0Y,2026-03-04,SYNTHETIC_COMMITTED_QUOTE,RPO-US_INDUSTRIAL_VOL_1.0Y-022,True,SYNTHETIC_RFET_EVIDENCE,Synthetic transaction or committed-quote event; not an observed public closing price
US_INDUSTRIAL_VOL_1.0Y,2026-03-16,SYNTHETIC_COMMITTED_QUOTE,RPO-US_INDUSTRIAL_VOL_1.0Y-023,True,SYNTHETIC_RFET_EVIDENCE,Synthetic transaction or committed-quote event; not an observed public closing price
US_INDUSTRIAL_VOL_1.0Y,2026-03-26,SYNTHETIC_COMMITTED_QUOTE,RPO-US_INDUSTRIAL_VOL_1.0Y-024,True,SYNTHETIC_RFET_EVIDENCE,Synthetic transaction or committed-quote event; not an observed public closing price
US_INDUSTRIAL_VOL_1.0Y,2026-04-08,SYNTHETIC_COMMITTED_QUOTE,RPO-US_INDUSTRIAL_VOL_1.0Y-025,True,SYNTHETIC_RFET_EVIDENCE,Synthetic transaction or committed-quote event; not an observed public closing price
US_INDUSTRIAL_VOL_1.0Y,2026-04-20,SYNTHETIC_COMMITTED_QUOTE,RPO-US_INDUSTRIAL_VOL_1.0Y-026,True,SYNTHETIC_RFET_EVIDENCE,Synthetic transaction or committed-quote event; not an observed public closing price
US_INDUSTRIAL_VOL_1.0Y,2026-05-01,SYNTHETIC_COMMITTED_QUOTE,RPO-US_INDUSTRIAL_VOL_1.0Y-027,True,SYNTHETIC_RFET_EVIDENCE,Synthetic transaction or committed-quote event; not an observed public closing price
US_INDUSTRIAL_VOL_1.0Y,2026-05-13,SYNTHETIC_COMMITTED_QUOTE,RPO-US_INDUSTRIAL_VOL_1.0Y-028,True,SYNTHETIC_RFET_EVIDENCE,Synthetic transaction or committed-quote event; not an observed public closing price
US_INDUSTRIAL_VOL_1.0Y,2026-05-25,SYNTHETIC_COMMITTED_QUOTE,RPO-US_INDUSTRIAL_VOL_1.0Y-029,True,SYNTHETIC_RFET_EVIDENCE,Synthetic transaction or committed-quote event; not an observed public closing price
US_INDUSTRIAL_VOL_1.0Y,2026-06-05,SYNTHETIC_COMMITTED_QUOTE,RPO-US_INDUSTRIAL_VOL_1.0Y-030,True,SYNTHETIC_RFET_EVIDENCE,Synthetic transaction or committed-quote event; not an observed public closing price
US_INDUSTRIAL_VOL_1.0Y,2026-06-17,SYNTHETIC_COMMITTED_QUOTE,RPO-US_INDUSTRIAL_VOL_1.0Y-031,True,SYNTHETIC_RFET_EVIDENCE,Synthetic transaction or committed-quote event; not an observed public closing price
US_INDUSTRIAL_VOL_1.0Y,2026-06-30,SYNTHETIC_COMMITTED_QUOTE,RPO-US_INDUSTRIAL_VOL_1.0Y-032,True,SYNTHETIC_RFET_EVIDENCE,Synthetic transaction or committed-quote event; not an observed public closing price
US_RETAIL_5.0Y,2025-07-01,SYNTHETIC_COMMITTED_QUOTE,RPO-US_RETAIL_5.0Y-001,True,SYNTHETIC_RFET_EVIDENCE,Synthetic transaction or committed-quote event; not an observed public closing price
US_RETAIL_5.0Y,2025-07-11,SYNTHETIC_COMMITTED_QUOTE,RPO-US_RETAIL_5.0Y-002,True,SYNTHETIC_RFET_EVIDENCE,Synthetic transaction or committed-quote event; not an observed public closing price
US_RETAIL_5.0Y,2025-07-23,SYNTHETIC_COMMITTED_QUOTE,RPO-US_RETAIL_5.0Y-003,True,SYNTHETIC_RFET_EVIDENCE,Synthetic transaction or committed-quote event; not an observed public closing price
US_RETAIL_5.0Y,2025-08-05,SYNTHETIC_COMMITTED_QUOTE,RPO-US_RETAIL_5.0Y-004,True,SYNTHETIC_RFET_EVIDENCE,Synthetic transaction or committed-quote event; not an observed public closing price
US_RETAIL_5.0Y,2025-08-15,SYNTHETIC_COMMITTED_QUOTE,RPO-US_RETAIL_5.0Y-005,True,SYNTHETIC_RFET_EVIDENCE,Synthetic transaction or committed-quote event; not an observed public closing price
US_RETAIL_5.0Y,2025-08-27,SYNTHETIC_COMMITTED_QUOTE,RPO-US_RETAIL_5.0Y-006,True,SYNTHETIC_RFET_EVIDENCE,Synthetic transaction or committed-quote event; not an observed public closing price
US_RETAIL_5.0Y,2025-09-09,SYNTHETIC_COMMITTED_QUOTE,RPO-US_RETAIL_5.0Y-007,True,SYNTHETIC_RFET_EVIDENCE,Synthetic transaction or committed-quote event; not an observed public closing price
US_RETAIL_5.0Y,2025-09-19,SYNTHETIC_COMMITTED_QUOTE,RPO-US_RETAIL_5.0Y-008,True,SYNTHETIC_RFET_EVIDENCE,Synthetic transaction or committed-quote event; not an observed public closing price
US_RETAIL_5.0Y,2025-10-02,SYNTHETIC_COMMITTED_QUOTE,RPO-US_RETAIL_5.0Y-009,True,SYNTHETIC_RFET_EVIDENCE,Synthetic transaction or committed-quote event; not an observed public closing price
US_RETAIL_5.0Y,2025-10-14,SYNTHETIC_COMMITTED_QUOTE,RPO-US_RETAIL_5.0Y-010,True,SYNTHETIC_RFET_EVIDENCE,Synthetic transaction or committed-quote event; not an observed public closing price
US_RETAIL_5.0Y,2025-10-24,SYNTHETIC_COMMITTED_QUOTE,RPO-US_RETAIL_5.0Y-011,True,SYNTHETIC_RFET_EVIDENCE,Synthetic transaction or committed-quote event; not an observed public closing price
US_RETAIL_5.0Y,2025-11-06,SYNTHETIC_COMMITTED_QUOTE,RPO-US_RETAIL_5.0Y-012,True,SYNTHETIC_RFET_EVIDENCE,Synthetic transaction or committed-quote event; not an observed public closing price
US_RETAIL_5.0Y,2025-11-18,SYNTHETIC_COMMITTED_QUOTE,RPO-US_RETAIL_5.0Y-013,True,SYNTHETIC_RFET_EVIDENCE,Synthetic transaction or committed-quote event; not an observed public closing price
US_RETAIL_5.0Y,2025-12-01,SYNTHETIC_COMMITTED_QUOTE,RPO-US_RETAIL_5.0Y-014,True,SYNTHETIC_RFET_EVIDENCE,Synthetic transaction or committed-quote event; not an observed public closing price
US_RETAIL_5.0Y,2025-12-11,SYNTHETIC_COMMITTED_QUOTE,RPO-US_RETAIL_5.0Y-015,True,SYNTHETIC_RFET_EVIDENCE,Synthetic transaction or committed-quote event; not an observed public closing price
US_RETAIL_5.0Y,2025-12-23,SYNTHETIC_COMMITTED_QUOTE,RPO-US_RETAIL_5.0Y-016,True,SYNTHETIC_RFET_EVIDENCE,Synthetic transaction or committed-quote event; not an observed public closing price
US_RETAIL_5.0Y,2026-01-05,SYNTHETIC_COMMITTED_QUOTE,RPO-US_RETAIL_5.0Y-017,True,SYNTHETIC_RFET_EVIDENCE,Synthetic transaction or committed-quote event; not an observed public closing price
US_RETAIL_5.0Y,2026-01-15,SYNTHETIC_COMMITTED_QUOTE,RPO-US_RETAIL_5.0Y-018,True,SYNTHETIC_RFET_EVIDENCE,Synthetic transaction or committed-quote event; not an observed public closing price
US_RETAIL_5.0Y,2026-01-27,SYNTHETIC_COMMITTED_QUOTE,RPO-US_RETAIL_5.0Y-019,True,SYNTHETIC_RFET_EVIDENCE,Synthetic transaction or committed-quote event; not an observed public closing price
US_RETAIL_5.0Y,2026-02-09,SYNTHETIC_COMMITTED_QUOTE,RPO-US_RETAIL_5.0Y-020,True,SYNTHETIC_RFET_EVIDENCE,Synthetic transaction or committed-quote event; not an observed public closing price
US_RETAIL_5.0Y,2026-02-19,SYNTHETIC_COMMITTED_QUOTE,RPO-US_RETAIL_5.0Y-021,True,SYNTHETIC_RFET_EVIDENCE,Synthetic transaction or committed-quote event; not an observed public closing price
US_RETAIL_5.0Y,2026-03-04,SYNTHETIC_COMMITTED_QUOTE,RPO-US_RETAIL_5.0Y-022,True,SYNTHETIC_RFET_EVIDENCE,Synthetic transaction or committed-quote event; not an observed public closing price
US_RETAIL_5.0Y,2026-03-16,SYNTHETIC_COMMITTED_QUOTE,RPO-US_RETAIL_5.0Y-023,True,SYNTHETIC_RFET_EVIDENCE,Synthetic transaction or committed-quote event; not an observed public closing price
US_RETAIL_5.0Y,2026-03-26,SYNTHETIC_COMMITTED_QUOTE,RPO-US_RETAIL_5.0Y-024,True,SYNTHETIC_RFET_EVIDENCE,Synthetic transaction or committed-quote event; not an observed public closing price
US_RETAIL_5.0Y,2026-04-08,SYNTHETIC_COMMITTED_QUOTE,RPO-US_RETAIL_5.0Y-025,True,SYNTHETIC_RFET_EVIDENCE,Synthetic transaction or committed-quote event; not an observed public closing price
US_RETAIL_5.0Y,2026-04-20,SYNTHETIC_COMMITTED_QUOTE,RPO-US_RETAIL_5.0Y-026,True,SYNTHETIC_RFET_EVIDENCE,Synthetic transaction or committed-quote event; not an observed public closing price
US_RETAIL_5.0Y,2026-05-01,SYNTHETIC_COMMITTED_QUOTE,RPO-US_RETAIL_5.0Y-027,True,SYNTHETIC_RFET_EVIDENCE,Synthetic transaction or committed-quote event; not an observed public closing price
US_RETAIL_5.0Y,2026-05-13,SYNTHETIC_COMMITTED_QUOTE,RPO-US_RETAIL_5.0Y-028,True,SYNTHETIC_RFET_EVIDENCE,Synthetic transaction or committed-quote event; not an observed public closing price
US_RETAIL_5.0Y,2026-05-25,SYNTHETIC_COMMITTED_QUOTE,RPO-US_RETAIL_5.0Y-029,True,SYNTHETIC_RFET_EVIDENCE,Synthetic transaction or committed-quote event; not an observed public closing price
US_RETAIL_5.0Y,2026-06-05,SYNTHETIC_COMMITTED_QUOTE,RPO-US_RETAIL_5.0Y-030,True,SYNTHETIC_RFET_EVIDENCE,Synthetic transaction or committed-quote event; not an observed public closing price
US_RETAIL_5.0Y,2026-06-17,SYNTHETIC_COMMITTED_QUOTE,RPO-US_RETAIL_5.0Y-031,True,SYNTHETIC_RFET_EVIDENCE,Synthetic transaction or committed-quote event; not an observed public closing price
US_RETAIL_5.0Y,2026-06-30,SYNTHETIC_COMMITTED_QUOTE,RPO-US_RETAIL_5.0Y-032,True,SYNTHETIC_RFET_EVIDENCE,Synthetic transaction or committed-quote event; not an observed public closing price
WTI_0.5Y_GLOBAL,2025-07-01,SYNTHETIC_ARM_LENGTH_TRANSACTION,RPO-WTI_0.5Y_GLOBAL-001,True,SYNTHETIC_RFET_EVIDENCE,Synthetic transaction or committed-quote event; not an observed public closing price
WTI_0.5Y_GLOBAL,2025-07-03,SYNTHETIC_ARM_LENGTH_TRANSACTION,RPO-WTI_0.5Y_GLOBAL-002,True,SYNTHETIC_RFET_EVIDENCE,Synthetic transaction or committed-quote event; not an observed public closing price
WTI_0.5Y_GLOBAL,2025-07-07,SYNTHETIC_ARM_LENGTH_TRANSACTION,RPO-WTI_0.5Y_GLOBAL-003,True,SYNTHETIC_RFET_EVIDENCE,Synthetic transaction or committed-quote event; not an observed public closing price
WTI_0.5Y_GLOBAL,2025-07-09,SYNTHETIC_ARM_LENGTH_TRANSACTION,RPO-WTI_0.5Y_GLOBAL-004,True,SYNTHETIC_RFET_EVIDENCE,Synthetic transaction or committed-quote event; not an observed public closing price
WTI_0.5Y_GLOBAL,2025-07-11,SYNTHETIC_ARM_LENGTH_TRANSACTION,RPO-WTI_0.5Y_GLOBAL-005,True,SYNTHETIC_RFET_EVIDENCE,Synthetic transaction or committed-quote event; not an observed public closing price
WTI_0.5Y_GLOBAL,2025-07-16,SYNTHETIC_ARM_LENGTH_TRANSACTION,RPO-WTI_0.5Y_GLOBAL-006,True,SYNTHETIC_RFET_EVIDENCE,Synthetic transaction or committed-quote event; not an observed public closing price
WTI_0.5Y_GLOBAL,2025-07-18,SYNTHETIC_ARM_LENGTH_TRANSACTION,RPO-WTI_0.5Y_GLOBAL-007,True,SYNTHETIC_RFET_EVIDENCE,Synthetic transaction or committed-quote event; not an observed public closing price
WTI_0.5Y_GLOBAL,2025-07-22,SYNTHETIC_ARM_LENGTH_TRANSACTION,RPO-WTI_0.5Y_GLOBAL-008,True,SYNTHETIC_RFET_EVIDENCE,Synthetic transaction or committed-quote event; not an observed public closing price
WTI_0.5Y_GLOBAL,2025-07-24,SYNTHETIC_ARM_LENGTH_TRANSACTION,RPO-WTI_0.5Y_GLOBAL-009,True,SYNTHETIC_RFET_EVIDENCE,Synthetic transaction or committed-quote event; not an observed public closing price
WTI_0.5Y_GLOBAL,2025-07-29,SYNTHETIC_ARM_LENGTH_TRANSACTION,RPO-WTI_0.5Y_GLOBAL-010,True,SYNTHETIC_RFET_EVIDENCE,Synthetic transaction or committed-quote event; not an observed public closing price
WTI_0.5Y_GLOBAL,2025-07-31,SYNTHETIC_ARM_LENGTH_TRANSACTION,RPO-WTI_0.5Y_GLOBAL-011,True,SYNTHETIC_RFET_EVIDENCE,Synthetic transaction or committed-quote event; not an observed public closing price
WTI_0.5Y_GLOBAL,2025-08-04,SYNTHETIC_ARM_LENGTH_TRANSACTION,RPO-WTI_0.5Y_GLOBAL-012,True,SYNTHETIC_RFET_EVIDENCE,Synthetic transaction or committed-quote event; not an observed public closing price
WTI_0.5Y_GLOBAL,2025-08-06,SYNTHETIC_ARM_LENGTH_TRANSACTION,RPO-WTI_0.5Y_GLOBAL-013,True,SYNTHETIC_RFET_EVIDENCE,Synthetic transaction or committed-quote event; not an observed public closing price
WTI_0.5Y_GLOBAL,2025-08-08,SYNTHETIC_ARM_LENGTH_TRANSACTION,RPO-WTI_0.5Y_GLOBAL-014,True,SYNTHETIC_RFET_EVIDENCE,Synthetic transaction or committed-quote event; not an observed public closing price
WTI_0.5Y_GLOBAL,2025-08-13,SYNTHETIC_ARM_LENGTH_TRANSACTION,RPO-WTI_0.5Y_GLOBAL-015,True,SYNTHETIC_RFET_EVIDENCE,Synthetic transaction or committed-quote event; not an observed public closing price
WTI_0.5Y_GLOBAL,2025-08-15,SYNTHETIC_ARM_LENGTH_TRANSACTION,RPO-WTI_0.5Y_GLOBAL-016,True,SYNTHETIC_RFET_EVIDENCE,Synthetic transaction or committed-quote event; not an observed public closing price
WTI_0.5Y_GLOBAL,2025-08-19,SYNTHETIC_ARM_LENGTH_TRANSACTION,RPO-WTI_0.5Y_GLOBAL-017,True,SYNTHETIC_RFET_EVIDENCE,Synthetic transaction or committed-quote event; not an observed public closing price
WTI_0.5Y_GLOBAL,2025-08-21,SYNTHETIC_ARM_LENGTH_TRANSACTION,RPO-WTI_0.5Y_GLOBAL-018,True,SYNTHETIC_RFET_EVIDENCE,Synthetic transaction or committed-quote event; not an observed public closing price
WTI_0.5Y_GLOBAL,2025-08-26,SYNTHETIC_ARM_LENGTH_TRANSACTION,RPO-WTI_0.5Y_GLOBAL-019,True,SYNTHETIC_RFET_EVIDENCE,Synthetic transaction or committed-quote event; not an observed public closing price
WTI_0.5Y_GLOBAL,2025-08-28,SYNTHETIC_ARM_LENGTH_TRANSACTION,RPO-WTI_0.5Y_GLOBAL-020,True,SYNTHETIC_RFET_EVIDENCE,Synthetic transaction or committed-quote event; not an observed public closing price
WTI_0.5Y_GLOBAL,2025-09-01,SYNTHETIC_ARM_LENGTH_TRANSACTION,RPO-WTI_0.5Y_GLOBAL-021,True,SYNTHETIC_RFET_EVIDENCE,Synthetic transaction or committed-quote event; not an observed public closing price
WTI_0.5Y_GLOBAL,2025-09-03,SYNTHETIC_ARM_LENGTH_TRANSACTION,RPO-WTI_0.5Y_GLOBAL-022,True,SYNTHETIC_RFET_EVIDENCE,Synthetic transaction or committed-quote event; not an observed public closing price
WTI_0.5Y_GLOBAL,2025-09-05,SYNTHETIC_ARM_LENGTH_TRANSACTION,RPO-WTI_0.5Y_GLOBAL-023,True,SYNTHETIC_RFET_EVIDENCE,Synthetic transaction or committed-quote event; not an observed public closing price
WTI_0.5Y_GLOBAL,2025-09-10,SYNTHETIC_ARM_LENGTH_TRANSACTION,RPO-WTI_0.5Y_GLOBAL-024,True,SYNTHETIC_RFET_EVIDENCE,Synthetic transaction or committed-quote event; not an observed public closing price
WTI_0.5Y_GLOBAL,2025-09-12,SYNTHETIC_ARM_LENGTH_TRANSACTION,RPO-WTI_0.5Y_GLOBAL-025,True,SYNTHETIC_RFET_EVIDENCE,Synthetic transaction or committed-quote event; not an observed public closing price
WTI_0.5Y_GLOBAL,2025-09-16,SYNTHETIC_ARM_LENGTH_TRANSACTION,RPO-WTI_0.5Y_GLOBAL-026,True,SYNTHETIC_RFET_EVIDENCE,Synthetic transaction or committed-quote event; not an observed public closing price
WTI_0.5Y_GLOBAL,2025-09-18,SYNTHETIC_ARM_LENGTH_TRANSACTION,RPO-WTI_0.5Y_GLOBAL-027,True,SYNTHETIC_RFET_EVIDENCE,Synthetic transaction or committed-quote event; not an observed public closing price
WTI_0.5Y_GLOBAL,2025-09-23,SYNTHETIC_ARM_LENGTH_TRANSACTION,RPO-WTI_0.5Y_GLOBAL-028,True,SYNTHETIC_RFET_EVIDENCE,Synthetic transaction or committed-quote event; not an observed public closing price
WTI_0.5Y_GLOBAL,2025-09-25,SYNTHETIC_ARM_LENGTH_TRANSACTION,RPO-WTI_0.5Y_GLOBAL-029,True,SYNTHETIC_RFET_EVIDENCE,Synthetic transaction or committed-quote event; not an observed public closing price
WTI_0.5Y_GLOBAL,2025-09-29,SYNTHETIC_ARM_LENGTH_TRANSACTION,RPO-WTI_0.5Y_GLOBAL-030,True,SYNTHETIC_RFET_EVIDENCE,Synthetic transaction or committed-quote event; not an observed public closing price
WTI_0.5Y_GLOBAL,2025-10-01,SYNTHETIC_ARM_LENGTH_TRANSACTION,RPO-WTI_0.5Y_GLOBAL-031,True,SYNTHETIC_RFET_EVIDENCE,Synthetic transaction or committed-quote event; not an observed public closing price
WTI_0.5Y_GLOBAL,2025-10-03,SYNTHETIC_ARM_LENGTH_TRANSACTION,RPO-WTI_0.5Y_GLOBAL-032,True,SYNTHETIC_RFET_EVIDENCE,Synthetic transaction or committed-quote event; not an observed public closing price
WTI_0.5Y_GLOBAL,2025-10-08,SYNTHETIC_ARM_LENGTH_TRANSACTION,RPO-WTI_0.5Y_GLOBAL-033,True,SYNTHETIC_RFET_EVIDENCE,Synthetic transaction or committed-quote event; not an observed public closing price
WTI_0.5Y_GLOBAL,2025-10-10,SYNTHETIC_ARM_LENGTH_TRANSACTION,RPO-WTI_0.5Y_GLOBAL-034,True,SYNTHETIC_RFET_EVIDENCE,Synthetic transaction or committed-quote event; not an observed public closing price
WTI_0.5Y_GLOBAL,2025-10-14,SYNTHETIC_ARM_LENGTH_TRANSACTION,RPO-WTI_0.5Y_GLOBAL-035,True,SYNTHETIC_RFET_EVIDENCE,Synthetic transaction or committed-quote event; not an observed public closing price
WTI_0.5Y_GLOBAL,2025-10-16,SYNTHETIC_ARM_LENGTH_TRANSACTION,RPO-WTI_0.5Y_GLOBAL-036,True,SYNTHETIC_RFET_EVIDENCE,Synthetic transaction or committed-quote event; not an observed public closing price
WTI_0.5Y_GLOBAL,2025-10-21,SYNTHETIC_ARM_LENGTH_TRANSACTION,RPO-WTI_0.5Y_GLOBAL-037,True,SYNTHETIC_RFET_EVIDENCE,Synthetic transaction or committed-quote event; not an observed public closing price
WTI_0.5Y_GLOBAL,2025-10-23,SYNTHETIC_ARM_LENGTH_TRANSACTION,RPO-WTI_0.5Y_GLOBAL-038,True,SYNTHETIC_RFET_EVIDENCE,Synthetic transaction or committed-quote event; not an observed public closing price
WTI_0.5Y_GLOBAL,2025-10-27,SYNTHETIC_ARM_LENGTH_TRANSACTION,RPO-WTI_0.5Y_GLOBAL-039,True,SYNTHETIC_RFET_EVIDENCE,Synthetic transaction or committed-quote event; not an observed public closing price
WTI_0.5Y_GLOBAL,2025-10-29,SYNTHETIC_ARM_LENGTH_TRANSACTION,RPO-WTI_0.5Y_GLOBAL-040,True,SYNTHETIC_RFET_EVIDENCE,Synthetic transaction or committed-quote event; not an observed public closing price
WTI_0.5Y_GLOBAL,2025-10-31,SYNTHETIC_ARM_LENGTH_TRANSACTION,RPO-WTI_0.5Y_GLOBAL-041,True,SYNTHETIC_RFET_EVIDENCE,Synthetic transaction or committed-quote event; not an observed public closing price
WTI_0.5Y_GLOBAL,2025-11-05,SYNTHETIC_ARM_LENGTH_TRANSACTION,RPO-WTI_0.5Y_GLOBAL-042,True,SYNTHETIC_RFET_EVIDENCE,Synthetic transaction or committed-quote event; not an observed public closing price
WTI_0.5Y_GLOBAL,2025-11-07,SYNTHETIC_ARM_LENGTH_TRANSACTION,RPO-WTI_0.5Y_GLOBAL-043,True,SYNTHETIC_RFET_EVIDENCE,Synthetic transaction or committed-quote event; not an observed public closing price
WTI_0.5Y_GLOBAL,2025-11-11,SYNTHETIC_ARM_LENGTH_TRANSACTION,RPO-WTI_0.5Y_GLOBAL-044,True,SYNTHETIC_RFET_EVIDENCE,Synthetic transaction or committed-quote event; not an observed public closing price
WTI_0.5Y_GLOBAL,2025-11-13,SYNTHETIC_ARM_LENGTH_TRANSACTION,RPO-WTI_0.5Y_GLOBAL-045,True,SYNTHETIC_RFET_EVIDENCE,Synthetic transaction or committed-quote event; not an observed public closing price
WTI_0.5Y_GLOBAL,2025-11-18,SYNTHETIC_ARM_LENGTH_TRANSACTION,RPO-WTI_0.5Y_GLOBAL-046,True,SYNTHETIC_RFET_EVIDENCE,Synthetic transaction or committed-quote event; not an observed public closing price
WTI_0.5Y_GLOBAL,2025-11-20,SYNTHETIC_ARM_LENGTH_TRANSACTION,RPO-WTI_0.5Y_GLOBAL-047,True,SYNTHETIC_RFET_EVIDENCE,Synthetic transaction or committed-quote event; not an observed public closing price
WTI_0.5Y_GLOBAL,2025-11-24,SYNTHETIC_ARM_LENGTH_TRANSACTION,RPO-WTI_0.5Y_GLOBAL-048,True,SYNTHETIC_RFET_EVIDENCE,Synthetic transaction or committed-quote event; not an observed public closing price
WTI_0.5Y_GLOBAL,2025-11-26,SYNTHETIC_ARM_LENGTH_TRANSACTION,RPO-WTI_0.5Y_GLOBAL-049,True,SYNTHETIC_RFET_EVIDENCE,Synthetic transaction or committed-quote event; not an observed public closing price
WTI_0.5Y_GLOBAL,2025-11-28,SYNTHETIC_ARM_LENGTH_TRANSACTION,RPO-WTI_0.5Y_GLOBAL-050,True,SYNTHETIC_RFET_EVIDENCE,Synthetic transaction or committed-quote event; not an observed public closing price
WTI_0.5Y_GLOBAL,2025-12-03,SYNTHETIC_ARM_LENGTH_TRANSACTION,RPO-WTI_0.5Y_GLOBAL-051,True,SYNTHETIC_RFET_EVIDENCE,Synthetic transaction or committed-quote event; not an observed public closing price
WTI_0.5Y_GLOBAL,2025-12-05,SYNTHETIC_ARM_LENGTH_TRANSACTION,RPO-WTI_0.5Y_GLOBAL-052,True,SYNTHETIC_RFET_EVIDENCE,Synthetic transaction or committed-quote event; not an observed public closing price
WTI_0.5Y_GLOBAL,2025-12-09,SYNTHETIC_ARM_LENGTH_TRANSACTION,RPO-WTI_0.5Y_GLOBAL-053,True,SYNTHETIC_RFET_EVIDENCE,Synthetic transaction or committed-quote event; not an observed public closing price
WTI_0.5Y_GLOBAL,2025-12-11,SYNTHETIC_ARM_LENGTH_TRANSACTION,RPO-WTI_0.5Y_GLOBAL-054,True,SYNTHETIC_RFET_EVIDENCE,Synthetic transaction or committed-quote event; not an observed public closing price
WTI_0.5Y_GLOBAL,2025-12-16,SYNTHETIC_ARM_LENGTH_TRANSACTION,RPO-WTI_0.5Y_GLOBAL-055,True,SYNTHETIC_RFET_EVIDENCE,Synthetic transaction or committed-quote event; not an observed public closing price
WTI_0.5Y_GLOBAL,2025-12-18,SYNTHETIC_ARM_LENGTH_TRANSACTION,RPO-WTI_0.5Y_GLOBAL-056,True,SYNTHETIC_RFET_EVIDENCE,Synthetic transaction or committed-quote event; not an observed public closing price
WTI_0.5Y_GLOBAL,2025-12-22,SYNTHETIC_ARM_LENGTH_TRANSACTION,RPO-WTI_0.5Y_GLOBAL-057,True,SYNTHETIC_RFET_EVIDENCE,Synthetic transaction or committed-quote event; not an observed public closing price
WTI_0.5Y_GLOBAL,2025-12-24,SYNTHETIC_ARM_LENGTH_TRANSACTION,RPO-WTI_0.5Y_GLOBAL-058,True,SYNTHETIC_RFET_EVIDENCE,Synthetic transaction or committed-quote event; not an observed public closing price
WTI_0.5Y_GLOBAL,2025-12-26,SYNTHETIC_ARM_LENGTH_TRANSACTION,RPO-WTI_0.5Y_GLOBAL-059,True,SYNTHETIC_RFET_EVIDENCE,Synthetic transaction or committed-quote event; not an observed public closing price
WTI_0.5Y_GLOBAL,2025-12-31,SYNTHETIC_ARM_LENGTH_TRANSACTION,RPO-WTI_0.5Y_GLOBAL-060,True,SYNTHETIC_RFET_EVIDENCE,Synthetic transaction or committed-quote event; not an observed public closing price
WTI_0.5Y_GLOBAL,2026-01-02,SYNTHETIC_ARM_LENGTH_TRANSACTION,RPO-WTI_0.5Y_GLOBAL-061,True,SYNTHETIC_RFET_EVIDENCE,Synthetic transaction or committed-quote event; not an observed public closing price
WTI_0.5Y_GLOBAL,2026-01-06,SYNTHETIC_ARM_LENGTH_TRANSACTION,RPO-WTI_0.5Y_GLOBAL-062,True,SYNTHETIC_RFET_EVIDENCE,Synthetic transaction or committed-quote event; not an observed public closing price
WTI_0.5Y_GLOBAL,2026-01-08,SYNTHETIC_ARM_LENGTH_TRANSACTION,RPO-WTI_0.5Y_GLOBAL-063,True,SYNTHETIC_RFET_EVIDENCE,Synthetic transaction or committed-quote event; not an observed public closing price
WTI_0.5Y_GLOBAL,2026-01-13,SYNTHETIC_ARM_LENGTH_TRANSACTION,RPO-WTI_0.5Y_GLOBAL-064,True,SYNTHETIC_RFET_EVIDENCE,Synthetic transaction or committed-quote event; not an observed public closing price
WTI_0.5Y_GLOBAL,2026-01-15,SYNTHETIC_ARM_LENGTH_TRANSACTION,RPO-WTI_0.5Y_GLOBAL-065,True,SYNTHETIC_RFET_EVIDENCE,Synthetic transaction or committed-quote event; not an observed public closing price
WTI_0.5Y_GLOBAL,2026-01-19,SYNTHETIC_ARM_LENGTH_TRANSACTION,RPO-WTI_0.5Y_GLOBAL-066,True,SYNTHETIC_RFET_EVIDENCE,Synthetic transaction or committed-quote event; not an observed public closing price
WTI_0.5Y_GLOBAL,2026-01-21,SYNTHETIC_ARM_LENGTH_TRANSACTION,RPO-WTI_0.5Y_GLOBAL-067,True,SYNTHETIC_RFET_EVIDENCE,Synthetic transaction or committed-quote event; not an observed public closing price
WTI_0.5Y_GLOBAL,2026-01-23,SYNTHETIC_ARM_LENGTH_TRANSACTION,RPO-WTI_0.5Y_GLOBAL-068,True,SYNTHETIC_RFET_EVIDENCE,Synthetic transaction or committed-quote event; not an observed public closing price
WTI_0.5Y_GLOBAL,2026-01-28,SYNTHETIC_ARM_LENGTH_TRANSACTION,RPO-WTI_0.5Y_GLOBAL-069,True,SYNTHETIC_RFET_EVIDENCE,Synthetic transaction or committed-quote event; not an observed public closing price
WTI_0.5Y_GLOBAL,2026-01-30,SYNTHETIC_ARM_LENGTH_TRANSACTION,RPO-WTI_0.5Y_GLOBAL-070,True,SYNTHETIC_RFET_EVIDENCE,Synthetic transaction or committed-quote event; not an observed public closing price
WTI_0.5Y_GLOBAL,2026-02-03,SYNTHETIC_ARM_LENGTH_TRANSACTION,RPO-WTI_0.5Y_GLOBAL-071,True,SYNTHETIC_RFET_EVIDENCE,Synthetic transaction or committed-quote event; not an observed public closing price
WTI_0.5Y_GLOBAL,2026-02-05,SYNTHETIC_ARM_LENGTH_TRANSACTION,RPO-WTI_0.5Y_GLOBAL-072,True,SYNTHETIC_RFET_EVIDENCE,Synthetic transaction or committed-quote event; not an observed public closing price
WTI_0.5Y_GLOBAL,2026-02-10,SYNTHETIC_ARM_LENGTH_TRANSACTION,RPO-WTI_0.5Y_GLOBAL-073,True,SYNTHETIC_RFET_EVIDENCE,Synthetic transaction or committed-quote event; not an observed public closing price
WTI_0.5Y_GLOBAL,2026-02-12,SYNTHETIC_ARM_LENGTH_TRANSACTION,RPO-WTI_0.5Y_GLOBAL-074,True,SYNTHETIC_RFET_EVIDENCE,Synthetic transaction or committed-quote event; not an observed public closing price
WTI_0.5Y_GLOBAL,2026-02-16,SYNTHETIC_ARM_LENGTH_TRANSACTION,RPO-WTI_0.5Y_GLOBAL-075,True,SYNTHETIC_RFET_EVIDENCE,Synthetic transaction or committed-quote event; not an observed public closing price
WTI_0.5Y_GLOBAL,2026-02-18,SYNTHETIC_ARM_LENGTH_TRANSACTION,RPO-WTI_0.5Y_GLOBAL-076,True,SYNTHETIC_RFET_EVIDENCE,Synthetic transaction or committed-quote event; not an observed public closing price
WTI_0.5Y_GLOBAL,2026-02-20,SYNTHETIC_ARM_LENGTH_TRANSACTION,RPO-WTI_0.5Y_GLOBAL-077,True,SYNTHETIC_RFET_EVIDENCE,Synthetic transaction or committed-quote event; not an observed public closing price
WTI_0.5Y_GLOBAL,2026-02-25,SYNTHETIC_ARM_LENGTH_TRANSACTION,RPO-WTI_0.5Y_GLOBAL-078,True,SYNTHETIC_RFET_EVIDENCE,Synthetic transaction or committed-quote event; not an observed public closing price
WTI_0.5Y_GLOBAL,2026-02-27,SYNTHETIC_ARM_LENGTH_TRANSACTION,RPO-WTI_0.5Y_GLOBAL-079,True,SYNTHETIC_RFET_EVIDENCE,Synthetic transaction or committed-quote event; not an observed public closing price
WTI_0.5Y_GLOBAL,2026-03-03,SYNTHETIC_ARM_LENGTH_TRANSACTION,RPO-WTI_0.5Y_GLOBAL-080,True,SYNTHETIC_RFET_EVIDENCE,Synthetic transaction or committed-quote event; not an observed public closing price
WTI_0.5Y_GLOBAL,2026-03-05,SYNTHETIC_ARM_LENGTH_TRANSACTION,RPO-WTI_0.5Y_GLOBAL-081,True,SYNTHETIC_RFET_EVIDENCE,Synthetic transaction or committed-quote event; not an observed public closing price
WTI_0.5Y_GLOBAL,2026-03-10,SYNTHETIC_ARM_LENGTH_TRANSACTION,RPO-WTI_0.5Y_GLOBAL-082,True,SYNTHETIC_RFET_EVIDENCE,Synthetic transaction or committed-quote event; not an observed public closing price
WTI_0.5Y_GLOBAL,2026-03-12,SYNTHETIC_ARM_LENGTH_TRANSACTION,RPO-WTI_0.5Y_GLOBAL-083,True,SYNTHETIC_RFET_EVIDENCE,Synthetic transaction or committed-quote event; not an observed public closing price
WTI_0.5Y_GLOBAL,2026-03-16,SYNTHETIC_ARM_LENGTH_TRANSACTION,RPO-WTI_0.5Y_GLOBAL-084,True,SYNTHETIC_RFET_EVIDENCE,Synthetic transaction or committed-quote event; not an observed public closing price
WTI_0.5Y_GLOBAL,2026-03-18,SYNTHETIC_ARM_LENGTH_TRANSACTION,RPO-WTI_0.5Y_GLOBAL-085,True,SYNTHETIC_RFET_EVIDENCE,Synthetic transaction or committed-quote event; not an observed public closing price
WTI_0.5Y_GLOBAL,2026-03-20,SYNTHETIC_ARM_LENGTH_TRANSACTION,RPO-WTI_0.5Y_GLOBAL-086,True,SYNTHETIC_RFET_EVIDENCE,Synthetic transaction or committed-quote event; not an observed public closing price
WTI_0.5Y_GLOBAL,2026-03-25,SYNTHETIC_ARM_LENGTH_TRANSACTION,RPO-WTI_0.5Y_GLOBAL-087,True,SYNTHETIC_RFET_EVIDENCE,Synthetic transaction or committed-quote event; not an observed public closing price
WTI_0.5Y_GLOBAL,2026-03-27,SYNTHETIC_ARM_LENGTH_TRANSACTION,RPO-WTI_0.5Y_GLOBAL-088,True,SYNTHETIC_RFET_EVIDENCE,Synthetic transaction or committed-quote event; not an observed public closing price
WTI_0.5Y_GLOBAL,2026-03-31,SYNTHETIC_ARM_LENGTH_TRANSACTION,RPO-WTI_0.5Y_GLOBAL-089,True,SYNTHETIC_RFET_EVIDENCE,Synthetic transaction or committed-quote event; not an observed public closing price
WTI_0.5Y_GLOBAL,2026-04-02,SYNTHETIC_ARM_LENGTH_TRANSACTION,RPO-WTI_0.5Y_GLOBAL-090,True,SYNTHETIC_RFET_EVIDENCE,Synthetic transaction or committed-quote event; not an observed public closing price
WTI_0.5Y_GLOBAL,2026-04-07,SYNTHETIC_ARM_LENGTH_TRANSACTION,RPO-WTI_0.5Y_GLOBAL-091,True,SYNTHETIC_RFET_EVIDENCE,Synthetic transaction or committed-quote event; not an observed public closing price
WTI_0.5Y_GLOBAL,2026-04-09,SYNTHETIC_ARM_LENGTH_TRANSACTION,RPO-WTI_0.5Y_GLOBAL-092,True,SYNTHETIC_RFET_EVIDENCE,Synthetic transaction or committed-quote event; not an observed public closing price
WTI_0.5Y_GLOBAL,2026-04-13,SYNTHETIC_ARM_LENGTH_TRANSACTION,RPO-WTI_0.5Y_GLOBAL-093,True,SYNTHETIC_RFET_EVIDENCE,Synthetic transaction or committed-quote event; not an observed public closing price
WTI_0.5Y_GLOBAL,2026-04-15,SYNTHETIC_ARM_LENGTH_TRANSACTION,RPO-WTI_0.5Y_GLOBAL-094,True,SYNTHETIC_RFET_EVIDENCE,Synthetic transaction or committed-quote event; not an observed public closing price
WTI_0.5Y_GLOBAL,2026-04-17,SYNTHETIC_ARM_LENGTH_TRANSACTION,RPO-WTI_0.5Y_GLOBAL-095,True,SYNTHETIC_RFET_EVIDENCE,Synthetic transaction or committed-quote event; not an observed public closing price
WTI_0.5Y_GLOBAL,2026-04-22,SYNTHETIC_ARM_LENGTH_TRANSACTION,RPO-WTI_0.5Y_GLOBAL-096,True,SYNTHETIC_RFET_EVIDENCE,Synthetic transaction or committed-quote event; not an observed public closing price
WTI_0.5Y_GLOBAL,2026-04-24,SYNTHETIC_ARM_LENGTH_TRANSACTION,RPO-WTI_0.5Y_GLOBAL-097,True,SYNTHETIC_RFET_EVIDENCE,Synthetic transaction or committed-quote event; not an observed public closing price
WTI_0.5Y_GLOBAL,2026-04-28,SYNTHETIC_ARM_LENGTH_TRANSACTION,RPO-WTI_0.5Y_GLOBAL-098,True,SYNTHETIC_RFET_EVIDENCE,Synthetic transaction or committed-quote event; not an observed public closing price
WTI_0.5Y_GLOBAL,2026-04-30,SYNTHETIC_ARM_LENGTH_TRANSACTION,RPO-WTI_0.5Y_GLOBAL-099,True,SYNTHETIC_RFET_EVIDENCE,Synthetic transaction or committed-quote event; not an observed public closing price
WTI_0.5Y_GLOBAL,2026-05-05,SYNTHETIC_ARM_LENGTH_TRANSACTION,RPO-WTI_0.5Y_GLOBAL-100,True,SYNTHETIC_RFET_EVIDENCE,Synthetic transaction or committed-quote event; not an observed public closing price
WTI_0.5Y_GLOBAL,2026-05-07,SYNTHETIC_ARM_LENGTH_TRANSACTION,RPO-WTI_0.5Y_GLOBAL-101,True,SYNTHETIC_RFET_EVIDENCE,Synthetic transaction or committed-quote event; not an observed public closing price
WTI_0.5Y_GLOBAL,2026-05-11,SYNTHETIC_ARM_LENGTH_TRANSACTION,RPO-WTI_0.5Y_GLOBAL-102,True,SYNTHETIC_RFET_EVIDENCE,Synthetic transaction or committed-quote event; not an observed public closing price
WTI_0.5Y_GLOBAL,2026-05-13,SYNTHETIC_ARM_LENGTH_TRANSACTION,RPO-WTI_0.5Y_GLOBAL-103,True,SYNTHETIC_RFET_EVIDENCE,Synthetic transaction or committed-quote event; not an observed public closing price
WTI_0.5Y_GLOBAL,2026-05-15,SYNTHETIC_ARM_LENGTH_TRANSACTION,RPO-WTI_0.5Y_GLOBAL-104,True,SYNTHETIC_RFET_EVIDENCE,Synthetic transaction or committed-quote event; not an observed public closing price
WTI_0.5Y_GLOBAL,2026-05-20,SYNTHETIC_ARM_LENGTH_TRANSACTION,RPO-WTI_0.5Y_GLOBAL-105,True,SYNTHETIC_RFET_EVIDENCE,Synthetic transaction or committed-quote event; not an observed public closing price
WTI_0.5Y_GLOBAL,2026-05-22,SYNTHETIC_ARM_LENGTH_TRANSACTION,RPO-WTI_0.5Y_GLOBAL-106,True,SYNTHETIC_RFET_EVIDENCE,Synthetic transaction or committed-quote event; not an observed public closing price
WTI_0.5Y_GLOBAL,2026-05-26,SYNTHETIC_ARM_LENGTH_TRANSACTION,RPO-WTI_0.5Y_GLOBAL-107,True,SYNTHETIC_RFET_EVIDENCE,Synthetic transaction or committed-quote event; not an observed public closing price
WTI_0.5Y_GLOBAL,2026-05-28,SYNTHETIC_ARM_LENGTH_TRANSACTION,RPO-WTI_0.5Y_GLOBAL-108,True,SYNTHETIC_RFET_EVIDENCE,Synthetic transaction or committed-quote event; not an observed public closing price
WTI_0.5Y_GLOBAL,2026-06-02,SYNTHETIC_ARM_LENGTH_TRANSACTION,RPO-WTI_0.5Y_GLOBAL-109,True,SYNTHETIC_RFET_EVIDENCE,Synthetic transaction or committed-quote event; not an observed public closing price
WTI_0.5Y_GLOBAL,2026-06-04,SYNTHETIC_ARM_LENGTH_TRANSACTION,RPO-WTI_0.5Y_GLOBAL-110,True,SYNTHETIC_RFET_EVIDENCE,Synthetic transaction or committed-quote event; not an observed public closing price
WTI_0.5Y_GLOBAL,2026-06-08,SYNTHETIC_ARM_LENGTH_TRANSACTION,RPO-WTI_0.5Y_GLOBAL-111,True,SYNTHETIC_RFET_EVIDENCE,Synthetic transaction or committed-quote event; not an observed public closing price
WTI_0.5Y_GLOBAL,2026-06-10,SYNTHETIC_ARM_LENGTH_TRANSACTION,RPO-WTI_0.5Y_GLOBAL-112,True,SYNTHETIC_RFET_EVIDENCE,Synthetic transaction or committed-quote event; not an observed public closing price
WTI_0.5Y_GLOBAL,2026-06-12,SYNTHETIC_ARM_LENGTH_TRANSACTION,RPO-WTI_0.5Y_GLOBAL-113,True,SYNTHETIC_RFET_EVIDENCE,Synthetic transaction or committed-quote event; not an observed public closing price
WTI_0.5Y_GLOBAL,2026-06-17,SYNTHETIC_ARM_LENGTH_TRANSACTION,RPO-WTI_0.5Y_GLOBAL-114,True,SYNTHETIC_RFET_EVIDENCE,Synthetic transaction or committed-quote event; not an observed public closing price
WTI_0.5Y_GLOBAL,2026-06-19,SYNTHETIC_ARM_LENGTH_TRANSACTION,RPO-WTI_0.5Y_GLOBAL-115,True,SYNTHETIC_RFET_EVIDENCE,Synthetic transaction or committed-quote event; not an observed public closing price
WTI_0.5Y_GLOBAL,2026-06-23,SYNTHETIC_ARM_LENGTH_TRANSACTION,RPO-WTI_0.5Y_GLOBAL-116,True,SYNTHETIC_RFET_EVIDENCE,Synthetic transaction or committed-quote event; not an observed public closing price
WTI_0.5Y_GLOBAL,2026-06-25,SYNTHETIC_ARM_LENGTH_TRANSACTION,RPO-WTI_0.5Y_GLOBAL-117,True,SYNTHETIC_RFET_EVIDENCE,Synthetic transaction or committed-quote event; not an observed public closing price
WTI_0.5Y_GLOBAL,2026-06-30,SYNTHETIC_ARM_LENGTH_TRANSACTION,RPO-WTI_0.5Y_GLOBAL-118,True,SYNTHETIC_RFET_EVIDENCE,Synthetic transaction or committed-quote event; not an observed public closing price
